campaign_id,campaign_name,channel,objective,device,country,audience,date,spend,impressions,clicks,conversions,revenue
CMP-1040,Organic_Signup_Push_4,Organic,Conversion,Mobile,United States,Lookalike,2024-02-25,0.0,2318,59,1,85.29
CMP-1040,Organic_Signup_Push_4,Organic,Conversion,Mobile,United States,Lookalike,2024-02-26,0.0,3243,140,4,188.71
CMP-1040,Organic_Signup_Push_4,Organic,Conversion,Mobile,United States,Lookalike,2024-02-27,0.0,1620,62,1,52.3
CMP-1040,Organic_Signup_Push_4,Organic,Conversion,Mobile,United States,Lookalike,2024-02-28,0.0,2402,76,2,155.34
CMP-1040,Organic_Signup_Push_4,Organic,Conversion,Mobile,United States,Lookalike,2024-02-29,0.0,1340,38,1,83.81
CMP-1040,Organic_Signup_Push_4,Organic,Conversion,Mobile,United States,Lookalike,2024-03-01,0.0,2323,82,1,73.5
CMP-1040,Organic_Signup_Push_4,Organic,Conversion,Mobile,United States,Lookalike,2024-03-02,0.0,1728,65,2,204.22
CMP-1040,Organic_Signup_Push_4,Organic,Conversion,Mobile,United States,Lookalike,2024-03-03,0.0,3090,60,1,86.65
CMP-1040,Organic_Signup_Push_4,Organic,Conversion,Mobile,United States,Lookalike,2024-03-04,0.0,2866,101,2,152.82
CMP-1001,GoogleAds_Sale_Drive_1,Google Ads,Conversion,Mobile,Canada,Retargeting,2024-03-05,140.27,4147,108,12,989.23
CMP-1040,Organic_Signup_Push_4,Organic,Conversion,Mobile,United States,Lookalike,2024-03-05,0.0,3260,122,3,299.89
CMP-1001,GoogleAds_Sale_Drive_1,Google Ads,Conversion,Mobile,Canada,Retargeting,2024-03-06,318.28,6627,292,25,2827.62
CMP-1040,Organic_Signup_Push_4,Organic,Conversion,Mobile,United States,Lookalike,2024-03-06,0.0,2321,31,1,102.54
CMP-1008,Facebook_Traffic_Push_2,Facebook,Consideration,Mobile,Canada,Retargeting,2024-03-07,242.72,8685,289,14,1177.55
CMP-1001,GoogleAds_Sale_Drive_1,Google Ads,Conversion,Mobile,Canada,Retargeting,2024-03-07,271.47,5933,208,21,1713.75
CMP-1040,Organic_Signup_Push_4,Organic,Conversion,Mobile,United States,Lookalike,2024-03-07,0.0,1937,65,2,174.76
CMP-1008,Facebook_Traffic_Push_2,Facebook,Consideration,Mobile,Canada,Retargeting,2024-03-08,115.46,8454,106,5,535.79
CMP-1001,GoogleAds_Sale_Drive_1,Google Ads,Conversion,Mobile,Canada,Retargeting,2024-03-08,124.92,2976,142,17,1384.78
CMP-1040,Organic_Signup_Push_4,Organic,Conversion,Mobile,United States,Lookalike,2024-03-08,0.0,1916,72,3,206.51
CMP-1008,Facebook_Traffic_Push_2,Facebook,Consideration,Mobile,Canada,Retargeting,2024-03-09,72.06,6136,72,4,264.53
CMP-1001,GoogleAds_Sale_Drive_1,Google Ads,Conversion,Mobile,Canada,Retargeting,2024-03-09,161.45,3230,141,18,1817.3
CMP-1040,Organic_Signup_Push_4,Organic,Conversion,Mobile,United States,Lookalike,2024-03-09,0.0,2495,92,3,216.23
CMP-1008,Facebook_Traffic_Push_2,Facebook,Consideration,Mobile,Canada,Retargeting,2024-03-10,188.74,7632,157,5,450.31
CMP-1001,GoogleAds_Sale_Drive_1,Google Ads,Conversion,Mobile,Canada,Retargeting,2024-03-10,137.58,2083,112,10,1046.34
CMP-1040,Organic_Signup_Push_4,Organic,Conversion,Mobile,United States,Lookalike,2024-03-10,0.0,3399,131,5,295.83
CMP-1008,Facebook_Traffic_Push_2,Facebook,Consideration,Mobile,Canada,Retargeting,2024-03-11,100.55,6046,155,1,80.92
CMP-1001,GoogleAds_Sale_Drive_1,Google Ads,Conversion,Mobile,Canada,Retargeting,2024-03-11,168.9,3260,142,18,1789.57
CMP-1040,Organic_Signup_Push_4,Organic,Conversion,Mobile,United States,Lookalike,2024-03-11,0.0,2868,85,1,79.39
CMP-1008,Facebook_Traffic_Push_2,Facebook,Consideration,Mobile,Canada,Retargeting,2024-03-12,106.34,6814,125,2,111.88
CMP-1001,GoogleAds_Sale_Drive_1,Google Ads,Conversion,Mobile,Canada,Retargeting,2024-03-12,130.49,4242,95,9,576.78
CMP-1040,Organic_Signup_Push_4,Organic,Conversion,Mobile,United States,Lookalike,2024-03-12,0.0,2356,56,1,64.88
CMP-1008,Facebook_Traffic_Push_2,Facebook,Consideration,Mobile,Canada,Retargeting,2024-03-13,158.19,9273,193,10,888.21
CMP-1001,GoogleAds_Sale_Drive_1,Google Ads,Conversion,Mobile,Canada,Retargeting,2024-03-13,240.62,5206,188,14,1412.74
CMP-1040,Organic_Signup_Push_4,Organic,Conversion,Mobile,United States,Lookalike,2024-03-13,0.0,2477,44,1,75.26
CMP-1008,Facebook_Traffic_Push_2,Facebook,Consideration,Mobile,Canada,Retargeting,2024-03-14,46.53,9082,80,3,287.39
CMP-1001,GoogleAds_Sale_Drive_1,Google Ads,Conversion,Mobile,Canada,Retargeting,2024-03-14,109.18,3110,81,6,449.23
CMP-1040,Organic_Signup_Push_4,Organic,Conversion,Mobile,United States,Lookalike,2024-03-14,0.0,2580,106,4,335.01
CMP-1008,Facebook_Traffic_Push_2,Facebook,Consideration,Mobile,Canada,Retargeting,2024-03-15,82.64,5370,78,2,131.93
CMP-1001,GoogleAds_Sale_Drive_1,Google Ads,Conversion,Mobile,Canada,Retargeting,2024-03-15,108.42,3191,102,6,575.38
CMP-1040,Organic_Signup_Push_4,Organic,Conversion,Mobile,United States,Lookalike,2024-03-15,0.0,3917,148,6,308.61
CMP-1008,Facebook_Traffic_Push_2,Facebook,Consideration,Mobile,Canada,Retargeting,2024-03-16,54.39,5060,64,4,311.5
CMP-1001,GoogleAds_Sale_Drive_1,Google Ads,Conversion,Mobile,Canada,Retargeting,2024-03-16,100.51,1416,72,5,342.11
CMP-1040,Organic_Signup_Push_4,Organic,Conversion,Mobile,United States,Lookalike,2024-03-16,0.0,3062,127,4,247.21
CMP-1008,Facebook_Traffic_Push_2,Facebook,Consideration,Mobile,Canada,Retargeting,2024-03-17,58.52,6796,58,3,161.33
CMP-1001,GoogleAds_Sale_Drive_1,Google Ads,Conversion,Mobile,Canada,Retargeting,2024-03-17,221.59,3351,143,12,1192.69
CMP-1040,Organic_Signup_Push_4,Organic,Conversion,Mobile,United States,Lookalike,2024-03-17,0.0,2492,66,2,145.4
CMP-1008,Facebook_Traffic_Push_2,Facebook,Consideration,Mobile,Canada,Retargeting,2024-03-18,252.83,10786,200,8,482.61
CMP-1001,GoogleAds_Sale_Drive_1,Google Ads,Conversion,Mobile,Canada,Retargeting,2024-03-18,83.31,2749,83,9,707.78
CMP-1040,Organic_Signup_Push_4,Organic,Conversion,Mobile,United States,Lookalike,2024-03-18,0.0,2671,103,5,396.22
CMP-1008,Facebook_Traffic_Push_2,Facebook,Consideration,Mobile,Canada,Retargeting,2024-03-19,20.08,3502,24,1,92.71
CMP-1011,Facebook_Sale_Drive_5,Facebook,Conversion,Mobile,India,New,2024-03-19,45.69,4732,113,4,175.06
CMP-1001,GoogleAds_Sale_Drive_1,Google Ads,Conversion,Mobile,Canada,Retargeting,2024-03-19,92.92,3326,91,13,919.87
CMP-1040,Organic_Signup_Push_4,Organic,Conversion,Mobile,United States,Lookalike,2024-03-19,0.0,2795,56,2,145.78
CMP-1008,Facebook_Traffic_Push_2,Facebook,Consideration,Mobile,Canada,Retargeting,2024-03-20,74.36,7890,90,3,214.35
CMP-1011,Facebook_Sale_Drive_5,Facebook,Conversion,Mobile,India,New,2024-03-20,15.36,5047,53,2,142.6
CMP-1001,GoogleAds_Sale_Drive_1,Google Ads,Conversion,Mobile,Canada,Retargeting,2024-03-20,162.19,2950,109,6,622.93
CMP-1040,Organic_Signup_Push_4,Organic,Conversion,Mobile,United States,Lookalike,2024-03-20,0.0,2921,74,2,152.21
CMP-1008,Facebook_Traffic_Push_2,Facebook,Consideration,Mobile,Canada,Retargeting,2024-03-21,63.78,4581,70,3,187.3
CMP-1011,Facebook_Sale_Drive_5,Facebook,Conversion,Mobile,India,New,2024-03-21,59.18,5418,169,5,443.42
CMP-1001,GoogleAds_Sale_Drive_1,Google Ads,Conversion,Mobile,Canada,Retargeting,2024-03-21,113.23,3798,97,10,960.02
CMP-1040,Organic_Signup_Push_4,Organic,Conversion,Mobile,United States,Lookalike,2024-03-21,0.0,2331,77,2,139.66
CMP-1008,Facebook_Traffic_Push_2,Facebook,Consideration,Mobile,Canada,Retargeting,2024-03-22,88.03,6065,84,5,406.11
CMP-1011,Facebook_Sale_Drive_5,Facebook,Conversion,Mobile,India,New,2024-03-22,13.05,3951,55,2,146.09
CMP-1001,GoogleAds_Sale_Drive_1,Google Ads,Conversion,Mobile,Canada,Retargeting,2024-03-22,91.64,1996,61,4,327.33
CMP-1040,Organic_Signup_Push_4,Organic,Conversion,Mobile,United States,Lookalike,2024-03-22,0.0,2051,77,2,118.26
CMP-1008,Facebook_Traffic_Push_2,Facebook,Consideration,Mobile,Canada,Retargeting,2024-03-23,95.59,5944,119,5,353.33
CMP-1011,Facebook_Sale_Drive_5,Facebook,Conversion,Mobile,India,New,2024-03-23,70.57,6005,177,5,446.24
CMP-1001,GoogleAds_Sale_Drive_1,Google Ads,Conversion,Mobile,Canada,Retargeting,2024-03-23,92.51,2080,83,9,1044.28
CMP-1040,Organic_Signup_Push_4,Organic,Conversion,Mobile,United States,Lookalike,2024-03-23,0.0,2944,135,4,289.2
CMP-1008,Facebook_Traffic_Push_2,Facebook,Consideration,Mobile,Canada,Retargeting,2024-03-24,90.42,5843,114,5,356.95
CMP-1011,Facebook_Sale_Drive_5,Facebook,Conversion,Mobile,India,New,2024-03-24,36.97,3977,106,5,400.44
CMP-1001,GoogleAds_Sale_Drive_1,Google Ads,Conversion,Mobile,Canada,Retargeting,2024-03-24,400.96,5586,265,24,2032.87
CMP-1040,Organic_Signup_Push_4,Organic,Conversion,Mobile,United States,Lookalike,2024-03-24,0.0,2353,71,1,76.93
CMP-1008,Facebook_Traffic_Push_2,Facebook,Consideration,Mobile,Canada,Retargeting,2024-03-25,149.32,6266,141,7,618.66
CMP-1011,Facebook_Sale_Drive_5,Facebook,Conversion,Mobile,India,New,2024-03-25,28.49,4203,101,4,384.34
CMP-1001,GoogleAds_Sale_Drive_1,Google Ads,Conversion,Mobile,Canada,Retargeting,2024-03-25,130.92,2505,106,5,462.66
CMP-1040,Organic_Signup_Push_4,Organic,Conversion,Mobile,United States,Lookalike,2024-03-25,0.0,3217,81,2,151.06
CMP-1008,Facebook_Traffic_Push_2,Facebook,Consideration,Mobile,Canada,Retargeting,2024-03-26,152.34,7348,160,4,246.76
CMP-1011,Facebook_Sale_Drive_5,Facebook,Conversion,Mobile,India,New,2024-03-26,38.74,5394,85,3,221.57
CMP-1001,GoogleAds_Sale_Drive_1,Google Ads,Conversion,Mobile,Canada,Retargeting,2024-03-26,54.25,2712,43,5,482.27
CMP-1040,Organic_Signup_Push_4,Organic,Conversion,Mobile,United States,Lookalike,2024-03-26,0.0,3670,91,2,163.22
CMP-1008,Facebook_Traffic_Push_2,Facebook,Consideration,Mobile,Canada,Retargeting,2024-03-27,84.43,6263,148,7,457.02
CMP-1011,Facebook_Sale_Drive_5,Facebook,Conversion,Mobile,India,New,2024-03-27,15.01,2379,51,2,169.13
CMP-1001,GoogleAds_Sale_Drive_1,Google Ads,Conversion,Mobile,Canada,Retargeting,2024-03-27,357.91,5890,233,18,1471.29
CMP-1040,Organic_Signup_Push_4,Organic,Conversion,Mobile,United States,Lookalike,2024-03-27,0.0,2938,78,3,258.1
CMP-1008,Facebook_Traffic_Push_2,Facebook,Consideration,Mobile,Canada,Retargeting,2024-03-28,55.26,4408,79,3,240.49
CMP-1011,Facebook_Sale_Drive_5,Facebook,Conversion,Mobile,India,New,2024-03-28,29.23,3739,67,3,255.31
CMP-1001,GoogleAds_Sale_Drive_1,Google Ads,Conversion,Mobile,Canada,Retargeting,2024-03-28,298.72,7047,264,21,2095.84
CMP-1040,Organic_Signup_Push_4,Organic,Conversion,Mobile,United States,Lookalike,2024-03-28,0.0,2833,142,5,449.08
CMP-1008,Facebook_Traffic_Push_2,Facebook,Consideration,Mobile,Canada,Retargeting,2024-03-29,196.44,8893,174,2,183.22
CMP-1011,Facebook_Sale_Drive_5,Facebook,Conversion,Mobile,India,New,2024-03-29,42.23,6042,126,5,495.41
CMP-1001,GoogleAds_Sale_Drive_1,Google Ads,Conversion,Mobile,Canada,Retargeting,2024-03-29,108.06,2631,107,7,582.16
CMP-1040,Organic_Signup_Push_4,Organic,Conversion,Mobile,United States,Lookalike,2024-03-29,0.0,4680,179,3,212.63
CMP-1008,Facebook_Traffic_Push_2,Facebook,Consideration,Mobile,Canada,Retargeting,2024-03-30,156.75,7955,164,2,190.77
CMP-1011,Facebook_Sale_Drive_5,Facebook,Conversion,Mobile,India,New,2024-03-30,21.1,2257,43,1,54.04
CMP-1001,GoogleAds_Sale_Drive_1,Google Ads,Conversion,Mobile,Canada,Retargeting,2024-03-30,181.47,3151,163,13,1107.38
CMP-1040,Organic_Signup_Push_4,Organic,Conversion,Mobile,United States,Lookalike,2024-03-30,0.0,2461,101,4,229.23
CMP-1008,Facebook_Traffic_Push_2,Facebook,Consideration,Mobile,Canada,Retargeting,2024-03-31,117.41,8118,152,4,274.65
CMP-1011,Facebook_Sale_Drive_5,Facebook,Conversion,Mobile,India,New,2024-03-31,21.65,5598,50,1,71.56
CMP-1001,GoogleAds_Sale_Drive_1,Google Ads,Conversion,Mobile,Canada,Retargeting,2024-03-31,88.57,3843,68,7,801.96
CMP-1040,Organic_Signup_Push_4,Organic,Conversion,Mobile,United States,Lookalike,2024-03-31,0.0,1702,52,1,98.31
CMP-1008,Facebook_Traffic_Push_2,Facebook,Consideration,Mobile,Canada,Retargeting,2024-04-01,58.86,4252,68,3,273.48
CMP-1011,Facebook_Sale_Drive_5,Facebook,Conversion,Mobile,India,New,2024-04-01,57.55,6731,183,5,449.57
CMP-1001,GoogleAds_Sale_Drive_1,Google Ads,Conversion,Mobile,Canada,Retargeting,2024-04-01,159.04,5773,181,16,1196.29
CMP-1040,Organic_Signup_Push_4,Organic,Conversion,Mobile,United States,Lookalike,2024-04-01,0.0,2417,78,2,171.1
CMP-1008,Facebook_Traffic_Push_2,Facebook,Consideration,Mobile,Canada,Retargeting,2024-04-02,116.3,7931,130,5,334.95
CMP-1011,Facebook_Sale_Drive_5,Facebook,Conversion,Mobile,India,New,2024-04-02,27.89,4286,87,4,398.82
CMP-1001,GoogleAds_Sale_Drive_1,Google Ads,Conversion,Mobile,Canada,Retargeting,2024-04-02,160.96,2831,120,12,624.53
CMP-1040,Organic_Signup_Push_4,Organic,Conversion,Mobile,United States,Lookalike,2024-04-02,0.0,3609,137,2,132.51
CMP-1008,Facebook_Traffic_Push_2,Facebook,Consideration,Mobile,Canada,Retargeting,2024-04-03,122.01,8685,121,5,518.2
CMP-1011,Facebook_Sale_Drive_5,Facebook,Conversion,Mobile,India,New,2024-04-03,38.95,5146,92,3,244.11
CMP-1001,GoogleAds_Sale_Drive_1,Google Ads,Conversion,Mobile,Canada,Retargeting,2024-04-03,88.64,3634,81,8,949.42
CMP-1040,Organic_Signup_Push_4,Organic,Conversion,Mobile,United States,Lookalike,2024-04-03,0.0,1759,49,1,84.0
CMP-1008,Facebook_Traffic_Push_2,Facebook,Consideration,Mobile,Canada,Retargeting,2024-04-04,71.93,5271,106,6,372.49
CMP-1011,Facebook_Sale_Drive_5,Facebook,Conversion,Mobile,India,New,2024-04-04,39.76,6221,109,2,147.78
CMP-1001,GoogleAds_Sale_Drive_1,Google Ads,Conversion,Mobile,Canada,Retargeting,2024-04-04,346.2,4742,239,30,4026.51
CMP-1040,Organic_Signup_Push_4,Organic,Conversion,Mobile,United States,Lookalike,2024-04-04,0.0,2111,63,2,190.76
CMP-1008,Facebook_Traffic_Push_2,Facebook,Consideration,Mobile,Canada,Retargeting,2024-04-05,98.05,7352,129,3,289.96
CMP-1011,Facebook_Sale_Drive_5,Facebook,Conversion,Mobile,India,New,2024-04-05,35.25,4160,95,3,265.89
CMP-1001,GoogleAds_Sale_Drive_1,Google Ads,Conversion,Mobile,Canada,Retargeting,2024-04-05,124.03,4371,176,15,1279.33
CMP-1040,Organic_Signup_Push_4,Organic,Conversion,Mobile,United States,Lookalike,2024-04-05,0.0,3319,89,3,314.7
CMP-1030,Affiliate_Impression_Blitz_6,Affiliate,Awareness,Tablet,United States,New,2024-04-06,32.84,4196,50,0,0.0
CMP-1022,Email_Signup_Push_4,Email,Conversion,Desktop,United Kingdom,Retargeting,2024-04-06,16.88,1420,253,25,1433.53
CMP-1008,Facebook_Traffic_Push_2,Facebook,Consideration,Mobile,Canada,Retargeting,2024-04-06,87.94,6391,94,4,275.13
CMP-1011,Facebook_Sale_Drive_5,Facebook,Conversion,Mobile,India,New,2024-04-06,38.88,5305,83,2,180.39
CMP-1001,GoogleAds_Sale_Drive_1,Google Ads,Conversion,Mobile,Canada,Retargeting,2024-04-06,145.92,3143,140,8,479.41
CMP-1040,Organic_Signup_Push_4,Organic,Conversion,Mobile,United States,Lookalike,2024-04-06,0.0,2181,62,2,167.22
CMP-1030,Affiliate_Impression_Blitz_6,Affiliate,Awareness,Tablet,United States,New,2024-04-07,15.7,2907,24,0,0.0
CMP-1022,Email_Signup_Push_4,Email,Conversion,Desktop,United Kingdom,Retargeting,2024-04-07,8.25,916,114,12,1073.33
CMP-1008,Facebook_Traffic_Push_2,Facebook,Consideration,Mobile,Canada,Retargeting,2024-04-07,128.01,9916,146,6,637.6
CMP-1011,Facebook_Sale_Drive_5,Facebook,Conversion,Mobile,India,New,2024-04-07,8.96,3505,27,1,72.95
CMP-1001,GoogleAds_Sale_Drive_1,Google Ads,Conversion,Mobile,Canada,Retargeting,2024-04-07,91.31,3380,107,13,1129.16
CMP-1040,Organic_Signup_Push_4,Organic,Conversion,Mobile,United States,Lookalike,2024-04-07,0.0,2276,74,2,190.52
CMP-1030,Affiliate_Impression_Blitz_6,Affiliate,Awareness,Tablet,United States,New,2024-04-08,55.32,4751,72,1,119.0
CMP-1022,Email_Signup_Push_4,Email,Conversion,Desktop,United Kingdom,Retargeting,2024-04-08,8.14,1215,116,15,610.95
CMP-1008,Facebook_Traffic_Push_2,Facebook,Consideration,Mobile,Canada,Retargeting,2024-04-08,131.66,11182,134,4,345.21
CMP-1011,Facebook_Sale_Drive_5,Facebook,Conversion,Mobile,India,New,2024-04-08,37.31,4146,96,2,165.28
CMP-1001,GoogleAds_Sale_Drive_1,Google Ads,Conversion,Mobile,Canada,Retargeting,2024-04-08,110.64,2411,107,9,785.34
CMP-1040,Organic_Signup_Push_4,Organic,Conversion,Mobile,United States,Lookalike,2024-04-08,0.0,3298,84,1,62.58
CMP-1030,Affiliate_Impression_Blitz_6,Affiliate,Awareness,Tablet,United States,New,2024-04-09,12.77,1713,18,0,0.0
CMP-1022,Email_Signup_Push_4,Email,Conversion,Desktop,United Kingdom,Retargeting,2024-04-09,13.38,1608,240,18,1142.91
CMP-1008,Facebook_Traffic_Push_2,Facebook,Consideration,Mobile,Canada,Retargeting,2024-04-09,64.29,4005,92,4,254.94
CMP-1011,Facebook_Sale_Drive_5,Facebook,Conversion,Mobile,India,New,2024-04-09,39.33,3728,88,3,283.72
CMP-1001,GoogleAds_Sale_Drive_1,Google Ads,Conversion,Mobile,Canada,Retargeting,2024-04-09,214.12,3642,170,21,1865.95
CMP-1040,Organic_Signup_Push_4,Organic,Conversion,Mobile,United States,Lookalike,2024-04-09,0.0,2134,74,2,158.97
CMP-1030,Affiliate_Impression_Blitz_6,Affiliate,Awareness,Tablet,United States,New,2024-04-10,20.05,2746,36,0,0.0
CMP-1022,Email_Signup_Push_4,Email,Conversion,Desktop,United Kingdom,Retargeting,2024-04-10,6.86,1783,232,50,3144.67
CMP-1008,Facebook_Traffic_Push_2,Facebook,Consideration,Mobile,Canada,Retargeting,2024-04-10,215.37,12321,227,5,353.34
CMP-1011,Facebook_Sale_Drive_5,Facebook,Conversion,Mobile,India,New,2024-04-10,44.59,5212,102,4,418.17
CMP-1001,GoogleAds_Sale_Drive_1,Google Ads,Conversion,Mobile,Canada,Retargeting,2024-04-10,164.95,3611,141,15,1103.43
CMP-1040,Organic_Signup_Push_4,Organic,Conversion,Mobile,United States,Lookalike,2024-04-10,0.0,1645,57,2,150.35
CMP-1030,Affiliate_Impression_Blitz_6,Affiliate,Awareness,Tablet,United States,New,2024-04-11,33.06,6385,64,1,87.66
CMP-1022,Email_Signup_Push_4,Email,Conversion,Desktop,United Kingdom,Retargeting,2024-04-11,8.8,1049,142,25,2052.62
CMP-1008,Facebook_Traffic_Push_2,Facebook,Consideration,Mobile,Canada,Retargeting,2024-04-11,79.83,5503,75,4,355.87
CMP-1011,Facebook_Sale_Drive_5,Facebook,Conversion,Mobile,India,New,2024-04-11,32.71,6272,88,5,442.13
CMP-1001,GoogleAds_Sale_Drive_1,Google Ads,Conversion,Mobile,Canada,Retargeting,2024-04-11,187.0,4152,162,15,1523.96
CMP-1040,Organic_Signup_Push_4,Organic,Conversion,Mobile,United States,Lookalike,2024-04-11,0.0,1697,52,2,169.87
CMP-1030,Affiliate_Impression_Blitz_6,Affiliate,Awareness,Tablet,United States,New,2024-04-12,71.5,5292,86,1,69.23
CMP-1022,Email_Signup_Push_4,Email,Conversion,Desktop,United Kingdom,Retargeting,2024-04-12,12.8,1143,172,27,2265.06
CMP-1008,Facebook_Traffic_Push_2,Facebook,Consideration,Mobile,Canada,Retargeting,2024-04-12,198.68,9295,205,6,556.67
CMP-1011,Facebook_Sale_Drive_5,Facebook,Conversion,Mobile,India,New,2024-04-12,34.85,4527,96,4,314.48
CMP-1001,GoogleAds_Sale_Drive_1,Google Ads,Conversion,Mobile,Canada,Retargeting,2024-04-12,152.63,3298,130,13,1308.92
CMP-1040,Organic_Signup_Push_4,Organic,Conversion,Mobile,United States,Lookalike,2024-04-12,0.0,2978,76,2,206.4
CMP-1030,Affiliate_Impression_Blitz_6,Affiliate,Awareness,Tablet,United States,New,2024-04-13,31.55,3895,40,0,0.0
CMP-1022,Email_Signup_Push_4,Email,Conversion,Desktop,United Kingdom,Retargeting,2024-04-13,16.56,1808,231,17,1354.55
CMP-1008,Facebook_Traffic_Push_2,Facebook,Consideration,Mobile,Canada,Retargeting,2024-04-13,116.13,8347,127,8,616.06
CMP-1011,Facebook_Sale_Drive_5,Facebook,Conversion,Mobile,India,New,2024-04-13,9.01,2803,34,1,77.24
CMP-1001,GoogleAds_Sale_Drive_1,Google Ads,Conversion,Mobile,Canada,Retargeting,2024-04-13,143.77,3970,115,16,1076.04
CMP-1040,Organic_Signup_Push_4,Organic,Conversion,Mobile,United States,Lookalike,2024-04-13,0.0,2492,82,3,250.8
CMP-1030,Affiliate_Impression_Blitz_6,Affiliate,Awareness,Tablet,United States,New,2024-04-14,41.02,3230,54,0,0.0
CMP-1022,Email_Signup_Push_4,Email,Conversion,Desktop,United Kingdom,Retargeting,2024-04-14,9.93,1198,158,14,720.57
CMP-1008,Facebook_Traffic_Push_2,Facebook,Consideration,Mobile,Canada,Retargeting,2024-04-14,46.5,4808,53,2,157.25
CMP-1011,Facebook_Sale_Drive_5,Facebook,Conversion,Mobile,India,New,2024-04-14,14.0,3023,45,2,171.65
CMP-1001,GoogleAds_Sale_Drive_1,Google Ads,Conversion,Mobile,Canada,Retargeting,2024-04-14,158.32,4497,159,23,2382.31
CMP-1040,Organic_Signup_Push_4,Organic,Conversion,Mobile,United States,Lookalike,2024-04-14,0.0,1935,54,1,66.5
CMP-1030,Affiliate_Impression_Blitz_6,Affiliate,Awareness,Tablet,United States,New,2024-04-15,22.8,3354,29,0,0.0
CMP-1022,Email_Signup_Push_4,Email,Conversion,Desktop,United Kingdom,Retargeting,2024-04-15,11.26,1893,257,41,3220.9
CMP-1008,Facebook_Traffic_Push_2,Facebook,Consideration,Mobile,Canada,Retargeting,2024-04-15,146.11,8320,192,9,797.83
CMP-1011,Facebook_Sale_Drive_5,Facebook,Conversion,Mobile,India,New,2024-04-15,35.15,5280,87,2,152.75
CMP-1001,GoogleAds_Sale_Drive_1,Google Ads,Conversion,Mobile,Canada,Retargeting,2024-04-15,195.26,4068,144,14,1763.89
CMP-1040,Organic_Signup_Push_4,Organic,Conversion,Mobile,United States,Lookalike,2024-04-15,0.0,1847,60,1,61.81
CMP-1030,Affiliate_Impression_Blitz_6,Affiliate,Awareness,Tablet,United States,New,2024-04-16,35.97,5067,56,1,106.18
CMP-1022,Email_Signup_Push_4,Email,Conversion,Desktop,United Kingdom,Retargeting,2024-04-16,12.09,1367,235,56,4156.92
CMP-1008,Facebook_Traffic_Push_2,Facebook,Consideration,Mobile,Canada,Retargeting,2024-04-16,96.05,7118,109,4,319.4
CMP-1011,Facebook_Sale_Drive_5,Facebook,Conversion,Mobile,India,New,2024-04-16,68.29,7164,183,5,403.31
CMP-1001,GoogleAds_Sale_Drive_1,Google Ads,Conversion,Mobile,Canada,Retargeting,2024-04-16,232.97,4281,173,17,1612.41
CMP-1040,Organic_Signup_Push_4,Organic,Conversion,Mobile,United States,Lookalike,2024-04-16,0.0,2424,99,4,414.8
CMP-1030,Affiliate_Impression_Blitz_6,Affiliate,Awareness,Tablet,United States,New,2024-04-17,56.38,4342,73,0,0.0
CMP-1022,Email_Signup_Push_4,Email,Conversion,Desktop,United Kingdom,Retargeting,2024-04-17,15.23,1380,191,25,1188.6
CMP-1008,Facebook_Traffic_Push_2,Facebook,Consideration,Mobile,Canada,Retargeting,2024-04-17,147.27,8442,135,5,299.2
CMP-1011,Facebook_Sale_Drive_5,Facebook,Conversion,Mobile,India,New,2024-04-17,37.98,5279,98,4,252.59
CMP-1001,GoogleAds_Sale_Drive_1,Google Ads,Conversion,Mobile,Canada,Retargeting,2024-04-17,234.48,3958,182,22,1901.11
CMP-1040,Organic_Signup_Push_4,Organic,Conversion,Mobile,United States,Lookalike,2024-04-17,0.0,3326,74,2,174.8
CMP-1030,Affiliate_Impression_Blitz_6,Affiliate,Awareness,Tablet,United States,New,2024-04-18,100.38,6862,87,1,72.11
CMP-1022,Email_Signup_Push_4,Email,Conversion,Desktop,United Kingdom,Retargeting,2024-04-18,5.44,1201,132,26,1110.19
CMP-1008,Facebook_Traffic_Push_2,Facebook,Consideration,Mobile,Canada,Retargeting,2024-04-18,124.07,7795,142,5,332.93
CMP-1011,Facebook_Sale_Drive_5,Facebook,Conversion,Mobile,India,New,2024-04-18,34.85,4264,77,1,96.21
CMP-1001,GoogleAds_Sale_Drive_1,Google Ads,Conversion,Mobile,Canada,Retargeting,2024-04-18,140.38,3900,106,8,717.19
CMP-1040,Organic_Signup_Push_4,Organic,Conversion,Mobile,United States,Lookalike,2024-04-18,0.0,2057,102,3,259.36
CMP-1030,Affiliate_Impression_Blitz_6,Affiliate,Awareness,Tablet,United States,New,2024-04-19,83.02,4554,89,1,107.57
CMP-1022,Email_Signup_Push_4,Email,Conversion,Desktop,United Kingdom,Retargeting,2024-04-19,7.84,1606,177,25,2017.62
CMP-1008,Facebook_Traffic_Push_2,Facebook,Consideration,Mobile,Canada,Retargeting,2024-04-19,173.79,9726,231,9,731.71
CMP-1011,Facebook_Sale_Drive_5,Facebook,Conversion,Mobile,India,New,2024-04-19,55.63,5763,184,6,371.95
CMP-1001,GoogleAds_Sale_Drive_1,Google Ads,Conversion,Mobile,Canada,Retargeting,2024-04-19,140.94,3118,111,11,1124.08
CMP-1040,Organic_Signup_Push_4,Organic,Conversion,Mobile,United States,Lookalike,2024-04-19,0.0,2169,69,2,150.1
CMP-1030,Affiliate_Impression_Blitz_6,Affiliate,Awareness,Tablet,United States,New,2024-04-20,34.09,4390,49,0,0.0
CMP-1022,Email_Signup_Push_4,Email,Conversion,Desktop,United Kingdom,Retargeting,2024-04-20,15.1,1567,221,36,2368.64
CMP-1008,Facebook_Traffic_Push_2,Facebook,Consideration,Mobile,Canada,Retargeting,2024-04-20,99.43,6736,122,5,475.33
CMP-1011,Facebook_Sale_Drive_5,Facebook,Conversion,Mobile,India,New,2024-04-20,33.36,4010,91,2,143.87
CMP-1001,GoogleAds_Sale_Drive_1,Google Ads,Conversion,Mobile,Canada,Retargeting,2024-04-20,315.53,3819,193,18,1140.12
CMP-1040,Organic_Signup_Push_4,Organic,Conversion,Mobile,United States,Lookalike,2024-04-20,0.0,1644,58,1,83.86
CMP-1030,Affiliate_Impression_Blitz_6,Affiliate,Awareness,Tablet,United States,New,2024-04-21,22.36,2654,34,0,0.0
CMP-1022,Email_Signup_Push_4,Email,Conversion,Desktop,United Kingdom,Retargeting,2024-04-21,5.1,867,97,20,1045.39
CMP-1008,Facebook_Traffic_Push_2,Facebook,Consideration,Mobile,Canada,Retargeting,2024-04-21,70.23,6298,76,2,201.38
CMP-1011,Facebook_Sale_Drive_5,Facebook,Conversion,Mobile,India,New,2024-04-21,34.39,3847,87,3,238.11
CMP-1001,GoogleAds_Sale_Drive_1,Google Ads,Conversion,Mobile,Canada,Retargeting,2024-04-21,121.3,3415,102,10,947.22
CMP-1040,Organic_Signup_Push_4,Organic,Conversion,Mobile,United States,Lookalike,2024-04-21,0.0,2125,56,2,131.58
CMP-1030,Affiliate_Impression_Blitz_6,Affiliate,Awareness,Tablet,United States,New,2024-04-22,22.05,4319,79,1,103.87
CMP-1022,Email_Signup_Push_4,Email,Conversion,Desktop,United Kingdom,Retargeting,2024-04-22,5.31,1185,121,18,1178.14
CMP-1008,Facebook_Traffic_Push_2,Facebook,Consideration,Mobile,Canada,Retargeting,2024-04-22,164.23,9525,197,7,622.61
CMP-1011,Facebook_Sale_Drive_5,Facebook,Conversion,Mobile,India,New,2024-04-22,21.77,3521,65,2,211.91
CMP-1001,GoogleAds_Sale_Drive_1,Google Ads,Conversion,Mobile,Canada,Retargeting,2024-04-22,205.74,6168,180,13,1111.94
CMP-1040,Organic_Signup_Push_4,Organic,Conversion,Mobile,United States,Lookalike,2024-04-22,0.0,2820,117,3,256.73
CMP-1030,Affiliate_Impression_Blitz_6,Affiliate,Awareness,Tablet,United States,New,2024-04-23,32.96,5036,36,0,0.0
CMP-1022,Email_Signup_Push_4,Email,Conversion,Desktop,United Kingdom,Retargeting,2024-04-23,18.32,1597,244,32,2318.59
CMP-1008,Facebook_Traffic_Push_2,Facebook,Consideration,Mobile,Canada,Retargeting,2024-04-23,127.9,8494,132,4,328.13
CMP-1011,Facebook_Sale_Drive_5,Facebook,Conversion,Mobile,India,New,2024-04-23,54.62,6598,114,4,288.26
CMP-1001,GoogleAds_Sale_Drive_1,Google Ads,Conversion,Mobile,Canada,Retargeting,2024-04-23,227.69,5604,217,12,1471.2
CMP-1040,Organic_Signup_Push_4,Organic,Conversion,Mobile,United States,Lookalike,2024-04-23,0.0,3975,124,3,189.25
CMP-1030,Affiliate_Impression_Blitz_6,Affiliate,Awareness,Tablet,United States,New,2024-04-24,25.23,4303,29,0,0.0
CMP-1022,Email_Signup_Push_4,Email,Conversion,Desktop,United Kingdom,Retargeting,2024-04-24,12.12,1258,193,42,2813.41
CMP-1008,Facebook_Traffic_Push_2,Facebook,Consideration,Mobile,Canada,Retargeting,2024-04-24,234.94,8797,241,15,1327.7
CMP-1011,Facebook_Sale_Drive_5,Facebook,Conversion,Mobile,India,New,2024-04-24,5.33,1466,12,0,0.0
CMP-1001,GoogleAds_Sale_Drive_1,Google Ads,Conversion,Mobile,Canada,Retargeting,2024-04-24,190.22,4318,192,8,712.93
CMP-1040,Organic_Signup_Push_4,Organic,Conversion,Mobile,United States,Lookalike,2024-04-24,0.0,2742,80,1,74.83
CMP-1030,Affiliate_Impression_Blitz_6,Affiliate,Awareness,Tablet,United States,New,2024-04-25,25.52,4152,39,1,101.28
CMP-1022,Email_Signup_Push_4,Email,Conversion,Desktop,United Kingdom,Retargeting,2024-04-25,7.86,1140,148,24,1176.09
CMP-1008,Facebook_Traffic_Push_2,Facebook,Consideration,Mobile,Canada,Retargeting,2024-04-25,111.51,6004,108,4,274.56
CMP-1011,Facebook_Sale_Drive_5,Facebook,Conversion,Mobile,India,New,2024-04-25,61.12,5804,152,7,491.87
CMP-1001,GoogleAds_Sale_Drive_1,Google Ads,Conversion,Mobile,Canada,Retargeting,2024-04-25,106.92,3073,113,7,837.34
CMP-1040,Organic_Signup_Push_4,Organic,Conversion,Mobile,United States,Lookalike,2024-04-25,0.0,2565,71,2,141.48
CMP-1030,Affiliate_Impression_Blitz_6,Affiliate,Awareness,Tablet,United States,New,2024-04-26,39.31,5236,77,1,74.92
CMP-1022,Email_Signup_Push_4,Email,Conversion,Desktop,United Kingdom,Retargeting,2024-04-26,10.46,1628,236,48,4371.8
CMP-1008,Facebook_Traffic_Push_2,Facebook,Consideration,Mobile,Canada,Retargeting,2024-04-26,40.2,5243,36,2,151.7
CMP-1011,Facebook_Sale_Drive_5,Facebook,Conversion,Mobile,India,New,2024-04-26,48.85,4164,97,3,303.87
CMP-1001,GoogleAds_Sale_Drive_1,Google Ads,Conversion,Mobile,Canada,Retargeting,2024-04-26,134.75,2695,132,11,810.94
CMP-1040,Organic_Signup_Push_4,Organic,Conversion,Mobile,United States,Lookalike,2024-04-26,0.0,3161,95,2,66.19
CMP-1030,Affiliate_Impression_Blitz_6,Affiliate,Awareness,Tablet,United States,New,2024-04-27,23.32,6138,42,0,0.0
CMP-1022,Email_Signup_Push_4,Email,Conversion,Desktop,United Kingdom,Retargeting,2024-04-27,17.18,1493,212,28,2248.17
CMP-1008,Facebook_Traffic_Push_2,Facebook,Consideration,Mobile,Canada,Retargeting,2024-04-27,115.43,5578,110,4,265.72
CMP-1011,Facebook_Sale_Drive_5,Facebook,Conversion,Mobile,India,New,2024-04-27,21.1,3810,75,2,77.03
CMP-1001,GoogleAds_Sale_Drive_1,Google Ads,Conversion,Mobile,Canada,Retargeting,2024-04-27,249.27,4671,209,18,1831.05
CMP-1040,Organic_Signup_Push_4,Organic,Conversion,Mobile,United States,Lookalike,2024-04-27,0.0,2747,98,2,150.01
CMP-1030,Affiliate_Impression_Blitz_6,Affiliate,Awareness,Tablet,United States,New,2024-04-28,51.31,4494,63,1,88.0
CMP-1022,Email_Signup_Push_4,Email,Conversion,Desktop,United Kingdom,Retargeting,2024-04-28,9.04,1038,158,34,2172.43
CMP-1008,Facebook_Traffic_Push_2,Facebook,Consideration,Mobile,Canada,Retargeting,2024-04-28,113.29,5483,152,6,362.81
CMP-1011,Facebook_Sale_Drive_5,Facebook,Conversion,Mobile,India,New,2024-04-28,47.75,6270,125,4,255.69
CMP-1001,GoogleAds_Sale_Drive_1,Google Ads,Conversion,Mobile,Canada,Retargeting,2024-04-28,214.65,3766,168,24,2334.94
CMP-1040,Organic_Signup_Push_4,Organic,Conversion,Mobile,United States,Lookalike,2024-04-28,0.0,2002,67,2,134.11
CMP-1030,Affiliate_Impression_Blitz_6,Affiliate,Awareness,Tablet,United States,New,2024-04-29,64.07,6326,88,1,51.45
CMP-1022,Email_Signup_Push_4,Email,Conversion,Desktop,United Kingdom,Retargeting,2024-04-29,15.3,1369,208,36,2317.97
CMP-1008,Facebook_Traffic_Push_2,Facebook,Consideration,Mobile,Canada,Retargeting,2024-04-29,172.54,8906,230,5,413.42
CMP-1011,Facebook_Sale_Drive_5,Facebook,Conversion,Mobile,India,New,2024-04-29,39.09,3838,96,2,232.69
CMP-1001,GoogleAds_Sale_Drive_1,Google Ads,Conversion,Mobile,Canada,Retargeting,2024-04-29,225.37,4420,185,23,1785.0
CMP-1040,Organic_Signup_Push_4,Organic,Conversion,Mobile,United States,Lookalike,2024-04-29,0.0,4096,131,6,461.82
CMP-1030,Affiliate_Impression_Blitz_6,Affiliate,Awareness,Tablet,United States,New,2024-04-30,90.58,5629,106,1,90.83
CMP-1022,Email_Signup_Push_4,Email,Conversion,Desktop,United Kingdom,Retargeting,2024-04-30,4.81,907,71,13,941.2
CMP-1008,Facebook_Traffic_Push_2,Facebook,Consideration,Mobile,Canada,Retargeting,2024-04-30,221.9,9285,252,8,644.84
CMP-1011,Facebook_Sale_Drive_5,Facebook,Conversion,Mobile,India,New,2024-04-30,14.76,3883,46,2,172.59
CMP-1001,GoogleAds_Sale_Drive_1,Google Ads,Conversion,Mobile,Canada,Retargeting,2024-04-30,122.47,2010,117,8,759.5
CMP-1040,Organic_Signup_Push_4,Organic,Conversion,Mobile,United States,Lookalike,2024-04-30,0.0,2584,68,3,240.07
CMP-1030,Affiliate_Impression_Blitz_6,Affiliate,Awareness,Tablet,United States,New,2024-05-01,73.38,6246,97,1,73.99
CMP-1021,Email_Product_Explainer_3,Email,Consideration,Mobile,United States,Returning,2024-05-01,17.15,1945,240,12,775.13
CMP-1022,Email_Signup_Push_4,Email,Conversion,Desktop,United Kingdom,Retargeting,2024-05-01,6.9,1009,134,22,1191.82
CMP-1008,Facebook_Traffic_Push_2,Facebook,Consideration,Mobile,Canada,Retargeting,2024-05-01,74.75,7023,91,4,350.62
CMP-1011,Facebook_Sale_Drive_5,Facebook,Conversion,Mobile,India,New,2024-05-01,32.22,4597,80,3,187.42
CMP-1001,GoogleAds_Sale_Drive_1,Google Ads,Conversion,Mobile,Canada,Retargeting,2024-05-01,238.81,4905,171,18,2017.43
CMP-1040,Organic_Signup_Push_4,Organic,Conversion,Mobile,United States,Lookalike,2024-05-01,0.0,2754,72,2,210.92
CMP-1030,Affiliate_Impression_Blitz_6,Affiliate,Awareness,Tablet,United States,New,2024-05-02,47.65,3987,53,0,0.0
CMP-1021,Email_Product_Explainer_3,Email,Consideration,Mobile,United States,Returning,2024-05-02,12.11,2367,223,12,864.47
CMP-1022,Email_Signup_Push_4,Email,Conversion,Desktop,United Kingdom,Retargeting,2024-05-02,10.37,1340,201,28,2014.59
CMP-1008,Facebook_Traffic_Push_2,Facebook,Consideration,Mobile,Canada,Retargeting,2024-05-02,164.04,10195,230,13,1113.68
CMP-1011,Facebook_Sale_Drive_5,Facebook,Conversion,Mobile,India,New,2024-05-02,23.09,5305,75,4,309.65
CMP-1001,GoogleAds_Sale_Drive_1,Google Ads,Conversion,Mobile,Canada,Retargeting,2024-05-02,110.38,4392,81,7,606.47
CMP-1040,Organic_Signup_Push_4,Organic,Conversion,Mobile,United States,Lookalike,2024-05-02,0.0,2958,84,2,168.78
CMP-1030,Affiliate_Impression_Blitz_6,Affiliate,Awareness,Tablet,United States,New,2024-05-03,60.18,4524,75,1,93.38
CMP-1021,Email_Product_Explainer_3,Email,Consideration,Mobile,United States,Returning,2024-05-03,12.73,1742,173,12,925.19
CMP-1022,Email_Signup_Push_4,Email,Conversion,Desktop,United Kingdom,Retargeting,2024-05-03,12.45,1310,168,27,1396.22
CMP-1008,Facebook_Traffic_Push_2,Facebook,Consideration,Mobile,Canada,Retargeting,2024-05-03,119.33,10070,145,6,488.44
CMP-1011,Facebook_Sale_Drive_5,Facebook,Conversion,Mobile,India,New,2024-05-03,55.36,4192,129,4,315.79
CMP-1001,GoogleAds_Sale_Drive_1,Google Ads,Conversion,Mobile,Canada,Retargeting,2024-05-03,163.18,2697,139,12,767.77
CMP-1040,Organic_Signup_Push_4,Organic,Conversion,Mobile,United States,Lookalike,2024-05-03,0.0,2825,101,3,254.43
CMP-1030,Affiliate_Impression_Blitz_6,Affiliate,Awareness,Tablet,United States,New,2024-05-04,49.98,4077,57,1,75.85
CMP-1021,Email_Product_Explainer_3,Email,Consideration,Mobile,United States,Returning,2024-05-04,10.58,1426,173,12,732.8
CMP-1022,Email_Signup_Push_4,Email,Conversion,Desktop,United Kingdom,Retargeting,2024-05-04,9.14,887,123,18,1208.46
CMP-1008,Facebook_Traffic_Push_2,Facebook,Consideration,Mobile,Canada,Retargeting,2024-05-04,110.4,7038,135,7,600.7
CMP-1011,Facebook_Sale_Drive_5,Facebook,Conversion,Mobile,India,New,2024-05-04,28.6,2449,63,2,179.76
CMP-1001,GoogleAds_Sale_Drive_1,Google Ads,Conversion,Mobile,Canada,Retargeting,2024-05-04,105.97,3050,99,10,917.09
CMP-1040,Organic_Signup_Push_4,Organic,Conversion,Mobile,United States,Lookalike,2024-05-04,0.0,3232,121,4,348.55
CMP-1030,Affiliate_Impression_Blitz_6,Affiliate,Awareness,Tablet,United States,New,2024-05-05,21.41,4976,53,1,107.99
CMP-1021,Email_Product_Explainer_3,Email,Consideration,Mobile,United States,Returning,2024-05-05,18.76,2127,271,12,652.07
CMP-1022,Email_Signup_Push_4,Email,Conversion,Desktop,United Kingdom,Retargeting,2024-05-05,5.35,961,149,30,1610.9
CMP-1008,Facebook_Traffic_Push_2,Facebook,Consideration,Mobile,Canada,Retargeting,2024-05-05,47.2,5121,60,3,232.2
CMP-1011,Facebook_Sale_Drive_5,Facebook,Conversion,Mobile,India,New,2024-05-05,10.42,3277,26,1,103.83
CMP-1001,GoogleAds_Sale_Drive_1,Google Ads,Conversion,Mobile,Canada,Retargeting,2024-05-05,187.82,3767,142,16,1232.89
CMP-1040,Organic_Signup_Push_4,Organic,Conversion,Mobile,United States,Lookalike,2024-05-05,0.0,1995,77,2,185.11
CMP-1030,Affiliate_Impression_Blitz_6,Affiliate,Awareness,Tablet,United States,New,2024-05-06,26.58,5857,49,0,0.0
CMP-1021,Email_Product_Explainer_3,Email,Consideration,Mobile,United States,Returning,2024-05-06,13.1,1766,152,10,727.22
CMP-1022,Email_Signup_Push_4,Email,Conversion,Desktop,United Kingdom,Retargeting,2024-05-06,8.49,954,133,20,1086.29
CMP-1008,Facebook_Traffic_Push_2,Facebook,Consideration,Mobile,Canada,Retargeting,2024-05-06,130.63,10484,155,9,754.17
CMP-1011,Facebook_Sale_Drive_5,Facebook,Conversion,Mobile,India,New,2024-05-06,19.82,6432,77,3,250.37
CMP-1001,GoogleAds_Sale_Drive_1,Google Ads,Conversion,Mobile,Canada,Retargeting,2024-05-06,240.67,3957,193,17,1467.62
CMP-1040,Organic_Signup_Push_4,Organic,Conversion,Mobile,United States,Lookalike,2024-05-06,0.0,3109,100,4,346.17
CMP-1030,Affiliate_Impression_Blitz_6,Affiliate,Awareness,Tablet,United States,New,2024-05-07,34.86,4967,51,0,0.0
CMP-1021,Email_Product_Explainer_3,Email,Consideration,Mobile,United States,Returning,2024-05-07,19.24,2271,295,14,860.6
CMP-1022,Email_Signup_Push_4,Email,Conversion,Desktop,United Kingdom,Retargeting,2024-05-07,14.03,1448,250,25,2203.59
CMP-1008,Facebook_Traffic_Push_2,Facebook,Consideration,Mobile,Canada,Retargeting,2024-05-07,113.2,7211,105,4,271.22
CMP-1011,Facebook_Sale_Drive_5,Facebook,Conversion,Mobile,India,New,2024-05-07,30.77,4864,97,4,281.69
CMP-1001,GoogleAds_Sale_Drive_1,Google Ads,Conversion,Mobile,Canada,Retargeting,2024-05-07,71.37,3583,79,10,906.49
CMP-1040,Organic_Signup_Push_4,Organic,Conversion,Mobile,United States,Lookalike,2024-05-07,0.0,2707,96,1,84.06
CMP-1030,Affiliate_Impression_Blitz_6,Affiliate,Awareness,Tablet,United States,New,2024-05-08,65.13,5969,71,0,0.0
CMP-1021,Email_Product_Explainer_3,Email,Consideration,Mobile,United States,Returning,2024-05-08,11.99,1444,150,10,697.88
CMP-1022,Email_Signup_Push_4,Email,Conversion,Desktop,United Kingdom,Retargeting,2024-05-08,4.93,661,108,10,687.25
CMP-1008,Facebook_Traffic_Push_2,Facebook,Consideration,Mobile,Canada,Retargeting,2024-05-08,157.98,7586,171,11,915.1
CMP-1011,Facebook_Sale_Drive_5,Facebook,Conversion,Mobile,India,New,2024-05-08,40.38,5353,96,3,267.15
CMP-1001,GoogleAds_Sale_Drive_1,Google Ads,Conversion,Mobile,Canada,Retargeting,2024-05-08,114.55,3788,96,6,382.53
CMP-1040,Organic_Signup_Push_4,Organic,Conversion,Mobile,United States,Lookalike,2024-05-08,0.0,3239,100,2,180.48
CMP-1030,Affiliate_Impression_Blitz_6,Affiliate,Awareness,Tablet,United States,New,2024-05-09,-53.4,4049,51,0,0.0
CMP-1021,Email_Product_Explainer_3,Email,Consideration,Mobile,United States,Returning,2024-05-09,8.36,1324,193,11,567.13
CMP-1022,Email_Signup_Push_4,Email,Conversion,Desktop,United Kingdom,Retargeting,2024-05-09,7.93,971,131,12,846.46
CMP-1008,Facebook_Traffic_Push_2,Facebook,Consideration,Mobile,Canada,Retargeting,2024-05-09,187.14,6654,146,5,436.92
CMP-1011,Facebook_Sale_Drive_5,Facebook,Conversion,Mobile,India,New,2024-05-09,22.27,4427,58,3,204.59
CMP-1001,GoogleAds_Sale_Drive_1,Google Ads,Conversion,Mobile,Canada,Retargeting,2024-05-09,101.0,3627,80,8,521.96
CMP-1040,Organic_Signup_Push_4,Organic,Conversion,Mobile,United States,Lookalike,2024-05-09,0.0,2460,45,1,45.06
CMP-1030,Affiliate_Impression_Blitz_6,Affiliate,Awareness,Tablet,United States,New,2024-05-10,21.48,5981,30,0,0.0
CMP-1021,Email_Product_Explainer_3,Email,Consideration,Mobile,United States,Returning,2024-05-10,16.45,2378,269,21,1363.18
CMP-1022,Email_Signup_Push_4,Email,Conversion,Desktop,United Kingdom,Retargeting,2024-05-10,3.9,695,93,17,737.47
CMP-1008,Facebook_Traffic_Push_2,Facebook,Consideration,Mobile,Canada,Retargeting,2024-05-10,99.29,5554,108,3,205.79
CMP-1011,Facebook_Sale_Drive_5,Facebook,Conversion,Mobile,India,New,2024-05-10,25.08,3909,125,4,253.97
CMP-1001,GoogleAds_Sale_Drive_1,Google Ads,Conversion,Mobile,Canada,Retargeting,2024-05-10,122.23,4065,120,19,1899.68
CMP-1040,Organic_Signup_Push_4,Organic,Conversion,Mobile,United States,Lookalike,2024-05-10,0.0,2372,72,1,110.08
CMP-1030,Affiliate_Impression_Blitz_6,Affiliate,Awareness,Tablet,United States,New,2024-05-11,40.54,5539,63,0,0.0
CMP-1021,Email_Product_Explainer_3,Email,Consideration,Mobile,United States,Returning,2024-05-11,12.69,1914,187,10,767.51
CMP-1022,Email_Signup_Push_4,Email,Conversion,Desktop,United Kingdom,Retargeting,2024-05-11,4.9,1293,94,11,667.62
CMP-1008,Facebook_Traffic_Push_2,Facebook,Consideration,Mobile,Canada,Retargeting,2024-05-11,37.26,3956,44,1,78.73
CMP-1011,Facebook_Sale_Drive_5,Facebook,Conversion,Mobile,India,New,2024-05-11,65.76,6253,141,6,319.75
CMP-1001,GoogleAds_Sale_Drive_1,Google Ads,Conversion,Mobile,Canada,Retargeting,2024-05-11,251.97,4945,202,20,1666.88
CMP-1040,Organic_Signup_Push_4,Organic,Conversion,Mobile,United States,Lookalike,2024-05-11,0.0,2768,81,2,205.78
CMP-1030,Affiliate_Impression_Blitz_6,Affiliate,Awareness,Tablet,United States,New,2024-05-12,26.83,5133,63,0,0.0
CMP-1021,Email_Product_Explainer_3,Email,Consideration,Mobile,United States,Returning,2024-05-12,25.14,2215,269,16,1206.67
CMP-1022,Email_Signup_Push_4,Email,Conversion,Desktop,United Kingdom,Retargeting,2024-05-12,4.06,643,84,14,1031.03
CMP-1008,Facebook_Traffic_Push_2,Facebook,Consideration,Mobile,Canada,Retargeting,2024-05-12,113.43,7739,127,8,553.96
CMP-1011,Facebook_Sale_Drive_5,Facebook,Conversion,Mobile,India,New,2024-05-12,37.21,4070,95,4,224.1
CMP-1001,GoogleAds_Sale_Drive_1,Google Ads,Conversion,Mobile,Canada,Retargeting,2024-05-12,37.88,1008,42,5,247.64
CMP-1040,Organic_Signup_Push_4,Organic,Conversion,Mobile,United States,Lookalike,2024-05-12,0.0,2549,61,2,166.25
CMP-1030,Affiliate_Impression_Blitz_6,Affiliate,Awareness,Tablet,United States,New,2024-05-13,60.89,4979,69,0,0.0
CMP-1021,Email_Product_Explainer_3,Email,Consideration,Mobile,United States,Returning,2024-05-13,7.22,1734,176,12,700.21
CMP-1022,Email_Signup_Push_4,Email,Conversion,Desktop,United Kingdom,Retargeting,2024-05-13,7.25,1310,140,23,1618.65
CMP-1008,Facebook_Traffic_Push_2,Facebook,Consideration,Mobile,Canada,Retargeting,2024-05-13,76.5,5767,82,4,282.43
CMP-1011,Facebook_Sale_Drive_5,Facebook,Conversion,Mobile,India,New,2024-05-13,22.9,4190,70,2,130.83
CMP-1001,GoogleAds_Sale_Drive_1,Google Ads,Conversion,Mobile,Canada,Retargeting,2024-05-13,212.8,3643,143,14,1469.96
CMP-1030,Affiliate_Impression_Blitz_6,Affiliate,Awareness,Tablet,United States,New,2024-05-14,65.34,5751,100,1,50.84
CMP-1021,Email_Product_Explainer_3,Email,Consideration,Mobile,United States,Returning,2024-05-14,15.42,1602,233,10,537.0
CMP-1022,Email_Signup_Push_4,Email,Conversion,Desktop,United Kingdom,Retargeting,2024-05-14,14.85,1833,262,41,1707.02
CMP-1011,Facebook_Sale_Drive_5,Facebook,Conversion,Mobile,India,New,2024-05-14,69.25,6192,154,5,307.32
CMP-1001,GoogleAds_Sale_Drive_1,Google Ads,Conversion,Mobile,Canada,Retargeting,2024-05-14,142.55,4091,97,11,1061.61
CMP-1030,Affiliate_Impression_Blitz_6,Affiliate,Awareness,Tablet,United States,New,2024-05-15,56.2,3608,46,0,0.0
CMP-1021,Email_Product_Explainer_3,Email,Consideration,Mobile,United States,Returning,2024-05-15,28.07,2680,322,18,1227.47
CMP-1022,Email_Signup_Push_4,Email,Conversion,Desktop,United Kingdom,Retargeting,2024-05-15,11.96,1844,261,46,3244.63
CMP-1011,Facebook_Sale_Drive_5,Facebook,Conversion,Mobile,India,New,2024-05-15,23.91,3828,71,4,329.59
CMP-1001,GoogleAds_Sale_Drive_1,Google Ads,Conversion,Mobile,Canada,Retargeting,2024-05-15,76.2,4221,66,6,481.07
CMP-1030,Affiliate_Impression_Blitz_6,Affiliate,Awareness,Tablet,United States,New,2024-05-16,28.64,5064,46,0,0.0
CMP-1021,Email_Product_Explainer_3,Email,Consideration,Mobile,United States,Returning,2024-05-16,8.25,1239,145,8,598.94
CMP-1022,Email_Signup_Push_4,Email,Conversion,Desktop,United Kingdom,Retargeting,2024-05-16,8.32,713,110,18,1304.76
CMP-1011,Facebook_Sale_Drive_5,Facebook,Conversion,Mobile,India,New,2024-05-16,25.54,3994,76,2,122.32
CMP-1001,GoogleAds_Sale_Drive_1,Google Ads,Conversion,Mobile,Canada,Retargeting,2024-05-16,166.9,3497,130,12,842.32
CMP-1030,Affiliate_Impression_Blitz_6,Affiliate,Awareness,Tablet,United States,New,2024-05-17,34.67,5201,32,0,0.0
CMP-1021,Email_Product_Explainer_3,Email,Consideration,Mobile,United States,Returning,2024-05-17,22.36,2626,346,17,1240.31
CMP-1022,Email_Signup_Push_4,Email,Conversion,Desktop,United Kingdom,Retargeting,2024-05-17,15.04,1397,238,12,1004.56
CMP-1011,Facebook_Sale_Drive_5,Facebook,Conversion,Mobile,India,New,2024-05-17,47.18,4780,116,4,135.45
CMP-1001,GoogleAds_Sale_Drive_1,Google Ads,Conversion,Mobile,Canada,Retargeting,2024-05-17,45.59,1997,65,5,529.2
CMP-1030,Affiliate_Impression_Blitz_6,Affiliate,Awareness,Tablet,United States,New,2024-05-18,33.69,2725,39,1,57.89
CMP-1021,Email_Product_Explainer_3,Email,Consideration,Mobile,United States,Returning,2024-05-18,17.2,2394,239,12,740.77
CMP-1022,Email_Signup_Push_4,Email,Conversion,Desktop,United Kingdom,Retargeting,2024-05-18,9.45,881,121,18,1079.64
CMP-1011,Facebook_Sale_Drive_5,Facebook,Conversion,Mobile,India,New,2024-05-18,24.63,4290,49,1,63.34
CMP-1001,GoogleAds_Sale_Drive_1,Google Ads,Conversion,Mobile,Canada,Retargeting,2024-05-18,151.45,3830,157,16,1564.56
CMP-1030,Affiliate_Impression_Blitz_6,Affiliate,Awareness,Tablet,United States,New,2024-05-19,25.92,4890,45,1,59.78
CMP-1021,Email_Product_Explainer_3,Email,Consideration,Mobile,United States,Returning,2024-05-19,14.42,2187,206,15,1074.68
CMP-1022,Email_Signup_Push_4,Email,Conversion,Desktop,United Kingdom,Retargeting,2024-05-19,8.68,821,156,28,1135.6
CMP-1011,Facebook_Sale_Drive_5,Facebook,Conversion,Mobile,India,New,2024-05-19,67.42,4594,137,7,499.63
CMP-1001,GoogleAds_Sale_Drive_1,Google Ads,Conversion,Mobile,Canada,Retargeting,2024-05-19,257.81,5194,225,16,2103.29
CMP-1030,Affiliate_Impression_Blitz_6,Affiliate,Awareness,Tablet,United States,New,2024-05-20,36.67,3135,47,0,0.0
CMP-1021,Email_Product_Explainer_3,Email,Consideration,Mobile,United States,Returning,2024-05-20,18.79,1656,212,10,863.89
CMP-1022,Email_Signup_Push_4,Email,Conversion,Desktop,United Kingdom,Retargeting,2024-05-20,9.27,1263,181,41,2287.78
CMP-1011,Facebook_Sale_Drive_5,Facebook,Conversion,Mobile,India,New,2024-05-20,66.31,7486,163,7,486.5
CMP-1001,GoogleAds_Sale_Drive_1,Google Ads,Conversion,Mobile,Canada,Retargeting,2024-05-20,83.5,2238,85,9,890.62
CMP-1030,Affiliate_Impression_Blitz_6,Affiliate,Awareness,Tablet,United States,New,2024-05-21,61.59,4229,71,1,81.6
CMP-1021,Email_Product_Explainer_3,Email,Consideration,Mobile,United States,Returning,2024-05-21,11.47,1592,156,10,705.11
CMP-1022,Email_Signup_Push_4,Email,Conversion,Desktop,United Kingdom,Retargeting,2024-05-21,14.22,1699,183,42,2292.02
CMP-1011,Facebook_Sale_Drive_5,Facebook,Conversion,Mobile,India,New,2024-05-21,60.4,5204,146,4,397.34
CMP-1001,GoogleAds_Sale_Drive_1,Google Ads,Conversion,Mobile,Canada,Retargeting,2024-05-21,287.79,4836,212,26,2558.93
CMP-1030,Affiliate_Impression_Blitz_6,Affiliate,Awareness,Tablet,United States,New,2024-05-22,24.0,4853,34,0,0.0
CMP-1021,Email_Product_Explainer_3,Email,Consideration,Mobile,United States,Returning,2024-05-22,15.89,1895,186,12,576.12
CMP-1022,Email_Signup_Push_4,Email,Conversion,Desktop,United Kingdom,Retargeting,2024-05-22,9.51,1495,187,20,1540.35
CMP-1011,Facebook_Sale_Drive_5,Facebook,Conversion,Mobile,India,New,2024-05-22,10.46,1675,24,1,69.39
CMP-1001,GoogleAds_Sale_Drive_1,Google Ads,Conversion,Mobile,Canada,Retargeting,2024-05-22,224.52,3544,138,14,1249.3
CMP-1030,Affiliate_Impression_Blitz_6,Affiliate,Awareness,Tablet,United States,New,2024-05-23,46.55,3826,53,0,0.0
CMP-1021,Email_Product_Explainer_3,Email,Consideration,Mobile,United States,Returning,2024-05-23,11.59,1352,185,7,493.41
CMP-1022,Email_Signup_Push_4,Email,Conversion,Desktop,United Kingdom,Retargeting,2024-05-23,7.65,1068,138,20,694.94
CMP-1011,Facebook_Sale_Drive_5,Facebook,Conversion,Mobile,India,New,2024-05-23,23.81,5191,80,3,271.1
CMP-1001,GoogleAds_Sale_Drive_1,Google Ads,Conversion,Mobile,Canada,Retargeting,2024-05-23,153.67,3834,160,14,1477.36
CMP-1030,Affiliate_Impression_Blitz_6,Affiliate,Awareness,Tablet,United States,New,2024-05-24,69.97,4910,80,1,74.97
CMP-1021,Email_Product_Explainer_3,Email,Consideration,Mobile,United States,Returning,2024-05-24,11.39,1519,198,13,1209.23
CMP-1022,Email_Signup_Push_4,Email,Conversion,Desktop,United Kingdom,Retargeting,2024-05-24,15.26,1529,232,23,1437.78
CMP-1011,Facebook_Sale_Drive_5,Facebook,Conversion,Mobile,India,New,2024-05-24,28.97,4816,68,2,155.47
CMP-1001,GoogleAds_Sale_Drive_1,Google Ads,Conversion,Mobile,Canada,Retargeting,2024-05-24,86.66,2759,84,9,921.16
CMP-1030,Affiliate_Impression_Blitz_6,Affiliate,Awareness,Tablet,United States,New,2024-05-25,57.06,4400,68,1,90.76
CMP-1021,Email_Product_Explainer_3,Email,Consideration,Mobile,United States,Returning,2024-05-25,12.76,2090,198,7,365.7
CMP-1022,Email_Signup_Push_4,Email,Conversion,Desktop,United Kingdom,Retargeting,2024-05-25,2.6,514,60,13,1110.87
CMP-1011,Facebook_Sale_Drive_5,Facebook,Conversion,Mobile,India,New,2024-05-25,31.96,4341,96,4,309.62
CMP-1001,GoogleAds_Sale_Drive_1,Google Ads,Conversion,Mobile,Canada,Retargeting,2024-05-25,140.78,3184,112,10,1127.29
CMP-1030,Affiliate_Impression_Blitz_6,Affiliate,Awareness,Tablet,United States,New,2024-05-26,12.58,3336,17,0,0.0
CMP-1021,Email_Product_Explainer_3,Email,Consideration,Mobile,United States,Returning,2024-05-26,11.67,2092,225,15,1025.46
CMP-1022,Email_Signup_Push_4,Email,Conversion,Desktop,United Kingdom,Retargeting,2024-05-26,8.21,950,125,25,1702.21
CMP-1011,Facebook_Sale_Drive_5,Facebook,Conversion,Mobile,India,New,2024-05-26,39.19,4578,97,4,265.09
CMP-1001,GoogleAds_Sale_Drive_1,Google Ads,Conversion,Mobile,Canada,Retargeting,2024-05-26,284.43,4778,184,22,1834.07
CMP-1013,Instagram_Interest_Boost_1,Instagram,Consideration,Mobile,United States,Returning,2024-05-26,71.86,5886,57,2,167.49
CMP-1030,Affiliate_Impression_Blitz_6,Affiliate,Awareness,Tablet,United States,New,2024-05-27,28.71,5557,52,1,97.59
CMP-1021,Email_Product_Explainer_3,Email,Consideration,Mobile,United States,Returning,2024-05-27,11.1,1475,150,8,521.84
CMP-1022,Email_Signup_Push_4,Email,Conversion,Desktop,United Kingdom,Retargeting,2024-05-27,8.92,1032,139,24,1895.3
CMP-1011,Facebook_Sale_Drive_5,Facebook,Conversion,Mobile,India,New,2024-05-27,31.21,4729,85,3,231.52
CMP-1001,GoogleAds_Sale_Drive_1,Google Ads,Conversion,Mobile,Canada,Retargeting,2024-05-27,191.11,4531,201,10,847.9
CMP-1013,Instagram_Interest_Boost_1,Instagram,Consideration,Mobile,United States,Returning,2024-05-27,175.0,9240,153,3,169.12
CMP-1030,Affiliate_Impression_Blitz_6,Affiliate,Awareness,Tablet,United States,New,2024-05-28,21.9,3781,30,0,0.0
CMP-1021,Email_Product_Explainer_3,Email,Consideration,Mobile,United States,Returning,2024-05-28,22.67,2338,364,21,1452.65
CMP-1022,Email_Signup_Push_4,Email,Conversion,Desktop,United Kingdom,Retargeting,2024-05-28,12.18,1325,169,28,1341.32
CMP-1011,Facebook_Sale_Drive_5,Facebook,Conversion,Mobile,India,New,2024-05-28,29.14,4698,70,2,134.52
CMP-1001,GoogleAds_Sale_Drive_1,Google Ads,Conversion,Mobile,Canada,Retargeting,2024-05-28,241.88,5777,192,16,1345.06
CMP-1013,Instagram_Interest_Boost_1,Instagram,Consideration,Mobile,United States,Returning,2024-05-28,116.51,4939,89,1,74.07
CMP-1030,Affiliate_Impression_Blitz_6,Affiliate,Awareness,Tablet,United States,New,2024-05-29,84.04,7851,109,1,81.14
CMP-1021,Email_Product_Explainer_3,Email,Consideration,Mobile,United States,Returning,2024-05-29,18.0,2227,308,12,844.53
CMP-1022,Email_Signup_Push_4,Email,Conversion,Desktop,United Kingdom,Retargeting,2024-05-29,13.07,1234,193,42,2032.45
CMP-1011,Facebook_Sale_Drive_5,Facebook,Conversion,Mobile,India,New,2024-05-29,29.29,5564,75,3,241.16
CMP-1001,GoogleAds_Sale_Drive_1,Google Ads,Conversion,Mobile,Canada,Retargeting,2024-05-29,341.84,5176,215,9,945.86
CMP-1013,Instagram_Interest_Boost_1,Instagram,Consideration,Mobile,United States,Returning,2024-05-29,90.56,6337,81,2,154.29
CMP-1030,Affiliate_Impression_Blitz_6,Affiliate,Awareness,Tablet,United States,New,2024-05-30,27.63,4654,63,1,56.66
CMP-1021,Email_Product_Explainer_3,Email,Consideration,Mobile,United States,Returning,2024-05-30,22.79,2755,307,18,1475.16
CMP-1022,Email_Signup_Push_4,Email,Conversion,Desktop,United Kingdom,Retargeting,2024-05-30,13.91,1254,192,40,3423.67
CMP-1011,Facebook_Sale_Drive_5,Facebook,Conversion,Mobile,India,New,2024-05-30,14.53,4062,83,3,224.05
CMP-1001,GoogleAds_Sale_Drive_1,Google Ads,Conversion,Mobile,Canada,Retargeting,2024-05-30,129.09,4376,150,8,934.5
CMP-1013,Instagram_Interest_Boost_1,Instagram,Consideration,Mobile,United States,Returning,2024-05-30,58.27,3943,52,1,89.39
CMP-1030,Affiliate_Impression_Blitz_6,Affiliate,Awareness,Tablet,United States,New,2024-05-31,7.7,3238,10,0,0.0
CMP-1021,Email_Product_Explainer_3,Email,Consideration,Mobile,United States,Returning,2024-05-31,15.67,2285,301,21,1449.79
CMP-1022,Email_Signup_Push_4,Email,Conversion,Desktop,United Kingdom,Retargeting,2024-05-31,11.53,1243,205,42,2908.03
CMP-1011,Facebook_Sale_Drive_5,Facebook,Conversion,Mobile,India,New,2024-05-31,25.25,3535,64,2,129.47
CMP-1001,GoogleAds_Sale_Drive_1,Google Ads,Conversion,Mobile,Canada,Retargeting,2024-05-31,194.26,5789,207,27,2278.84
CMP-1013,Instagram_Interest_Boost_1,Instagram,Consideration,Mobile,United States,Returning,2024-05-31,176.73,9317,160,3,158.65
CMP-1030,Affiliate_Impression_Blitz_6,Affiliate,Awareness,Tablet,United States,New,2024-06-01,25.44,3139,35,0,0.0
CMP-1021,Email_Product_Explainer_3,Email,Consideration,Mobile,United States,Returning,2024-06-01,16.44,2276,211,10,836.34
CMP-1022,Email_Signup_Push_4,Email,Conversion,Desktop,United Kingdom,Retargeting,2024-06-01,7.28,1177,153,27,1870.13
CMP-1011,Facebook_Sale_Drive_5,Facebook,Conversion,Mobile,India,New,2024-06-01,55.79,7828,131,4,367.7
CMP-1001,GoogleAds_Sale_Drive_1,Google Ads,Conversion,Mobile,Canada,Retargeting,2024-06-01,195.74,3938,175,20,1699.31
CMP-1013,Instagram_Interest_Boost_1,Instagram,Consideration,Mobile,United States,Returning,2024-06-01,45.65,5563,68,3,223.23
CMP-1030,Affiliate_Impression_Blitz_6,Affiliate,Awareness,Tablet,United States,New,2024-06-02,44.73,5697,84,1,73.12
CMP-1021,Email_Product_Explainer_3,Email,Consideration,Mobile,United States,Returning,2024-06-02,13.12,2015,215,10,665.6
CMP-1022,Email_Signup_Push_4,Email,Conversion,Desktop,United Kingdom,Retargeting,2024-06-02,17.99,1328,220,32,1738.04
CMP-1011,Facebook_Sale_Drive_5,Facebook,Conversion,Mobile,India,New,2024-06-02,42.09,3452,102,5,419.96
CMP-1001,GoogleAds_Sale_Drive_1,Google Ads,Conversion,Mobile,Canada,Retargeting,2024-06-02,87.85,4317,80,6,583.21
CMP-1013,Instagram_Interest_Boost_1,Instagram,Consideration,Mobile,United States,Returning,2024-06-02,73.4,5777,69,1,59.54
CMP-1030,Affiliate_Impression_Blitz_6,Affiliate,Awareness,Tablet,United States,New,2024-06-03,37.18,4254,54,1,68.86
CMP-1021,Email_Product_Explainer_3,Email,Consideration,Mobile,United States,Returning,2024-06-03,25.28,2490,304,19,1210.57
CMP-1022,Email_Signup_Push_4,Email,Conversion,Desktop,United Kingdom,Retargeting,2024-06-03,5.75,1349,144,28,1938.54
CMP-1011,Facebook_Sale_Drive_5,Facebook,Conversion,Mobile,India,New,2024-06-03,37.18,4897,99,2,143.42
CMP-1001,GoogleAds_Sale_Drive_1,Google Ads,Conversion,Mobile,Canada,Retargeting,2024-06-03,122.66,3579,89,5,439.65
CMP-1013,Instagram_Interest_Boost_1,Instagram,Consideration,Mobile,United States,Returning,2024-06-03,164.37,8816,174,5,403.67
CMP-1030,Affiliate_Impression_Blitz_6,Affiliate,Awareness,Tablet,United States,New,2024-06-04,26.3,2982,38,0,0.0
CMP-1021,Email_Product_Explainer_3,Email,Consideration,Mobile,United States,Returning,2024-06-04,10.88,1356,175,11,657.9
CMP-1022,Email_Signup_Push_4,Email,Conversion,Desktop,United Kingdom,Retargeting,2024-06-04,5.26,1208,128,25,1349.34
CMP-1011,Facebook_Sale_Drive_5,Facebook,Conversion,Mobile,India,New,2024-06-04,38.97,2822,79,3,240.13
CMP-1001,GoogleAds_Sale_Drive_1,Google Ads,Conversion,Mobile,Canada,Retargeting,2024-06-04,115.76,3972,92,2,215.53
CMP-1003,GoogleAds_Retarget_Convert_3,Google Ads,Conversion,Desktop,Canada,Returning,2024-06-04,92.11,3687,97,11,1124.61
CMP-1013,Instagram_Interest_Boost_1,Instagram,Consideration,Mobile,United States,Returning,2024-06-04,117.56,7546,140,2,168.71
CMP-1030,Affiliate_Impression_Blitz_6,Affiliate,Awareness,Tablet,United States,New,2024-06-05,68.59,5938,65,1,122.18
CMP-1021,Email_Product_Explainer_3,Email,Consideration,Mobile,United States,Returning,2024-06-05,17.41,1939,229,5,228.79
CMP-1022,Email_Signup_Push_4,Email,Conversion,Desktop,United Kingdom,Retargeting,2024-06-05,10.11,1431,158,24,1980.66
CMP-1011,Facebook_Sale_Drive_5,Facebook,Conversion,Mobile,India,New,2024-06-05,35.11,4918,87,3,230.47
CMP-1001,GoogleAds_Sale_Drive_1,Google Ads,Conversion,Mobile,Canada,Retargeting,2024-06-05,40.07,3144,48,4,218.84
CMP-1003,GoogleAds_Retarget_Convert_3,Google Ads,Conversion,Desktop,Canada,Returning,2024-06-05,94.2,2692,93,9,1059.29
CMP-1013,Instagram_Interest_Boost_1,Instagram,Consideration,Mobile,United States,Returning,2024-06-05,112.37,4728,82,3,273.44
CMP-1030,Affiliate_Impression_Blitz_6,Affiliate,Awareness,Tablet,United States,New,2024-06-06,28.79,4246,37,0,0.0
CMP-1021,Email_Product_Explainer_3,Email,Consideration,Mobile,United States,Returning,2024-06-06,17.34,1981,248,21,1498.89
CMP-1022,Email_Signup_Push_4,Email,Conversion,Desktop,United Kingdom,Retargeting,2024-06-06,16.53,1568,217,32,3244.44
CMP-1011,Facebook_Sale_Drive_5,Facebook,Conversion,Mobile,India,New,2024-06-06,32.55,3553,79,4,263.28
CMP-1001,GoogleAds_Sale_Drive_1,Google Ads,Conversion,Mobile,Canada,Retargeting,2024-06-06,199.99,4972,152,24,1879.43
CMP-1003,GoogleAds_Retarget_Convert_3,Google Ads,Conversion,Desktop,Canada,Returning,2024-06-06,209.67,3652,138,13,1470.91
CMP-1013,Instagram_Interest_Boost_1,Instagram,Consideration,Mobile,United States,Returning,2024-06-06,113.48,5147,96,3,200.62
CMP-1030,Affiliate_Impression_Blitz_6,Affiliate,Awareness,Tablet,United States,New,2024-06-07,61.9,5671,68,0,0.0
CMP-1021,Email_Product_Explainer_3,Email,Consideration,Mobile,United States,Returning,2024-06-07,17.68,1878,228,15,1397.11
CMP-1022,Email_Signup_Push_4,Email,Conversion,Desktop,United Kingdom,Retargeting,2024-06-07,11.04,1119,185,38,2809.09
CMP-1011,Facebook_Sale_Drive_5,Facebook,Conversion,Mobile,India,New,2024-06-07,38.51,4191,85,2,157.98
CMP-1003,GoogleAds_Retarget_Convert_3,Google Ads,Conversion,Desktop,Canada,Returning,2024-06-07,80.79,2174,82,11,829.6
CMP-1013,Instagram_Interest_Boost_1,Instagram,Consideration,Mobile,United States,Returning,2024-06-07,54.77,7241,51,1,86.35
CMP-1030,Affiliate_Impression_Blitz_6,Affiliate,Awareness,Tablet,United States,New,2024-06-08,48.47,5443,67,1,64.93
CMP-1021,Email_Product_Explainer_3,Email,Consideration,Mobile,United States,Returning,2024-06-08,16.07,2000,233,16,1177.74
CMP-1022,Email_Signup_Push_4,Email,Conversion,Desktop,United Kingdom,Retargeting,2024-06-08,9.87,1153,143,32,1927.3
CMP-1011,Facebook_Sale_Drive_5,Facebook,Conversion,Mobile,India,New,2024-06-08,24.42,5513,60,2,138.56
CMP-1003,GoogleAds_Retarget_Convert_3,Google Ads,Conversion,Desktop,Canada,Returning,2024-06-08,115.29,2620,124,4,479.52
CMP-1013,Instagram_Interest_Boost_1,Instagram,Consideration,Mobile,United States,Returning,2024-06-08,91.73,4670,95,2,184.25
CMP-1030,Affiliate_Impression_Blitz_6,Affiliate,Awareness,Tablet,United States,New,2024-06-09,28.97,4649,66,0,0.0
CMP-1021,Email_Product_Explainer_3,Email,Consideration,Mobile,United States,Returning,2024-06-09,10.72,2085,238,13,993.28
CMP-1022,Email_Signup_Push_4,Email,Conversion,Desktop,United Kingdom,Retargeting,2024-06-09,6.63,1510,192,25,924.7
CMP-1011,Facebook_Sale_Drive_5,Facebook,Conversion,Mobile,India,New,2024-06-09,45.06,4842,140,4,258.93
CMP-1003,GoogleAds_Retarget_Convert_3,Google Ads,Conversion,Desktop,Canada,Returning,2024-06-09,138.17,3731,125,8,665.66
CMP-1013,Instagram_Interest_Boost_1,Instagram,Consideration,Mobile,United States,Returning,2024-06-09,42.18,2207,37,1,52.11
CMP-1030,Affiliate_Impression_Blitz_6,Affiliate,Awareness,Tablet,United States,New,2024-06-10,97.91,7995,115,1,98.38
CMP-1021,Email_Product_Explainer_3,Email,Consideration,Mobile,United States,Returning,2024-06-10,19.87,2196,245,8,503.56
CMP-1022,Email_Signup_Push_4,Email,Conversion,Desktop,United Kingdom,Retargeting,2024-06-10,6.47,942,125,19,900.26
CMP-1003,GoogleAds_Retarget_Convert_3,Google Ads,Conversion,Desktop,Canada,Returning,2024-06-10,275.99,5329,213,14,1530.24
CMP-1013,Instagram_Interest_Boost_1,Instagram,Consideration,Mobile,United States,Returning,2024-06-10,152.41,6236,119,4,328.63
CMP-1030,Affiliate_Impression_Blitz_6,Affiliate,Awareness,Tablet,United States,New,2024-06-11,19.71,2500,31,0,0.0
CMP-1021,Email_Product_Explainer_3,Email,Consideration,Mobile,United States,Returning,2024-06-11,15.78,1912,238,16,1040.15
CMP-1022,Email_Signup_Push_4,Email,Conversion,Desktop,United Kingdom,Retargeting,2024-06-11,10.25,1887,285,50,4351.58
CMP-1003,GoogleAds_Retarget_Convert_3,Google Ads,Conversion,Desktop,Canada,Returning,2024-06-11,227.71,6943,192,17,1583.14
CMP-1013,Instagram_Interest_Boost_1,Instagram,Consideration,Mobile,United States,Returning,2024-06-11,54.75,3620,60,2,173.53
CMP-1030,Affiliate_Impression_Blitz_6,Affiliate,Awareness,Tablet,United States,New,2024-06-12,39.91,3709,58,1,105.8
CMP-1021,Email_Product_Explainer_3,Email,Consideration,Mobile,United States,Returning,2024-06-12,16.34,1632,209,10,800.52
CMP-1022,Email_Signup_Push_4,Email,Conversion,Desktop,United Kingdom,Retargeting,2024-06-12,7.31,865,110,20,1108.05
CMP-1003,GoogleAds_Retarget_Convert_3,Google Ads,Conversion,Desktop,Canada,Returning,2024-06-12,143.5,3265,134,12,1022.1
CMP-1013,Instagram_Interest_Boost_1,Instagram,Consideration,Mobile,United States,Returning,2024-06-12,152.14,9297,141,4,282.22
CMP-1030,Affiliate_Impression_Blitz_6,Affiliate,Awareness,Tablet,United States,New,2024-06-13,27.45,4459,48,1,78.46
CMP-1021,Email_Product_Explainer_3,Email,Consideration,Mobile,United States,Returning,2024-06-13,24.27,2549,316,21,1944.31
CMP-1022,Email_Signup_Push_4,Email,Conversion,Desktop,United Kingdom,Retargeting,2024-06-13,5.92,1188,149,21,1332.68
CMP-1003,GoogleAds_Retarget_Convert_3,Google Ads,Conversion,Desktop,Canada,Returning,2024-06-13,214.25,5455,201,12,744.77
CMP-1013,Instagram_Interest_Boost_1,Instagram,Consideration,Mobile,United States,Returning,2024-06-13,116.79,6657,93,2,115.74
CMP-1030,Affiliate_Impression_Blitz_6,Affiliate,Awareness,Tablet,United States,New,2024-06-14,42.99,7815,57,1,80.37
CMP-1021,Email_Product_Explainer_3,Email,Consideration,Mobile,United States,Returning,2024-06-14,11.98,2175,210,11,948.34
CMP-1022,Email_Signup_Push_4,Email,Conversion,Desktop,United Kingdom,Retargeting,2024-06-14,4.54,991,106,25,1900.53
CMP-1003,GoogleAds_Retarget_Convert_3,Google Ads,Conversion,Desktop,Canada,Returning,2024-06-14,132.24,4164,125,9,802.43
CMP-1013,Instagram_Interest_Boost_1,Instagram,Consideration,Mobile,United States,Returning,2024-06-14,52.97,4674,77,2,173.12
CMP-1030,Affiliate_Impression_Blitz_6,Affiliate,Awareness,Tablet,United States,New,2024-06-15,81.44,6478,89,1,111.16
CMP-1021,Email_Product_Explainer_3,Email,Consideration,Mobile,United States,Returning,2024-06-15,7.39,1342,134,8,622.85
CMP-1022,Email_Signup_Push_4,Email,Conversion,Desktop,United Kingdom,Retargeting,2024-06-15,14.33,1810,226,40,3445.73
CMP-1003,GoogleAds_Retarget_Convert_3,Google Ads,Conversion,Desktop,Canada,Returning,2024-06-15,118.65,3363,116,9,595.59
CMP-1013,Instagram_Interest_Boost_1,Instagram,Consideration,Mobile,United States,Returning,2024-06-15,67.31,4547,63,3,174.07
CMP-1030,Affiliate_Impression_Blitz_6,Affiliate,Awareness,Tablet,United States,New,2024-06-16,65.23,5866,73,1,94.68
CMP-1021,Email_Product_Explainer_3,Email,Consideration,Mobile,United States,Returning,2024-06-16,16.72,1713,219,10,684.3
CMP-1022,Email_Signup_Push_4,Email,Conversion,Desktop,United Kingdom,Retargeting,2024-06-16,11.78,1023,169,31,2032.27
CMP-1003,GoogleAds_Retarget_Convert_3,Google Ads,Conversion,Desktop,Canada,Returning,2024-06-16,232.76,3932,138,22,2376.41
CMP-1013,Instagram_Interest_Boost_1,Instagram,Consideration,Mobile,United States,Returning,2024-06-16,47.67,2582,48,1,71.62
CMP-1030,Affiliate_Impression_Blitz_6,Affiliate,Awareness,Tablet,United States,New,2024-06-17,50.97,3741,51,1,51.05
CMP-1021,Email_Product_Explainer_3,Email,Consideration,Mobile,United States,Returning,2024-06-17,10.72,1128,169,12,846.8
CMP-1022,Email_Signup_Push_4,Email,Conversion,Desktop,United Kingdom,Retargeting,2024-06-17,8.85,1137,159,37,2332.73
CMP-1003,GoogleAds_Retarget_Convert_3,Google Ads,Conversion,Desktop,Canada,Returning,2024-06-17,172.72,3967,136,20,2342.36
CMP-1013,Instagram_Interest_Boost_1,Instagram,Consideration,Mobile,United States,Returning,2024-06-17,38.96,4318,37,1,73.47
CMP-1030,Affiliate_Impression_Blitz_6,Affiliate,Awareness,Tablet,United States,New,2024-06-18,31.7,3897,31,0,0.0
CMP-1021,Email_Product_Explainer_3,Email,Consideration,Mobile,United States,Returning,2024-06-18,19.88,2018,248,10,587.77
CMP-1022,Email_Signup_Push_4,Email,Conversion,Desktop,United Kingdom,Retargeting,2024-06-18,9.16,1180,143,20,1377.53
CMP-1003,GoogleAds_Retarget_Convert_3,Google Ads,Conversion,Desktop,Canada,Returning,2024-06-18,296.86,4020,213,18,1418.46
CMP-1013,Instagram_Interest_Boost_1,Instagram,Consideration,Mobile,United States,Returning,2024-06-18,102.73,8197,105,2,167.06
CMP-1030,Affiliate_Impression_Blitz_6,Affiliate,Awareness,Tablet,United States,New,2024-06-19,27.54,3695,67,1,76.1
CMP-1021,Email_Product_Explainer_3,Email,Consideration,Mobile,United States,Returning,2024-06-19,13.8,1901,212,19,955.21
CMP-1022,Email_Signup_Push_4,Email,Conversion,Desktop,United Kingdom,Retargeting,2024-06-19,14.14,1331,222,35,2111.12
CMP-1003,GoogleAds_Retarget_Convert_3,Google Ads,Conversion,Desktop,Canada,Returning,2024-06-19,136.99,3458,124,11,1067.01
CMP-1013,Instagram_Interest_Boost_1,Instagram,Consideration,Mobile,United States,Returning,2024-06-19,268.1,10425,242,6,393.92
CMP-1030,Affiliate_Impression_Blitz_6,Affiliate,Awareness,Tablet,United States,New,2024-06-20,29.65,3755,54,0,0.0
CMP-1021,Email_Product_Explainer_3,Email,Consideration,Mobile,United States,Returning,2024-06-20,17.32,1713,213,19,1029.95
CMP-1022,Email_Signup_Push_4,Email,Conversion,Desktop,United Kingdom,Retargeting,2024-06-20,8.2,1193,149,16,975.62
CMP-1003,GoogleAds_Retarget_Convert_3,Google Ads,Conversion,Desktop,Canada,Returning,2024-06-20,95.81,2385,82,6,479.93
CMP-1013,Instagram_Interest_Boost_1,Instagram,Consideration,Mobile,United States,Returning,2024-06-20,141.08,7665,96,3,194.64
CMP-1030,Affiliate_Impression_Blitz_6,Affiliate,Awareness,Tablet,United States,New,2024-06-21,34.17,6790,76,1,91.25
CMP-1021,Email_Product_Explainer_3,Email,Consideration,Mobile,United States,Returning,2024-06-21,19.91,2792,272,22,1509.41
CMP-1022,Email_Signup_Push_4,Email,Conversion,Desktop,United Kingdom,Retargeting,2024-06-21,9.66,1257,215,33,2410.37
CMP-1003,GoogleAds_Retarget_Convert_3,Google Ads,Conversion,Desktop,Canada,Returning,2024-06-21,41.25,2228,39,2,163.18
CMP-1013,Instagram_Interest_Boost_1,Instagram,Consideration,Mobile,United States,Returning,2024-06-21,88.25,6165,87,2,150.64
CMP-1030,Affiliate_Impression_Blitz_6,Affiliate,Awareness,Tablet,United States,New,2024-06-22,30.42,4027,36,54,0.0
CMP-1021,Email_Product_Explainer_3,Email,Consideration,Mobile,United States,Returning,2024-06-22,13.35,1280,187,14,901.96
CMP-1022,Email_Signup_Push_4,Email,Conversion,Desktop,United Kingdom,Retargeting,2024-06-22,1.47,138,23,2,140.54
CMP-1003,GoogleAds_Retarget_Convert_3,Google Ads,Conversion,Desktop,Canada,Returning,2024-06-22,76.78,4147,118,11,1153.08
CMP-1013,Instagram_Interest_Boost_1,Instagram,Consideration,Mobile,United States,Returning,2024-06-22,64.93,4987,57,1,87.41
CMP-1030,Affiliate_Impression_Blitz_6,Affiliate,Awareness,Tablet,United States,New,2024-06-23,41.59,4186,66,1,89.11
CMP-1021,Email_Product_Explainer_3,Email,Consideration,Mobile,United States,Returning,2024-06-23,16.36,2118,262,15,750.21
CMP-1022,Email_Signup_Push_4,Email,Conversion,Desktop,United Kingdom,Retargeting,2024-06-23,10.65,1187,165,31,2916.82
CMP-1003,GoogleAds_Retarget_Convert_3,Google Ads,Conversion,Desktop,Canada,Returning,2024-06-23,101.91,3240,111,8,730.89
CMP-1013,Instagram_Interest_Boost_1,Instagram,Consideration,Mobile,United States,Returning,2024-06-23,99.42,4122,67,1,104.47
CMP-1030,Affiliate_Impression_Blitz_6,Affiliate,Awareness,Tablet,United States,New,2024-06-24,32.5,5833,49,0,0.0
CMP-1021,Email_Product_Explainer_3,Email,Consideration,Mobile,United States,Returning,2024-06-24,23.31,3093,330,24,1621.04
CMP-1022,Email_Signup_Push_4,Email,Conversion,Desktop,United Kingdom,Retargeting,2024-06-24,9.15,1306,135,24,1760.92
CMP-1003,GoogleAds_Retarget_Convert_3,Google Ads,Conversion,Desktop,Canada,Returning,2024-06-24,81.9,3254,99,9,1087.28
CMP-1013,Instagram_Interest_Boost_1,Instagram,Consideration,Mobile,United States,Returning,2024-06-24,118.17,10110,122,4,215.68
CMP-1030,Affiliate_Impression_Blitz_6,Affiliate,Awareness,Tablet,United States,New,2024-06-25,36.08,2582,51,0,0.0
CMP-1021,Email_Product_Explainer_3,Email,Consideration,Mobile,United States,Returning,2024-06-25,24.75,2539,296,17,1089.74
CMP-1022,Email_Signup_Push_4,Email,Conversion,Desktop,United Kingdom,Retargeting,2024-06-25,19.06,1638,312,47,3858.23
CMP-1003,GoogleAds_Retarget_Convert_3,Google Ads,Conversion,Desktop,Canada,Returning,2024-06-25,142.6,3909,194,11,924.16
CMP-1013,Instagram_Interest_Boost_1,Instagram,Consideration,Mobile,United States,Returning,2024-06-25,123.04,5987,85,3,234.6
CMP-1030,Affiliate_Impression_Blitz_6,Affiliate,Awareness,Tablet,United States,New,2024-06-26,39.42,4870,49,1,93.81
CMP-1021,Email_Product_Explainer_3,Email,Consideration,Mobile,United States,Returning,2024-06-26,14.49,1984,217,8,429.15
CMP-1022,Email_Signup_Push_4,Email,Conversion,Desktop,United Kingdom,Retargeting,2024-06-26,11.15,1725,253,40,2195.5
CMP-1003,GoogleAds_Retarget_Convert_3,Google Ads,Conversion,Desktop,Canada,Returning,2024-06-26,160.69,4761,168,13,1411.14
CMP-1013,Instagram_Interest_Boost_1,Instagram,Consideration,Mobile,United States,Returning,2024-06-26,203.24,10212,188,7,416.69
CMP-1030,Affiliate_Impression_Blitz_6,Affiliate,Awareness,Tablet,United States,New,2024-06-27,29.61,3338,59,1,107.89
CMP-1021,Email_Product_Explainer_3,Email,Consideration,Mobile,United States,Returning,2024-06-27,15.68,1433,210,17,1078.97
CMP-1022,Email_Signup_Push_4,Email,Conversion,Desktop,United Kingdom,Retargeting,2024-06-27,10.6,1239,162,31,2307.27
CMP-1003,GoogleAds_Retarget_Convert_3,Google Ads,Conversion,Desktop,Canada,Returning,2024-06-27,295.66,4095,199,20,1872.26
CMP-1013,Instagram_Interest_Boost_1,Instagram,Consideration,Mobile,United States,Returning,2024-06-27,155.61,8888,108,4,350.28
CMP-1030,Affiliate_Impression_Blitz_6,Affiliate,Awareness,Tablet,United States,New,2024-06-28,27.47,4407,51,0,0.0
CMP-1021,Email_Product_Explainer_3,Email,Consideration,Mobile,United States,Returning,2024-06-28,10.42,1319,153,11,704.79
CMP-1022,Email_Signup_Push_4,Email,Conversion,Desktop,United Kingdom,Retargeting,2024-06-28,14.37,1565,250,29,1715.37
CMP-1003,GoogleAds_Retarget_Convert_3,Google Ads,Conversion,Desktop,Canada,Returning,2024-06-28,142.58,3189,119,13,1367.32
CMP-1013,Instagram_Interest_Boost_1,Instagram,Consideration,Mobile,United States,Returning,2024-06-28,70.22,3142,57,1,61.5
CMP-1030,Affiliate_Impression_Blitz_6,Affiliate,Awareness,Tablet,United States,New,2024-06-29,46.79,3616,63,1,85.35
CMP-1021,Email_Product_Explainer_3,Email,Consideration,Mobile,United States,Returning,2024-06-29,13.77,1615,199,11,664.98
CMP-1022,Email_Signup_Push_4,Email,Conversion,Desktop,United Kingdom,Retargeting,2024-06-29,6.81,848,131,22,1602.49
CMP-1003,GoogleAds_Retarget_Convert_3,Google Ads,Conversion,Desktop,Canada,Returning,2024-06-29,258.74,4706,175,19,1607.31
CMP-1013,Instagram_Interest_Boost_1,Instagram,Consideration,Mobile,United States,Returning,2024-06-29,95.94,4601,84,2,130.03
CMP-1030,Affiliate_Impression_Blitz_6,Affiliate,Awareness,Tablet,United States,New,2024-06-30,31.85,3554,34,0,0.0
CMP-1021,Email_Product_Explainer_3,Email,Consideration,Mobile,United States,Returning,2024-06-30,17.79,1491,196,8,634.74
CMP-1022,Email_Signup_Push_4,Email,Conversion,Desktop,United Kingdom,Retargeting,2024-06-30,12.66,1394,234,44,3362.81
CMP-1003,GoogleAds_Retarget_Convert_3,Google Ads,Conversion,Desktop,Canada,Returning,2024-06-30,235.47,5050,182,11,1002.97
CMP-1013,Instagram_Interest_Boost_1,Instagram,Consideration,Mobile,United States,Returning,2024-06-30,93.87,4596,88,3,198.45
CMP-1030,Affiliate_Impression_Blitz_6,Affiliate,Awareness,Tablet,United States,New,2024-07-01,45.78,5101,62,1,119.31
CMP-1021,Email_Product_Explainer_3,Email,Consideration,Mobile,United States,Returning,2024-07-01,14.48,1640,173,8,357.67
CMP-1022,Email_Signup_Push_4,Email,Conversion,Desktop,United Kingdom,Retargeting,2024-07-01,6.79,1114,137,12,823.32
CMP-1003,GoogleAds_Retarget_Convert_3,Google Ads,Conversion,Desktop,Canada,Returning,2024-07-01,223.61,4436,163,19,1711.66
CMP-1013,Instagram_Interest_Boost_1,Instagram,Consideration,Mobile,United States,Returning,2024-07-01,91.55,6187,96,3,218.96
CMP-1030,Affiliate_Impression_Blitz_6,Affiliate,Awareness,Tablet,United States,New,2024-07-02,46.07,5095,75,0,0.0
CMP-1021,Email_Product_Explainer_3,Email,Consideration,Mobile,United States,Returning,2024-07-02,15.63,1837,228,7,305.86
CMP-1022,Email_Signup_Push_4,Email,Conversion,Desktop,United Kingdom,Retargeting,2024-07-02,9.01,915,133,25,2436.64
CMP-1003,GoogleAds_Retarget_Convert_3,Google Ads,Conversion,Desktop,Canada,Returning,2024-07-02,265.78,4955,261,20,1563.1
CMP-1013,Instagram_Interest_Boost_1,Instagram,Consideration,Mobile,United States,Returning,2024-07-02,190.59,6223,174,3,234.91
CMP-1030,Affiliate_Impression_Blitz_6,Affiliate,Awareness,Tablet,United States,New,2024-07-03,25.25,4507,64,0,0.0
CMP-1021,Email_Product_Explainer_3,Email,Consideration,Mobile,United States,Returning,2024-07-03,17.25,1949,245,17,1156.68
CMP-1022,Email_Signup_Push_4,Email,Conversion,Desktop,United Kingdom,Retargeting,2024-07-03,5.64,1240,137,13,1111.22
CMP-1003,GoogleAds_Retarget_Convert_3,Google Ads,Conversion,Desktop,Canada,Returning,2024-07-03,106.72,5245,81,9,926.68
CMP-1013,Instagram_Interest_Boost_1,Instagram,Consideration,Mobile,United States,Returning,2024-07-03,286.41,11826,227,4,321.77
CMP-1030,Affiliate_Impression_Blitz_6,Affiliate,Awareness,Tablet,United States,New,2024-07-04,74.44,5294,83,1,91.62
CMP-1021,Email_Product_Explainer_3,Email,Consideration,Mobile,United States,Returning,2024-07-04,11.55,2243,199,7,484.24
CMP-1022,Email_Signup_Push_4,Email,Conversion,Desktop,United Kingdom,Retargeting,2024-07-04,12.39,1755,269,42,3461.2
CMP-1003,GoogleAds_Retarget_Convert_3,Google Ads,Conversion,Desktop,Canada,Returning,2024-07-04,127.89,5124,94,9,924.91
CMP-1013,Instagram_Interest_Boost_1,Instagram,Consideration,Mobile,United States,Returning,2024-07-04,76.49,4358,71,2,147.85
CMP-1030,Affiliate_Impression_Blitz_6,Affiliate,Awareness,Tablet,United States,New,2024-07-05,23.68,3642,38,0,0.0
CMP-1021,Email_Product_Explainer_3,Email,Consideration,Mobile,United States,Returning,2024-07-05,11.27,1381,173,11,802.42
CMP-1022,Email_Signup_Push_4,Email,Conversion,Desktop,United Kingdom,Retargeting,2024-07-05,10.05,1359,187,21,1624.45
CMP-1003,GoogleAds_Retarget_Convert_3,Google Ads,Conversion,Desktop,Canada,Returning,2024-07-05,157.53,4565,145,9,916.46
CMP-1013,Instagram_Interest_Boost_1,Instagram,Consideration,Mobile,United States,Returning,2024-07-05,79.24,6753,78,2,112.57
CMP-1030,Affiliate_Impression_Blitz_6,Affiliate,Awareness,Tablet,United States,New,2024-07-06,35.62,5138,64,0,0.0
CMP-1021,Email_Product_Explainer_3,Email,Consideration,Mobile,United States,Returning,2024-07-06,12.76,1493,178,8,491.22
CMP-1022,Email_Signup_Push_4,Email,Conversion,Desktop,United Kingdom,Retargeting,2024-07-06,17.65,1608,232,51,4568.76
CMP-1003,GoogleAds_Retarget_Convert_3,Google Ads,Conversion,Desktop,Canada,Returning,2024-07-06,200.08,4093,151,13,1526.88
CMP-1013,Instagram_Interest_Boost_1,Instagram,Consideration,Mobile,United States,Returning,2024-07-06,100.86,6717,98,2,167.39
CMP-1030,Affiliate_Impression_Blitz_6,Affiliate,Awareness,Tablet,United States,New,2024-07-07,30.66,4073,66,1,118.13
CMP-1021,Email_Product_Explainer_3,Email,Consideration,Mobile,United States,Returning,2024-07-07,16.74,1728,212,8,454.12
CMP-1022,Email_Signup_Push_4,Email,Conversion,Desktop,United Kingdom,Retargeting,2024-07-07,8.91,951,128,15,756.17
CMP-1003,GoogleAds_Retarget_Convert_3,Google Ads,Conversion,Desktop,Canada,Returning,2024-07-07,229.47,4017,173,18,2088.02
CMP-1013,Instagram_Interest_Boost_1,Instagram,Consideration,Mobile,United States,Returning,2024-07-07,151.16,5697,118,4,293.18
CMP-1030,Affiliate_Impression_Blitz_6,Affiliate,Awareness,Tablet,United States,New,2024-07-08,20.88,4155,41,0,0.0
CMP-1021,Email_Product_Explainer_3,Email,Consideration,Mobile,United States,Returning,2024-07-08,17.85,1902,230,14,950.75
CMP-1022,Email_Signup_Push_4,Email,Conversion,Desktop,United Kingdom,Retargeting,2024-07-08,8.38,1641,217,20,1695.45
CMP-1003,GoogleAds_Retarget_Convert_3,Google Ads,Conversion,Desktop,Canada,Returning,2024-07-08,122.31,2711,112,13,1115.28
CMP-1013,Instagram_Interest_Boost_1,Instagram,Consideration,Mobile,United States,Returning,2024-07-08,189.92,6535,143,4,357.9
CMP-1030,Affiliate_Impression_Blitz_6,Affiliate,Awareness,Tablet,United States,New,2024-07-09,30.51,3740,52,1,102.67
CMP-1021,Email_Product_Explainer_3,Email,Consideration,Mobile,United States,Returning,2024-07-09,19.17,2918,365,19,1189.31
CMP-1022,Email_Signup_Push_4,Email,Conversion,Desktop,United Kingdom,Retargeting,2024-07-09,9.35,1088,128,21,1173.21
CMP-1003,GoogleAds_Retarget_Convert_3,Google Ads,Conversion,Desktop,Canada,Returning,2024-07-09,150.62,4659,155,14,1374.49
CMP-1013,Instagram_Interest_Boost_1,Instagram,Consideration,Mobile,United States,Returning,2024-07-09,86.93,4418,92,3,193.72
CMP-1030,Affiliate_Impression_Blitz_6,Affiliate,Awareness,Tablet,United States,New,2024-07-10,35.89,4478,51,1,83.07
CMP-1021,Email_Product_Explainer_3,Email,Consideration,Mobile,United States,Returning,2024-07-10,25.09,2116,311,22,1913.67
CMP-1022,Email_Signup_Push_4,Email,Conversion,Desktop,United Kingdom,Retargeting,2024-07-10,15.63,1373,214,31,1893.87
CMP-1003,GoogleAds_Retarget_Convert_3,Google Ads,Conversion,Desktop,Canada,Returning,2024-07-10,107.39,2431,112,15,1225.1
CMP-1013,Instagram_Interest_Boost_1,Instagram,Consideration,Mobile,United States,Returning,2024-07-10,111.46,6529,118,1,52.66
CMP-1030,Affiliate_Impression_Blitz_6,Affiliate,Awareness,Tablet,United States,New,2024-07-11,50.84,7294,93,1,62.35
CMP-1021,Email_Product_Explainer_3,Email,Consideration,Mobile,United States,Returning,2024-07-11,7.62,1193,115,5,320.16
CMP-1022,Email_Signup_Push_4,Email,Conversion,Desktop,United Kingdom,Retargeting,2024-07-11,10.38,1370,236,24,1796.91
CMP-1003,GoogleAds_Retarget_Convert_3,Google Ads,Conversion,Desktop,Canada,Returning,2024-07-11,172.82,3039,141,17,1570.57
CMP-1013,Instagram_Interest_Boost_1,Instagram,Consideration,Mobile,United States,Returning,2024-07-11,84.45,7271,73,2,147.09
CMP-1021,Email_Product_Explainer_3,Email,Consideration,Mobile,United States,Returning,2024-07-12,13.54,2209,250,12,808.19
CMP-1022,Email_Signup_Push_4,Email,Conversion,Desktop,United Kingdom,Retargeting,2024-07-12,5.42,1515,190,34,2825.22
CMP-1003,GoogleAds_Retarget_Convert_3,Google Ads,Conversion,Desktop,Canada,Returning,2024-07-12,260.34,5312,204,18,1477.23
CMP-1013,Instagram_Interest_Boost_1,Instagram,Consideration,Mobile,United States,Returning,2024-07-12,163.94,6934,118,4,365.05
CMP-1021,Email_Product_Explainer_3,Email,Consideration,Mobile,United States,Returning,2024-07-13,23.35,2046,273,6,589.79
CMP-1022,Email_Signup_Push_4,Email,Conversion,Desktop,United Kingdom,Retargeting,2024-07-13,10.6,1243,187,15,808.2
CMP-1003,GoogleAds_Retarget_Convert_3,Google Ads,Conversion,Desktop,Canada,Returning,2024-07-13,206.13,4329,198,23,2733.05
CMP-1013,Instagram_Interest_Boost_1,Instagram,Consideration,Mobile,United States,Returning,2024-07-13,87.91,6641,67,1,76.14
CMP-1021,Email_Product_Explainer_3,Email,Consideration,Mobile,United States,Returning,2024-07-14,19.72,1744,226,6,393.7
CMP-1022,Email_Signup_Push_4,Email,Conversion,Desktop,United Kingdom,Retargeting,2024-07-14,9.93,954,141,17,1049.35
CMP-1003,GoogleAds_Retarget_Convert_3,Google Ads,Conversion,Desktop,Canada,Returning,2024-07-14,236.55,4960,195,29,2842.66
CMP-1013,Instagram_Interest_Boost_1,Instagram,Consideration,Mobile,United States,Returning,2024-07-14,60.33,8031,73,1,71.34
CMP-1021,Email_Product_Explainer_3,Email,Consideration,Mobile,United States,Returning,2024-07-15,12.79,1393,180,15,1122.11
CMP-1022,Email_Signup_Push_4,Email,Conversion,Desktop,United Kingdom,Retargeting,2024-07-15,16.6,1586,219,30,2075.81
CMP-1003,GoogleAds_Retarget_Convert_3,Google Ads,Conversion,Desktop,Canada,Returning,2024-07-15,151.31,3606,114,17,1502.62
CMP-1013,Instagram_Interest_Boost_1,Instagram,Consideration,Mobile,United States,Returning,2024-07-15,131.4,8051,128,2,124.81
CMP-1041,Organic_Video_Views_5,Organic,Awareness,Mobile,India,Lookalike,2024-07-15,0.0,4139,87,1,64.95
CMP-1021,Email_Product_Explainer_3,Email,Consideration,Mobile,United States,Returning,2024-07-16,38.84,2879,504,44,3340.08
CMP-1013,Instagram_Interest_Boost_1,Instagram,Consideration,Mobile,United States,Returning,2024-07-16,98.07,6464,110,3,292.24
CMP-1041,Organic_Video_Views_5,Organic,Awareness,Mobile,India,Lookalike,2024-07-16,0.0,8337,131,2,137.58
CMP-1021,Email_Product_Explainer_3,Email,Consideration,Mobile,United States,Returning,2024-07-17,15.1,1465,194,11,846.48
CMP-1013,Instagram_Interest_Boost_1,Instagram,Consideration,Mobile,United States,Returning,2024-07-17,80.01,4185,78,3,180.86
CMP-1041,Organic_Video_Views_5,Organic,Awareness,Mobile,India,Lookalike,2024-07-17,0.0,5290,120,1,71.95
CMP-1021,Email_Product_Explainer_3,Email,Consideration,Mobile,United States,Returning,2024-07-18,28.67,2330,332,15,1073.15
CMP-1013,Instagram_Interest_Boost_1,Instagram,Consideration,Mobile,United States,Returning,2024-07-18,125.04,5233,89,4,257.35
CMP-1041,Organic_Video_Views_5,Organic,Awareness,Mobile,India,Lookalike,2024-07-18,0.0,7254,70,1,77.6
CMP-1021,Email_Product_Explainer_3,Email,Consideration,Mobile,United States,Returning,2024-07-19,18.48,2100,239,13,914.84
CMP-1013,Instagram_Interest_Boost_1,Instagram,Consideration,Mobile,United States,Returning,2024-07-19,80.78,5931,102,2,163.19
CMP-1041,Organic_Video_Views_5,Organic,Awareness,Mobile,India,Lookalike,2024-07-19,0.0,4347,40,0,0.0
CMP-1021,Email_Product_Explainer_3,Email,Consideration,Mobile,United States,Returning,2024-07-20,10.26,2070,207,14,969.19
CMP-1013,Instagram_Interest_Boost_1,Instagram,Consideration,Mobile,United States,Returning,2024-07-20,51.15,6116,68,2,98.56
CMP-1041,Organic_Video_Views_5,Organic,Awareness,Mobile,India,Lookalike,2024-07-20,0.0,8966,172,2,132.16
CMP-1021,Email_Product_Explainer_3,Email,Consideration,Mobile,United States,Returning,2024-07-21,27.63,2568,292,15,914.25
CMP-1013,Instagram_Interest_Boost_1,Instagram,Consideration,Mobile,United States,Returning,2024-07-21,65.68,4911,72,2,181.96
CMP-1041,Organic_Video_Views_5,Organic,Awareness,Mobile,India,Lookalike,2024-07-21,0.0,3683,45,0,0.0
CMP-1021,Email_Product_Explainer_3,Email,Consideration,Mobile,United States,Returning,2024-07-22,25.06,2281,306,19,1367.7
CMP-1013,Instagram_Interest_Boost_1,Instagram,Consideration,Mobile,United States,Returning,2024-07-22,46.67,4618,41,1,82.31
CMP-1041,Organic_Video_Views_5,Organic,Awareness,Mobile,India,Lookalike,2024-07-22,0.0,6510,151,1,66.42
CMP-1021,Email_Product_Explainer_3,Email,Consideration,Mobile,United States,Returning,2024-07-23,13.4,1721,221,13,1206.8
CMP-1013,Instagram_Interest_Boost_1,Instagram,Consideration,Mobile,United States,Returning,2024-07-23,34.97,4155,29,1,85.98
CMP-1041,Organic_Video_Views_5,Organic,Awareness,Mobile,India,Lookalike,2024-07-23,0.0,3005,62,0,0.0
CMP-1021,Email_Product_Explainer_3,Email,Consideration,Mobile,United States,Returning,2024-07-24,17.53,2553,327,16,1325.1
CMP-1024,Email_Brand_Reach_6,Email,Awareness,Mobile,India,New,2024-07-24,10.21,3260,290,5,285.08
CMP-1013,Instagram_Interest_Boost_1,Instagram,Consideration,Mobile,United States,Returning,2024-07-24,68.95,3306,59,2,162.87
CMP-1041,Organic_Video_Views_5,Organic,Awareness,Mobile,India,Lookalike,2024-07-24,0.0,6334,136,2,208.62
CMP-1028,Affiliate_Video_Views_4,Affiliate,Awareness,Desktop,Canada,New,2024-07-25,21.64,4506,50,0,0.0
CMP-1021,Email_Product_Explainer_3,Email,Consideration,Mobile,United States,Returning,2024-07-25,14.49,1684,195,10,717.2
CMP-1024,Email_Brand_Reach_6,Email,Awareness,Mobile,India,New,2024-07-25,4.14,2558,204,4,345.84
CMP-1013,Instagram_Interest_Boost_1,Instagram,Consideration,Mobile,United States,Returning,2024-07-25,93.58,5903,71,3,215.56
CMP-1041,Organic_Video_Views_5,Organic,Awareness,Mobile,India,Lookalike,2024-07-25,0.0,5720,108,1,99.03
CMP-1028,Affiliate_Video_Views_4,Affiliate,Awareness,Desktop,Canada,New,2024-07-26,58.18,6207,80,1,96.79
CMP-1024,Email_Brand_Reach_6,Email,Awareness,Mobile,India,New,2024-07-26,3.89,2384,192,5,465.94
CMP-1013,Instagram_Interest_Boost_1,Instagram,Consideration,Mobile,United States,Returning,2024-07-26,48.44,3639,67,2,119.68
CMP-1041,Organic_Video_Views_5,Organic,Awareness,Mobile,India,Lookalike,2024-07-26,0.0,8219,97,1,77.37
CMP-1028,Affiliate_Video_Views_4,Affiliate,Awareness,Desktop,Canada,New,2024-07-27,22.82,3586,40,1,65.13
CMP-1024,Email_Brand_Reach_6,Email,Awareness,Mobile,India,New,2024-07-27,5.35,2707,199,3,212.61
CMP-1013,Instagram_Interest_Boost_1,Instagram,Consideration,Mobile,United States,Returning,2024-07-27,104.33,4049,79,1,72.13
CMP-1041,Organic_Video_Views_5,Organic,Awareness,Mobile,India,Lookalike,2024-07-27,0.0,5147,46,0,0.0
CMP-1028,Affiliate_Video_Views_4,Affiliate,Awareness,Desktop,Canada,New,2024-07-28,22.52,3630,49,1,87.05
CMP-1024,Email_Brand_Reach_6,Email,Awareness,Mobile,India,New,2024-07-28,6.41,3408,209,4,240.74
CMP-1013,Instagram_Interest_Boost_1,Instagram,Consideration,Mobile,United States,Returning,2024-07-28,64.06,5050,63,2,122.02
CMP-1041,Organic_Video_Views_5,Organic,Awareness,Mobile,India,Lookalike,2024-07-28,0.0,7400,157,1,85.85
CMP-1028,Affiliate_Video_Views_4,Affiliate,Awareness,Desktop,Canada,New,2024-07-29,28.77,3672,40,0,0.0
CMP-1024,Email_Brand_Reach_6,Email,Awareness,Mobile,India,New,2024-07-29,6.7,3348,243,3,195.86
CMP-1041,Organic_Video_Views_5,Organic,Awareness,Mobile,India,Lookalike,2024-07-29,0.0,4761,46,0,0.0
CMP-1028,Affiliate_Video_Views_4,Affiliate,Awareness,Desktop,Canada,New,2024-07-30,22.2,3283,58,1,76.96
CMP-1024,Email_Brand_Reach_6,Email,Awareness,Mobile,India,New,2024-07-30,2.96,2775,173,3,221.38
CMP-1041,Organic_Video_Views_5,Organic,Awareness,Mobile,India,Lookalike,2024-07-30,0.0,5949,128,2,122.66
CMP-1028,Affiliate_Video_Views_4,Affiliate,Awareness,Desktop,Canada,New,2024-07-31,52.28,5506,103,1,68.12
CMP-1024,Email_Brand_Reach_6,Email,Awareness,Mobile,India,New,2024-07-31,5.4,2743,230,5,244.35
CMP-1041,Organic_Video_Views_5,Organic,Awareness,Mobile,India,Lookalike,2024-07-31,0.0,5981,108,1,44.26
CMP-1028,Affiliate_Video_Views_4,Affiliate,Awareness,Desktop,Canada,New,2024-08-01,34.88,4620,69,1,75.51
CMP-1024,Email_Brand_Reach_6,Email,Awareness,Mobile,India,New,2024-08-01,3.66,3709,261,6,365.96
CMP-1041,Organic_Video_Views_5,Organic,Awareness,Mobile,India,Lookalike,2024-08-01,0.0,7193,109,1,67.84
CMP-1028,Affiliate_Video_Views_4,Affiliate,Awareness,Desktop,Canada,New,2024-08-02,71.2,4873,84,1,85.13
CMP-1024,Email_Brand_Reach_6,Email,Awareness,Mobile,India,New,2024-08-02,2.34,1283,88,2,171.13
CMP-1041,Organic_Video_Views_5,Organic,Awareness,Mobile,India,Lookalike,2024-08-02,0.0,6989,120,1,106.15
CMP-1028,Affiliate_Video_Views_4,Affiliate,Awareness,Desktop,Canada,New,2024-08-03,20.14,5850,41,1,88.6
CMP-1024,Email_Brand_Reach_6,Email,Awareness,Mobile,India,New,2024-08-03,3.53,3454,233,6,331.2
CMP-1041,Organic_Video_Views_5,Organic,Awareness,Mobile,India,Lookalike,2024-08-03,0.0,6800,117,1,106.72
CMP-1028,Affiliate_Video_Views_4,Affiliate,Awareness,Desktop,Canada,New,2024-08-04,13.46,5918,44,1,72.98
CMP-1024,Email_Brand_Reach_6,Email,Awareness,Mobile,India,New,2024-08-04,2.46,1531,130,3,176.5
CMP-1041,Organic_Video_Views_5,Organic,Awareness,Mobile,India,Lookalike,2024-08-04,0.0,6144,90,1,76.23
CMP-1028,Affiliate_Video_Views_4,Affiliate,Awareness,Desktop,Canada,New,2024-08-05,14.62,2605,29,0,0.0
CMP-1024,Email_Brand_Reach_6,Email,Awareness,Mobile,India,New,2024-08-05,2.34,2068,104,3,204.48
CMP-1041,Organic_Video_Views_5,Organic,Awareness,Mobile,India,Lookalike,2024-08-05,0.0,7458,156,2,132.41
CMP-1028,Affiliate_Video_Views_4,Affiliate,Awareness,Desktop,Canada,New,2024-08-06,43.81,5664,69,1,98.59
CMP-1024,Email_Brand_Reach_6,Email,Awareness,Mobile,India,New,2024-08-06,5.88,2789,240,6,428.79
CMP-1041,Organic_Video_Views_5,Organic,Awareness,Mobile,India,Lookalike,2024-08-06,0.0,4963,103,1,84.0
CMP-1028,Affiliate_Video_Views_4,Affiliate,Awareness,Desktop,Canada,New,2024-08-07,39.23,5101,58,1,59.56
CMP-1024,Email_Brand_Reach_6,Email,Awareness,Mobile,India,New,2024-08-07,6.74,4936,316,9,543.15
CMP-1041,Organic_Video_Views_5,Organic,Awareness,Mobile,India,Lookalike,2024-08-07,0.0,7022,112,1,86.32
CMP-1028,Affiliate_Video_Views_4,Affiliate,Awareness,Desktop,Canada,New,2024-08-08,24.2,4185,28,0,0.0
CMP-1024,Email_Brand_Reach_6,Email,Awareness,Mobile,India,New,2024-08-08,6.75,4542,230,4,275.77
CMP-1041,Organic_Video_Views_5,Organic,Awareness,Mobile,India,Lookalike,2024-08-08,0.0,8973,117,1,88.65
CMP-1028,Affiliate_Video_Views_4,Affiliate,Awareness,Desktop,Canada,New,2024-08-09,62.65,5237,83,0,0.0
CMP-1024,Email_Brand_Reach_6,Email,Awareness,Mobile,India,New,2024-08-09,5.59,3765,217,3,226.32
CMP-1041,Organic_Video_Views_5,Organic,Awareness,Mobile,India,Lookalike,2024-08-09,0.0,3712,76,85,43.61
CMP-1028,Affiliate_Video_Views_4,Affiliate,Awareness,Desktop,Canada,New,2024-08-10,25.85,2248,43,1,68.89
CMP-1024,Email_Brand_Reach_6,Email,Awareness,Mobile,India,New,2024-08-10,3.81,3137,150,3,276.02
CMP-1041,Organic_Video_Views_5,Organic,Awareness,Mobile,India,Lookalike,2024-08-10,0.0,6464,49,1,125.47
CMP-1028,Affiliate_Video_Views_4,Affiliate,Awareness,Desktop,Canada,New,2024-08-11,46.05,6075,99,2,177.99
CMP-1024,Email_Brand_Reach_6,Email,Awareness,Mobile,India,New,2024-08-11,1.92,1539,113,3,199.36
CMP-1041,Organic_Video_Views_5,Organic,Awareness,Mobile,India,Lookalike,2024-08-11,0.0,6735,115,1,96.31
CMP-1028,Affiliate_Video_Views_4,Affiliate,Awareness,Desktop,Canada,New,2024-08-12,67.26,5487,86,1,76.66
CMP-1024,Email_Brand_Reach_6,Email,Awareness,Mobile,India,New,2024-08-12,5.46,3325,181,5,337.47
CMP-1041,Organic_Video_Views_5,Organic,Awareness,Mobile,India,Lookalike,2024-08-12,0.0,8738,159,1,77.15
CMP-1028,Affiliate_Video_Views_4,Affiliate,Awareness,Desktop,Canada,New,2024-08-13,24.96,3646,47,1,66.38
CMP-1024,Email_Brand_Reach_6,Email,Awareness,Mobile,India,New,2024-08-13,3.53,2761,187,5,433.48
CMP-1041,Organic_Video_Views_5,Organic,Awareness,Mobile,India,Lookalike,2024-08-13,0.0,7562,92,1,69.65
CMP-1028,Affiliate_Video_Views_4,Affiliate,Awareness,Desktop,Canada,New,2024-08-14,18.3,4019,37,0,0.0
CMP-1024,Email_Brand_Reach_6,Email,Awareness,Mobile,India,New,2024-08-14,6.06,2547,200,6,367.67
CMP-1041,Organic_Video_Views_5,Organic,Awareness,Mobile,India,Lookalike,2024-08-14,0.0,6561,126,1,94.22
CMP-1028,Affiliate_Video_Views_4,Affiliate,Awareness,Desktop,Canada,New,2024-08-15,19.42,3035,37,0,0.0
CMP-1024,Email_Brand_Reach_6,Email,Awareness,Mobile,India,New,2024-08-15,7.39,3989,234,5,258.95
CMP-1041,Organic_Video_Views_5,Organic,Awareness,Mobile,India,Lookalike,2024-08-15,0.0,8506,130,1,87.13
CMP-1028,Affiliate_Video_Views_4,Affiliate,Awareness,Desktop,Canada,New,2024-08-16,41.97,5258,100,1,55.44
CMP-1024,Email_Brand_Reach_6,Email,Awareness,Mobile,India,New,2024-08-16,5.31,3388,214,4,284.25
CMP-1041,Organic_Video_Views_5,Organic,Awareness,Mobile,India,Lookalike,2024-08-16,0.0,6269,83,1,81.33
CMP-1028,Affiliate_Video_Views_4,Affiliate,Awareness,Desktop,Canada,New,2024-08-17,25.43,4489,49,0,0.0
CMP-1024,Email_Brand_Reach_6,Email,Awareness,Mobile,India,New,2024-08-17,5.89,4207,217,3,243.52
CMP-1041,Organic_Video_Views_5,Organic,Awareness,Mobile,India,Lookalike,2024-08-17,0.0,6242,119,1,86.6
CMP-1028,Affiliate_Video_Views_4,Affiliate,Awareness,Desktop,Canada,New,2024-08-18,19.18,3276,35,0,0.0
CMP-1024,Email_Brand_Reach_6,Email,Awareness,Mobile,India,New,2024-08-18,0.99,1783,110,2,144.84
CMP-1041,Organic_Video_Views_5,Organic,Awareness,Mobile,India,Lookalike,2024-08-18,0.0,4604,52,0,0.0
CMP-1028,Affiliate_Video_Views_4,Affiliate,Awareness,Desktop,Canada,New,2024-08-19,73.65,7003,110,1,80.64
CMP-1024,Email_Brand_Reach_6,Email,Awareness,Mobile,India,New,2024-08-19,7.98,3912,369,6,400.88
CMP-1041,Organic_Video_Views_5,Organic,Awareness,Mobile,India,Lookalike,2024-08-19,0.0,10535,197,2,171.57
CMP-1028,Affiliate_Video_Views_4,Affiliate,Awareness,Desktop,Canada,New,2024-08-20,66.08,7803,125,1,107.96
CMP-1024,Email_Brand_Reach_6,Email,Awareness,Mobile,India,New,2024-08-20,6.12,2996,223,5,251.36
CMP-1041,Organic_Video_Views_5,Organic,Awareness,Mobile,India,Lookalike,2024-08-20,0.0,8544,66,1,90.46
CMP-1028,Affiliate_Video_Views_4,Affiliate,Awareness,Desktop,Canada,New,2024-08-21,22.14,5716,53,0,0.0
CMP-1024,Email_Brand_Reach_6,Email,Awareness,Mobile,India,New,2024-08-21,5.79,3447,217,4,269.14
CMP-1041,Organic_Video_Views_5,Organic,Awareness,Mobile,India,Lookalike,2024-08-21,0.0,5921,98,1,84.94
CMP-1028,Affiliate_Video_Views_4,Affiliate,Awareness,Desktop,Canada,New,2024-08-22,22.15,5271,59,1,89.58
CMP-1024,Email_Brand_Reach_6,Email,Awareness,Mobile,India,New,2024-08-22,4.17,4132,245,5,415.47
CMP-1018,Instagram_Video_Views_6,Instagram,Awareness,Desktop,United States,New,2024-08-22,35.95,6155,38,0,0.0
CMP-1041,Organic_Video_Views_5,Organic,Awareness,Mobile,India,Lookalike,2024-08-22,0.0,8201,128,1,84.19
CMP-1028,Affiliate_Video_Views_4,Affiliate,Awareness,Desktop,Canada,New,2024-08-23,40.46,6456,67,1,69.37
CMP-1024,Email_Brand_Reach_6,Email,Awareness,Mobile,India,New,2024-08-23,3.83,2767,181,3,158.68
CMP-1018,Instagram_Video_Views_6,Instagram,Awareness,Desktop,United States,New,2024-08-23,82.76,11348,60,1,64.83
CMP-1041,Organic_Video_Views_5,Organic,Awareness,Mobile,India,Lookalike,2024-08-23,0.0,9906,132,2,200.11
CMP-1028,Affiliate_Video_Views_4,Affiliate,Awareness,Desktop,Canada,New,2024-08-24,37.55,5156,64,1,92.52
CMP-1024,Email_Brand_Reach_6,Email,Awareness,Mobile,India,New,2024-08-24,2.69,3598,243,6,390.03
CMP-1018,Instagram_Video_Views_6,Instagram,Awareness,Desktop,United States,New,2024-08-24,122.6,13463,104,1,82.33
CMP-1041,Organic_Video_Views_5,Organic,Awareness,Mobile,India,Lookalike,2024-08-24,0.0,8628,146,2,114.0
CMP-1028,Affiliate_Video_Views_4,Affiliate,Awareness,Desktop,Canada,New,2024-08-25,28.94,3626,57,1,65.48
CMP-1024,Email_Brand_Reach_6,Email,Awareness,Mobile,India,New,2024-08-25,4.9,3273,201,1,63.26
CMP-1018,Instagram_Video_Views_6,Instagram,Awareness,Desktop,United States,New,2024-08-25,58.66,9745,64,1,70.63
CMP-1041,Organic_Video_Views_5,Organic,Awareness,Mobile,India,Lookalike,2024-08-25,0.0,5309,80,1,68.51
CMP-1028,Affiliate_Video_Views_4,Affiliate,Awareness,Desktop,Canada,New,2024-08-26,23.34,4716,45,1,104.97
CMP-1024,Email_Brand_Reach_6,Email,Awareness,Mobile,India,New,2024-08-26,3.23,3206,230,5,297.3
CMP-1018,Instagram_Video_Views_6,Instagram,Awareness,Desktop,United States,New,2024-08-26,108.81,11369,99,2,190.06
CMP-1041,Organic_Video_Views_5,Organic,Awareness,Mobile,India,Lookalike,2024-08-26,0.0,1663,32,0,0.0
CMP-1028,Affiliate_Video_Views_4,Affiliate,Awareness,Desktop,Canada,New,2024-08-27,52.0,5286,83,1,91.46
CMP-1024,Email_Brand_Reach_6,Email,Awareness,Mobile,India,New,2024-08-27,5.19,3388,188,5,355.17
CMP-1018,Instagram_Video_Views_6,Instagram,Awareness,Desktop,United States,New,2024-08-27,72.94,12732,66,0,0.0
CMP-1041,Organic_Video_Views_5,Organic,Awareness,Mobile,India,Lookalike,2024-08-27,0.0,8439,148,1,69.49
CMP-1028,Affiliate_Video_Views_4,Affiliate,Awareness,Desktop,Canada,New,2024-08-28,57.96,6157,77,1,72.38
CMP-1024,Email_Brand_Reach_6,Email,Awareness,Mobile,India,New,2024-08-28,5.7,3692,205,6,440.56
CMP-1018,Instagram_Video_Views_6,Instagram,Awareness,Desktop,United States,New,2024-08-28,156.47,11717,118,1,86.47
CMP-1041,Organic_Video_Views_5,Organic,Awareness,Mobile,India,Lookalike,2024-08-28,0.0,5977,102,0,0.0
CMP-1028,Affiliate_Video_Views_4,Affiliate,Awareness,Desktop,Canada,New,2024-08-29,54.63,5775,114,1,97.31
CMP-1024,Email_Brand_Reach_6,Email,Awareness,Mobile,India,New,2024-08-29,4.42,3103,217,5,366.49
CMP-1018,Instagram_Video_Views_6,Instagram,Awareness,Desktop,United States,New,2024-08-29,69.96,8533,73,1,45.17
CMP-1041,Organic_Video_Views_5,Organic,Awareness,Mobile,India,Lookalike,2024-08-29,0.0,8875,147,1,98.54
CMP-1028,Affiliate_Video_Views_4,Affiliate,Awareness,Desktop,Canada,New,2024-08-30,47.1,6097,80,1,119.3
CMP-1024,Email_Brand_Reach_6,Email,Awareness,Mobile,India,New,2024-08-30,5.07,3847,204,6,336.26
CMP-1018,Instagram_Video_Views_6,Instagram,Awareness,Desktop,United States,New,2024-08-30,128.48,12032,104,2,145.72
CMP-1041,Organic_Video_Views_5,Organic,Awareness,Mobile,India,Lookalike,2024-08-30,0.0,9505,129,1,77.85
CMP-1028,Affiliate_Video_Views_4,Affiliate,Awareness,Desktop,Canada,New,2024-08-31,24.44,2988,35,0,0.0
CMP-1024,Email_Brand_Reach_6,Email,Awareness,Mobile,India,New,2024-08-31,5.12,3216,238,5,239.27
CMP-1018,Instagram_Video_Views_6,Instagram,Awareness,Desktop,United States,New,2024-08-31,175.24,14093,161,1,79.47
CMP-1041,Organic_Video_Views_5,Organic,Awareness,Mobile,India,Lookalike,2024-08-31,0.0,8836,126,1,53.66
CMP-1028,Affiliate_Video_Views_4,Affiliate,Awareness,Desktop,Canada,New,2024-09-01,41.26,6142,86,1,93.42
CMP-1024,Email_Brand_Reach_6,Email,Awareness,Mobile,India,New,2024-09-01,4.55,2928,193,4,284.85
CMP-1018,Instagram_Video_Views_6,Instagram,Awareness,Desktop,United States,New,2024-09-01,76.01,7614,55,1,76.98
CMP-1041,Organic_Video_Views_5,Organic,Awareness,Mobile,India,Lookalike,2024-09-01,0.0,9927,162,2,147.81
CMP-1028,Affiliate_Video_Views_4,Affiliate,Awareness,Desktop,Canada,New,2024-09-02,36.26,5765,63,0,0.0
CMP-1024,Email_Brand_Reach_6,Email,Awareness,Mobile,India,New,2024-09-02,4.26,5366,246,5,309.04
CMP-1018,Instagram_Video_Views_6,Instagram,Awareness,Desktop,United States,New,2024-09-02,96.58,10842,72,1,86.8
CMP-1041,Organic_Video_Views_5,Organic,Awareness,Mobile,India,Lookalike,2024-09-02,0.0,10054,148,1,80.84
CMP-1028,Affiliate_Video_Views_4,Affiliate,Awareness,Desktop,Canada,New,2024-09-03,34.94,9844,61,1,86.31
CMP-1024,Email_Brand_Reach_6,Email,Awareness,Mobile,India,New,2024-09-03,7.21,4239,285,6,543.01
CMP-1018,Instagram_Video_Views_6,Instagram,Awareness,Desktop,United States,New,2024-09-03,57.11,7297,51,0,0.0
CMP-1041,Organic_Video_Views_5,Organic,Awareness,Mobile,India,Lookalike,2024-09-03,0.0,11039,217,1,80.57
CMP-1028,Affiliate_Video_Views_4,Affiliate,Awareness,Desktop,Canada,New,2024-09-04,23.91,5140,58,1,61.94
CMP-1024,Email_Brand_Reach_6,Email,Awareness,Mobile,India,New,2024-09-04,2.49,3473,165,3,273.2
CMP-1018,Instagram_Video_Views_6,Instagram,Awareness,Desktop,United States,New,2024-09-04,124.25,15474,121,1,74.65
CMP-1041,Organic_Video_Views_5,Organic,Awareness,Mobile,India,Lookalike,2024-09-04,0.0,10328,163,1,88.01
CMP-1028,Affiliate_Video_Views_4,Affiliate,Awareness,Desktop,Canada,New,2024-09-05,42.51,6278,71,0,0.0
CMP-1024,Email_Brand_Reach_6,Email,Awareness,Mobile,India,New,2024-09-05,4.18,3980,293,5,461.83
CMP-1018,Instagram_Video_Views_6,Instagram,Awareness,Desktop,United States,New,2024-09-05,112.35,11835,95,1,89.73
CMP-1041,Organic_Video_Views_5,Organic,Awareness,Mobile,India,Lookalike,2024-09-05,0.0,10495,177,1,86.83
CMP-1028,Affiliate_Video_Views_4,Affiliate,Awareness,Desktop,Canada,New,2024-09-06,34.31,8572,59,1,85.67
CMP-1024,Email_Brand_Reach_6,Email,Awareness,Mobile,India,New,2024-09-06,3.31,2379,151,2,112.99
CMP-1018,Instagram_Video_Views_6,Instagram,Awareness,Desktop,United States,New,2024-09-06,51.13,7639,49,1,43.65
CMP-1041,Organic_Video_Views_5,Organic,Awareness,Mobile,India,Lookalike,2024-09-06,0.0,6335,63,0,0.0
CMP-1028,Affiliate_Video_Views_4,Affiliate,Awareness,Desktop,Canada,New,2024-09-07,34.96,4553,54,1,112.52
CMP-1024,Email_Brand_Reach_6,Email,Awareness,Mobile,India,New,2024-09-07,4.78,2566,222,5,374.85
CMP-1018,Instagram_Video_Views_6,Instagram,Awareness,Desktop,United States,New,2024-09-07,51.13,9364,36,0,0.0
CMP-1041,Organic_Video_Views_5,Organic,Awareness,Mobile,India,Lookalike,2024-09-07,0.0,3903,74,1,62.82
CMP-1028,Affiliate_Video_Views_4,Affiliate,Awareness,Desktop,Canada,New,2024-09-08,9.41,4239,22,0,0.0
CMP-1024,Email_Brand_Reach_6,Email,Awareness,Mobile,India,New,2024-09-08,4.89,2650,206,4,314.64
CMP-1018,Instagram_Video_Views_6,Instagram,Awareness,Desktop,United States,New,2024-09-08,46.03,5942,42,1,69.55
CMP-1041,Organic_Video_Views_5,Organic,Awareness,Mobile,India,Lookalike,2024-09-08,0.0,9334,123,1,73.65
CMP-1028,Affiliate_Video_Views_4,Affiliate,Awareness,Desktop,Canada,New,2024-09-09,21.99,3484,38,0,0.0
CMP-1024,Email_Brand_Reach_6,Email,Awareness,Mobile,India,New,2024-09-09,2.35,2203,120,2,154.56
CMP-1018,Instagram_Video_Views_6,Instagram,Awareness,Desktop,United States,New,2024-09-09,63.86,7102,64,1,61.85
CMP-1041,Organic_Video_Views_5,Organic,Awareness,Mobile,India,Lookalike,2024-09-09,0.0,6501,74,1,71.03
CMP-1028,Affiliate_Video_Views_4,Affiliate,Awareness,Desktop,Canada,New,2024-09-10,66.14,6838,88,1,104.71
CMP-1024,Email_Brand_Reach_6,Email,Awareness,Mobile,India,New,2024-09-10,4.77,3510,154,3,190.99
CMP-1018,Instagram_Video_Views_6,Instagram,Awareness,Desktop,United States,New,2024-09-10,49.35,5850,50,0,0.0
CMP-1041,Organic_Video_Views_5,Organic,Awareness,Mobile,India,Lookalike,2024-09-10,0.0,8366,182,1,75.89
CMP-1028,Affiliate_Video_Views_4,Affiliate,Awareness,Desktop,Canada,New,2024-09-11,33.57,3255,40,0,0.0
CMP-1024,Email_Brand_Reach_6,Email,Awareness,Mobile,India,New,2024-09-11,3.74,2796,161,4,334.63
CMP-1018,Instagram_Video_Views_6,Instagram,Awareness,Desktop,United States,New,2024-09-11,63.41,7004,76,1,90.35
CMP-1041,Organic_Video_Views_5,Organic,Awareness,Mobile,India,Lookalike,2024-09-11,0.0,5520,100,1,89.95
CMP-1028,Affiliate_Video_Views_4,Affiliate,Awareness,Desktop,Canada,New,2024-09-12,42.85,5369,58,0,0.0
CMP-1024,Email_Brand_Reach_6,Email,Awareness,Mobile,India,New,2024-09-12,3.6,2916,153,4,272.02
CMP-1018,Instagram_Video_Views_6,Instagram,Awareness,Desktop,United States,New,2024-09-12,211.11,14115,177,2,175.68
CMP-1041,Organic_Video_Views_5,Organic,Awareness,Mobile,India,Lookalike,2024-09-12,0.0,7942,152,1,85.82
CMP-1028,Affiliate_Video_Views_4,Affiliate,Awareness,Desktop,Canada,New,2024-09-13,21.03,4169,49,0,0.0
CMP-1024,Email_Brand_Reach_6,Email,Awareness,Mobile,India,New,2024-09-13,5.52,2745,236,3,208.7
CMP-1018,Instagram_Video_Views_6,Instagram,Awareness,Desktop,United States,New,2024-09-13,72.2,7983,79,1,72.2
CMP-1041,Organic_Video_Views_5,Organic,Awareness,Mobile,India,Lookalike,2024-09-13,0.0,2488,43,0,0.0
CMP-1028,Affiliate_Video_Views_4,Affiliate,Awareness,Desktop,Canada,New,2024-09-14,24.74,4093,39,0,0.0
CMP-1024,Email_Brand_Reach_6,Email,Awareness,Mobile,India,New,2024-09-14,8.91,5011,330,4,196.71
CMP-1018,Instagram_Video_Views_6,Instagram,Awareness,Desktop,United States,New,2024-09-14,152.38,10351,117,1,85.66
CMP-1041,Organic_Video_Views_5,Organic,Awareness,Mobile,India,Lookalike,2024-09-14,0.0,5169,78,0,0.0
CMP-1028,Affiliate_Video_Views_4,Affiliate,Awareness,Desktop,Canada,New,2024-09-15,16.53,2611,32,0,0.0
CMP-1024,Email_Brand_Reach_6,Email,Awareness,Mobile,India,New,2024-09-15,4.59,2403,183,4,303.57
CMP-1018,Instagram_Video_Views_6,Instagram,Awareness,Desktop,United States,New,2024-09-15,56.45,6912,69,1,85.56
CMP-1041,Organic_Video_Views_5,Organic,Awareness,Mobile,India,Lookalike,2024-09-15,0.0,5618,80,1,101.72
CMP-1028,Affiliate_Video_Views_4,Affiliate,Awareness,Desktop,Canada,New,2024-09-16,49.67,6591,81,0,0.0
CMP-1024,Email_Brand_Reach_6,Email,Awareness,Mobile,India,New,2024-09-16,2.38,1545,97,1,64.81
CMP-1018,Instagram_Video_Views_6,Instagram,Awareness,Desktop,United States,New,2024-09-16,163.65,12361,148,2,145.67
CMP-1041,Organic_Video_Views_5,Organic,Awareness,Mobile,India,Lookalike,2024-09-16,0.0,7140,131,1,89.69
CMP-1028,Affiliate_Video_Views_4,Affiliate,Awareness,Desktop,Canada,New,2024-09-17,19.21,4430,40,0,0.0
CMP-1024,Email_Brand_Reach_6,Email,Awareness,Mobile,India,New,2024-09-17,3.17,1920,123,3,221.07
CMP-1018,Instagram_Video_Views_6,Instagram,Awareness,Desktop,United States,New,2024-09-17,115.54,7123,88,1,64.77
CMP-1041,Organic_Video_Views_5,Organic,Awareness,Mobile,India,Lookalike,2024-09-17,0.0,8115,160,1,81.62
CMP-1028,Affiliate_Video_Views_4,Affiliate,Awareness,Desktop,Canada,New,2024-09-18,14.83,3180,41,0,0.0
CMP-1024,Email_Brand_Reach_6,Email,Awareness,Mobile,India,New,2024-09-18,3.57,3807,250,7,496.14
CMP-1018,Instagram_Video_Views_6,Instagram,Awareness,Desktop,United States,New,2024-09-18,68.28,10248,106,1,65.54
CMP-1041,Organic_Video_Views_5,Organic,Awareness,Mobile,India,Lookalike,2024-09-18,0.0,4649,70,1,88.69
CMP-1028,Affiliate_Video_Views_4,Affiliate,Awareness,Desktop,Canada,New,2024-09-19,44.86,6470,84,1,72.95
CMP-1024,Email_Brand_Reach_6,Email,Awareness,Mobile,India,New,2024-09-19,4.83,4269,334,9,631.93
CMP-1018,Instagram_Video_Views_6,Instagram,Awareness,Desktop,United States,New,2024-09-19,150.36,10288,101,1,85.16
CMP-1041,Organic_Video_Views_5,Organic,Awareness,Mobile,India,Lookalike,2024-09-19,0.0,7456,174,1,70.27
CMP-1028,Affiliate_Video_Views_4,Affiliate,Awareness,Desktop,Canada,New,2024-09-20,32.09,4128,48,1,77.66
CMP-1024,Email_Brand_Reach_6,Email,Awareness,Mobile,India,New,2024-09-20,4.08,2655,184,4,269.76
CMP-1018,Instagram_Video_Views_6,Instagram,Awareness,Desktop,United States,New,2024-09-20,131.19,16962,132,2,146.88
CMP-1041,Organic_Video_Views_5,Organic,Awareness,Mobile,India,Lookalike,2024-09-20,0.0,8363,122,1,49.63
CMP-1028,Affiliate_Video_Views_4,Affiliate,Awareness,Desktop,Canada,New,2024-09-21,58.31,4722,95,1,78.08
CMP-1024,Email_Brand_Reach_6,Email,Awareness,Mobile,India,New,2024-09-21,4.47,3801,207,5,388.14
CMP-1018,Instagram_Video_Views_6,Instagram,Awareness,Desktop,United States,New,2024-09-21,97.55,10784,88,1,60.06
CMP-1041,Organic_Video_Views_5,Organic,Awareness,Mobile,India,Lookalike,2024-09-21,0.0,9138,92,1,71.26
CMP-1028,Affiliate_Video_Views_4,Affiliate,Awareness,Desktop,Canada,New,2024-09-22,38.95,5330,62,1,84.26
CMP-1024,Email_Brand_Reach_6,Email,Awareness,Mobile,India,New,2024-09-22,7.18,3414,286,9,590.09
CMP-1018,Instagram_Video_Views_6,Instagram,Awareness,Desktop,United States,New,2024-09-22,68.16,7555,57,0,0.0
CMP-1041,Organic_Video_Views_5,Organic,Awareness,Mobile,India,Lookalike,2024-09-22,0.0,6778,59,0,0.0
CMP-1028,Affiliate_Video_Views_4,Affiliate,Awareness,Desktop,Canada,New,2024-09-23,36.89,5432,61,1,76.91
CMP-1024,Email_Brand_Reach_6,Email,Awareness,Mobile,India,New,2024-09-23,4.31,3048,191,2,100.38
CMP-1018,Instagram_Video_Views_6,Instagram,Awareness,Desktop,United States,New,2024-09-23,143.56,12143,117,1,85.08
CMP-1041,Organic_Video_Views_5,Organic,Awareness,Mobile,India,Lookalike,2024-09-23,0.0,5665,50,0,0.0
CMP-1028,Affiliate_Video_Views_4,Affiliate,Awareness,Desktop,Canada,New,2024-09-24,12.57,1871,20,0,0.0
CMP-1024,Email_Brand_Reach_6,Email,Awareness,Mobile,India,New,2024-09-24,4.57,2992,182,3,224.89
CMP-1018,Instagram_Video_Views_6,Instagram,Awareness,Desktop,United States,New,2024-09-24,123.77,16405,109,1,66.72
CMP-1041,Organic_Video_Views_5,Organic,Awareness,Mobile,India,Lookalike,2024-09-24,0.0,4365,60,1,78.03
CMP-1028,Affiliate_Video_Views_4,Affiliate,Awareness,Desktop,Canada,New,2024-09-25,32.86,5727,51,1,86.31
CMP-1024,Email_Brand_Reach_6,Email,Awareness,Mobile,India,New,2024-09-25,1.98,3345,117,3,174.29
CMP-1018,Instagram_Video_Views_6,Instagram,Awareness,Desktop,United States,New,2024-09-25,53.84,5353,42,0,0.0
CMP-1041,Organic_Video_Views_5,Organic,Awareness,Mobile,India,Lookalike,2024-09-25,0.0,9327,135,1,67.79
CMP-1028,Affiliate_Video_Views_4,Affiliate,Awareness,Desktop,Canada,New,2024-09-26,36.37,4666,67,1,101.33
CMP-1024,Email_Brand_Reach_6,Email,Awareness,Mobile,India,New,2024-09-26,6.4,3902,285,5,258.96
CMP-1018,Instagram_Video_Views_6,Instagram,Awareness,Desktop,United States,New,2024-09-26,28.44,7662,24,0,0.0
CMP-1041,Organic_Video_Views_5,Organic,Awareness,Mobile,India,Lookalike,2024-09-26,0.0,7580,137,1,51.84
CMP-1028,Affiliate_Video_Views_4,Affiliate,Awareness,Desktop,Canada,New,2024-09-27,25.28,4361,43,0,0.0
CMP-1024,Email_Brand_Reach_6,Email,Awareness,Mobile,India,New,2024-09-27,3.89,3518,236,6,332.93
CMP-1018,Instagram_Video_Views_6,Instagram,Awareness,Desktop,United States,New,2024-09-27,163.77,9438,114,1,56.57
CMP-1041,Organic_Video_Views_5,Organic,Awareness,Mobile,India,Lookalike,2024-09-27,0.0,6365,97,1,100.52
CMP-1028,Affiliate_Video_Views_4,Affiliate,Awareness,Desktop,Canada,New,2024-09-28,34.28,4189,43,0,0.0
CMP-1024,Email_Brand_Reach_6,Email,Awareness,Mobile,India,New,2024-09-28,3.9,2393,161,3,214.4
CMP-1018,Instagram_Video_Views_6,Instagram,Awareness,Desktop,United States,New,2024-09-28,73.52,8019,62,0,0.0
CMP-1041,Organic_Video_Views_5,Organic,Awareness,Mobile,India,Lookalike,2024-09-28,0.0,3427,64,0,0.0
CMP-1028,Affiliate_Video_Views_4,Affiliate,Awareness,Desktop,Canada,New,2024-09-29,14.88,2388,25,0,0.0
CMP-1024,Email_Brand_Reach_6,Email,Awareness,Mobile,India,New,2024-09-29,2.39,2755,170,3,200.46
CMP-1018,Instagram_Video_Views_6,Instagram,Awareness,Desktop,United States,New,2024-09-29,112.32,8242,76,1,71.73
CMP-1041,Organic_Video_Views_5,Organic,Awareness,Mobile,India,Lookalike,2024-09-29,0.0,4419,69,0,0.0
CMP-1028,Affiliate_Video_Views_4,Affiliate,Awareness,Desktop,Canada,New,2024-09-30,26.23,5056,45,1,53.63
CMP-1024,Email_Brand_Reach_6,Email,Awareness,Mobile,India,New,2024-09-30,6.88,4785,286,5,209.48
CMP-1018,Instagram_Video_Views_6,Instagram,Awareness,Desktop,United States,New,2024-09-30,90.9,6308,72,1,79.06
CMP-1041,Organic_Video_Views_5,Organic,Awareness,Mobile,India,Lookalike,2024-09-30,0.0,7410,114,2,140.66
CMP-1028,Affiliate_Video_Views_4,Affiliate,Awareness,Desktop,Canada,New,2024-10-01,11.22,2981,19,0,0.0
CMP-1024,Email_Brand_Reach_6,Email,Awareness,Mobile,India,New,2024-10-01,3.35,3401,211,4,253.22
CMP-1018,Instagram_Video_Views_6,Instagram,Awareness,Desktop,United States,New,2024-10-01,90.72,14252,127,1,90.51
CMP-1041,Organic_Video_Views_5,Organic,Awareness,Mobile,India,Lookalike,2024-10-01,0.0,6966,92,1,98.07
CMP-1028,Affiliate_Video_Views_4,Affiliate,Awareness,Desktop,Canada,New,2024-10-02,25.85,4419,47,1,78.87
CMP-1024,Email_Brand_Reach_6,Email,Awareness,Mobile,India,New,2024-10-02,5.75,3895,277,5,411.56
CMP-1018,Instagram_Video_Views_6,Instagram,Awareness,Desktop,United States,New,2024-10-02,109.39,5960,68,1,56.29
CMP-1041,Organic_Video_Views_5,Organic,Awareness,Mobile,India,Lookalike,2024-10-02,0.0,3286,69,1,92.69
CMP-1028,Affiliate_Video_Views_4,Affiliate,Awareness,Desktop,Canada,New,2024-10-03,39.2,5008,75,0,0.0
CMP-1024,Email_Brand_Reach_6,Email,Awareness,Mobile,India,New,2024-10-03,7.03,3632,265,6,374.86
CMP-1018,Instagram_Video_Views_6,Instagram,Awareness,Desktop,United States,New,2024-10-03,51.08,9546,53,1,81.59
CMP-1041,Organic_Video_Views_5,Organic,Awareness,Mobile,India,Lookalike,2024-10-03,0.0,7412,70,1,66.07
CMP-1028,Affiliate_Video_Views_4,Affiliate,Awareness,Desktop,Canada,New,2024-10-04,47.7,6232,79,1,73.49
CMP-1024,Email_Brand_Reach_6,Email,Awareness,Mobile,India,New,2024-10-04,5.1,3419,217,3,197.92
CMP-1018,Instagram_Video_Views_6,Instagram,Awareness,Desktop,United States,New,2024-10-04,247.53,13201,179,2,175.48
CMP-1041,Organic_Video_Views_5,Organic,Awareness,Mobile,India,Lookalike,2024-10-04,0.0,3891,64,0,0.0
CMP-1028,Affiliate_Video_Views_4,Affiliate,Awareness,Desktop,Canada,New,2024-10-05,29.8,3336,58,1,78.72
CMP-1024,Email_Brand_Reach_6,Email,Awareness,Mobile,India,New,2024-10-05,3.41,2958,226,5,403.83
CMP-1015,Instagram_Product_Explainer_3,Instagram,Consideration,Mobile,Canada,Retargeting,2024-10-05,58.45,6347,82,3,204.55
CMP-1018,Instagram_Video_Views_6,Instagram,Awareness,Desktop,United States,New,2024-10-05,104.2,9040,96,1,71.52
CMP-1041,Organic_Video_Views_5,Organic,Awareness,Mobile,India,Lookalike,2024-10-05,0.0,7710,113,1,77.91
CMP-1028,Affiliate_Video_Views_4,Affiliate,Awareness,Desktop,Canada,New,2024-10-06,49.21,6062,88,1,100.18
CMP-1024,Email_Brand_Reach_6,Email,Awareness,Mobile,India,New,2024-10-06,4.48,3526,230,5,388.68
CMP-1015,Instagram_Product_Explainer_3,Instagram,Consideration,Mobile,Canada,Retargeting,2024-10-06,112.24,9450,117,2,201.24
CMP-1041,Organic_Video_Views_5,Organic,Awareness,Mobile,India,Lookalike,2024-10-06,0.0,6060,112,1,71.21
CMP-1028,Affiliate_Video_Views_4,Affiliate,Awareness,Desktop,Canada,New,2024-10-07,40.14,6062,84,0,0.0
CMP-1024,Email_Brand_Reach_6,Email,Awareness,Mobile,India,New,2024-10-07,3.59,3775,228,6,483.04
CMP-1015,Instagram_Product_Explainer_3,Instagram,Consideration,Mobile,Canada,Retargeting,2024-10-07,158.76,6710,135,6,524.06
CMP-1041,Organic_Video_Views_5,Organic,Awareness,Mobile,India,Lookalike,2024-10-07,0.0,5659,87,1,75.77
CMP-1028,Affiliate_Video_Views_4,Affiliate,Awareness,Desktop,Canada,New,2024-10-08,45.52,4227,77,1,70.8
CMP-1024,Email_Brand_Reach_6,Email,Awareness,Mobile,India,New,2024-10-08,3.47,3411,233,3,102.19
CMP-1006,GoogleAds_Brand_Reach_6,Google Ads,Awareness,Desktop,India,Lookalike,2024-10-08,127.74,11693,270,4,206.42
CMP-1015,Instagram_Product_Explainer_3,Instagram,Consideration,Mobile,Canada,Retargeting,2024-10-08,79.7,4911,96,3,259.74
CMP-1041,Organic_Video_Views_5,Organic,Awareness,Mobile,India,Lookalike,2024-10-08,0.0,7984,123,1,68.72
CMP-1028,Affiliate_Video_Views_4,Affiliate,Awareness,Desktop,Canada,New,2024-10-09,25.39,3322,39,0,0.0
CMP-1024,Email_Brand_Reach_6,Email,Awareness,Mobile,India,New,2024-10-09,3.11,2645,135,2,178.44
CMP-1006,GoogleAds_Brand_Reach_6,Google Ads,Awareness,Desktop,India,Lookalike,2024-10-09,246.93,11922,357,8,802.83
CMP-1015,Instagram_Product_Explainer_3,Instagram,Consideration,Mobile,Canada,Retargeting,2024-10-09,86.7,7086,138,2,140.96
CMP-1041,Organic_Video_Views_5,Organic,Awareness,Mobile,India,Lookalike,2024-10-09,0.0,6966,100,1,60.98
CMP-1028,Affiliate_Video_Views_4,Affiliate,Awareness,Desktop,Canada,New,2024-10-10,19.28,2875,35,0,0.0
CMP-1024,Email_Brand_Reach_6,Email,Awareness,Mobile,India,New,2024-10-10,6.03,3508,241,5,378.95
CMP-1006,GoogleAds_Brand_Reach_6,Google Ads,Awareness,Desktop,India,Lookalike,2024-10-10,38.9,7455,75,2,160.85
CMP-1015,Instagram_Product_Explainer_3,Instagram,Consideration,Mobile,Canada,Retargeting,2024-10-10,46.49,5472,74,3,210.56
CMP-1041,Organic_Video_Views_5,Organic,Awareness,Mobile,India,Lookalike,2024-10-10,0.0,8520,177,2,182.35
CMP-1028,Affiliate_Video_Views_4,Affiliate,Awareness,Desktop,Canada,New,2024-10-11,20.12,5162,62,1,97.39
CMP-1024,Email_Brand_Reach_6,Email,Awareness,Mobile,India,New,2024-10-11,3.77,3146,154,5,490.64
CMP-1006,GoogleAds_Brand_Reach_6,Google Ads,Awareness,Desktop,India,Lookalike,2024-10-11,43.72,4778,69,1,92.71
CMP-1015,Instagram_Product_Explainer_3,Instagram,Consideration,Mobile,Canada,Retargeting,2024-10-11,53.89,3777,56,2,109.33
CMP-1041,Organic_Video_Views_5,Organic,Awareness,Mobile,India,Lookalike,2024-10-11,0.0,6529,101,1,76.82
CMP-1028,Affiliate_Video_Views_4,Affiliate,Awareness,Desktop,Canada,New,2024-10-12,38.46,3435,59,1,87.23
CMP-1024,Email_Brand_Reach_6,Email,Awareness,Mobile,India,New,2024-10-12,3.66,2658,145,4,233.7
CMP-1006,GoogleAds_Brand_Reach_6,Google Ads,Awareness,Desktop,India,Lookalike,2024-10-12,99.55,12344,184,4,362.26
CMP-1015,Instagram_Product_Explainer_3,Instagram,Consideration,Mobile,Canada,Retargeting,2024-10-12,83.89,6857,101,5,422.06
CMP-1041,Organic_Video_Views_5,Organic,Awareness,Mobile,India,Lookalike,2024-10-12,0.0,5960,137,1,88.89
CMP-1028,Affiliate_Video_Views_4,Affiliate,Awareness,Desktop,Canada,New,2024-10-13,41.49,5759,70,1,86.42
CMP-1024,Email_Brand_Reach_6,Email,Awareness,Mobile,India,New,2024-10-13,4.74,4809,211,4,185.66
CMP-1006,GoogleAds_Brand_Reach_6,Google Ads,Awareness,Desktop,India,Lookalike,2024-10-13,75.76,9256,128,4,349.87
CMP-1015,Instagram_Product_Explainer_3,Instagram,Consideration,Mobile,Canada,Retargeting,2024-10-13,134.0,7544,137,6,483.25
CMP-1041,Organic_Video_Views_5,Organic,Awareness,Mobile,India,Lookalike,2024-10-13,0.0,5349,88,1,84.14
CMP-1028,Affiliate_Video_Views_4,Affiliate,Awareness,Desktop,Canada,New,2024-10-14,17.64,3894,39,0,0.0
CMP-1024,Email_Brand_Reach_6,Email,Awareness,Mobile,India,New,2024-10-14,2.68,1969,126,3,204.27
CMP-1006,GoogleAds_Brand_Reach_6,Google Ads,Awareness,Desktop,India,Lookalike,2024-10-14,35.27,5028,65,1,105.09
CMP-1015,Instagram_Product_Explainer_3,Instagram,Consideration,Mobile,Canada,Retargeting,2024-10-14,92.23,5763,122,3,273.39
CMP-1041,Organic_Video_Views_5,Organic,Awareness,Mobile,India,Lookalike,2024-10-14,0.0,6821,106,1,87.9
CMP-1028,Affiliate_Video_Views_4,Affiliate,Awareness,Desktop,Canada,New,2024-10-15,34.42,3599,51,1,75.87
CMP-1024,Email_Brand_Reach_6,Email,Awareness,Mobile,India,New,2024-10-15,5.87,3967,332,8,517.04
CMP-1006,GoogleAds_Brand_Reach_6,Google Ads,Awareness,Desktop,India,Lookalike,2024-10-15,80.09,7696,125,2,133.23
CMP-1015,Instagram_Product_Explainer_3,Instagram,Consideration,Mobile,Canada,Retargeting,2024-10-15,90.29,5642,93,3,213.58
CMP-1041,Organic_Video_Views_5,Organic,Awareness,Mobile,India,Lookalike,2024-10-15,0.0,9117,135,1,50.54
CMP-1028,Affiliate_Video_Views_4,Affiliate,Awareness,Desktop,Canada,New,2024-10-16,19.26,5112,48,1,105.87
CMP-1024,Email_Brand_Reach_6,Email,Awareness,Mobile,India,New,2024-10-16,3.32,2510,162,2,152.0
CMP-1006,GoogleAds_Brand_Reach_6,Google Ads,Awareness,Desktop,India,Lookalike,2024-10-16,74.72,11658,143,4,333.75
CMP-1015,Instagram_Product_Explainer_3,Instagram,Consideration,Mobile,Canada,Retargeting,2024-10-16,85.58,4570,105,3,216.33
CMP-1041,Organic_Video_Views_5,Organic,Awareness,Mobile,India,Lookalike,2024-10-16,0.0,5596,98,1,67.52
CMP-1028,Affiliate_Video_Views_4,Affiliate,Awareness,Desktop,Canada,New,2024-10-17,38.3,3885,54,1,84.97
CMP-1024,Email_Brand_Reach_6,Email,Awareness,Mobile,India,New,2024-10-17,4.01,3305,242,6,486.94
CMP-1006,GoogleAds_Brand_Reach_6,Google Ads,Awareness,Desktop,India,Lookalike,2024-10-17,95.0,8854,169,4,413.31
CMP-1015,Instagram_Product_Explainer_3,Instagram,Consideration,Mobile,Canada,Retargeting,2024-10-17,81.88,6058,113,5,381.33
CMP-1041,Organic_Video_Views_5,Organic,Awareness,Mobile,India,Lookalike,2024-10-17,0.0,7437,98,1,88.2
CMP-1028,Affiliate_Video_Views_4,Affiliate,Awareness,Desktop,Canada,New,2024-10-18,37.07,4811,65,1,71.9
CMP-1024,Email_Brand_Reach_6,Email,Awareness,Mobile,India,New,2024-10-18,9.03,5255,483,9,602.38
CMP-1006,GoogleAds_Brand_Reach_6,Google Ads,Awareness,Desktop,India,Lookalike,2024-10-18,80.92,8235,147,3,245.49
CMP-1015,Instagram_Product_Explainer_3,Instagram,Consideration,Mobile,Canada,Retargeting,2024-10-18,58.26,5302,75,3,257.64
CMP-1041,Organic_Video_Views_5,Organic,Awareness,Mobile,India,Lookalike,2024-10-18,0.0,4991,80,1,61.64
CMP-1028,Affiliate_Video_Views_4,Affiliate,Awareness,Desktop,Canada,New,2024-10-19,18.37,5503,63,0,0.0
CMP-1024,Email_Brand_Reach_6,Email,Awareness,Mobile,India,New,2024-10-19,3.53,2187,154,3,195.16
CMP-1006,GoogleAds_Brand_Reach_6,Google Ads,Awareness,Desktop,India,Lookalike,2024-10-19,116.5,12002,237,3,196.07
CMP-1015,Instagram_Product_Explainer_3,Instagram,Consideration,Mobile,Canada,Retargeting,2024-10-19,48.21,4032,74,2,108.83
CMP-1041,Organic_Video_Views_5,Organic,Awareness,Mobile,India,Lookalike,2024-10-19,0.0,2784,43,0,0.0
CMP-1028,Affiliate_Video_Views_4,Affiliate,Awareness,Desktop,Canada,New,2024-10-20,37.2,4461,62,1,103.85
CMP-1024,Email_Brand_Reach_6,Email,Awareness,Mobile,India,New,2024-10-20,2.99,2359,136,3,223.19
CMP-1006,GoogleAds_Brand_Reach_6,Google Ads,Awareness,Desktop,India,Lookalike,2024-10-20,67.58,6127,122,2,206.14
CMP-1015,Instagram_Product_Explainer_3,Instagram,Consideration,Mobile,Canada,Retargeting,2024-10-20,222.59,8822,193,6,502.83
CMP-1041,Organic_Video_Views_5,Organic,Awareness,Mobile,India,Lookalike,2024-10-20,0.0,6059,101,1,59.97
CMP-1028,Affiliate_Video_Views_4,Affiliate,Awareness,Desktop,Canada,New,2024-10-21,18.95,4961,36,1,78.5
CMP-1024,Email_Brand_Reach_6,Email,Awareness,Mobile,India,New,2024-10-21,6.82,3186,188,5,324.31
CMP-1006,GoogleAds_Brand_Reach_6,Google Ads,Awareness,Desktop,India,Lookalike,2024-10-21,108.51,7472,151,3,331.8
CMP-1015,Instagram_Product_Explainer_3,Instagram,Consideration,Mobile,Canada,Retargeting,2024-10-21,136.1,7189,165,5,368.63
CMP-1041,Organic_Video_Views_5,Organic,Awareness,Mobile,India,Lookalike,2024-10-21,0.0,6993,117,1,80.24
CMP-1028,Affiliate_Video_Views_4,Affiliate,Awareness,Desktop,Canada,New,2024-10-22,32.47,5074,64,1,99.53
CMP-1024,Email_Brand_Reach_6,Email,Awareness,Mobile,India,New,2024-10-22,2.73,2522,166,3,191.52
CMP-1006,GoogleAds_Brand_Reach_6,Google Ads,Awareness,Desktop,India,Lookalike,2024-10-22,79.89,10164,162,5,456.27
CMP-1015,Instagram_Product_Explainer_3,Instagram,Consideration,Mobile,Canada,Retargeting,2024-10-22,137.46,7383,146,6,359.39
CMP-1041,Organic_Video_Views_5,Organic,Awareness,Mobile,India,Lookalike,2024-10-22,0.0,6224,105,1,103.18
CMP-1028,Affiliate_Video_Views_4,Affiliate,Awareness,Desktop,Canada,New,2024-10-23,13.08,2543,27,0,0.0
CMP-1024,Email_Brand_Reach_6,Email,Awareness,Mobile,India,New,2024-10-23,5.07,3907,231,3,242.08
CMP-1006,GoogleAds_Brand_Reach_6,Google Ads,Awareness,Desktop,India,Lookalike,2024-10-23,159.36,10641,287,5,297.64
CMP-1015,Instagram_Product_Explainer_3,Instagram,Consideration,Mobile,Canada,Retargeting,2024-10-23,90.65,7953,120,4,184.93
CMP-1041,Organic_Video_Views_5,Organic,Awareness,Mobile,India,Lookalike,2024-10-23,0.0,4006,63,1,91.15
CMP-1028,Affiliate_Video_Views_4,Affiliate,Awareness,Desktop,Canada,New,2024-10-24,64.57,5322,115,1,73.29
CMP-1024,Email_Brand_Reach_6,Email,Awareness,Mobile,India,New,2024-10-24,2.67,2772,166,3,250.26
CMP-1006,GoogleAds_Brand_Reach_6,Google Ads,Awareness,Desktop,India,Lookalike,2024-10-24,128.66,10924,204,4,414.76
CMP-1015,Instagram_Product_Explainer_3,Instagram,Consideration,Mobile,Canada,Retargeting,2024-10-24,73.5,7747,109,3,216.55
CMP-1041,Organic_Video_Views_5,Organic,Awareness,Mobile,India,Lookalike,2024-10-24,0.0,6887,148,1,53.35
CMP-1028,Affiliate_Video_Views_4,Affiliate,Awareness,Desktop,Canada,New,2024-10-25,32.53,5013,63,1,95.09
CMP-1024,Email_Brand_Reach_6,Email,Awareness,Mobile,India,New,2024-10-25,5.94,3723,286,3,243.8
CMP-1006,GoogleAds_Brand_Reach_6,Google Ads,Awareness,Desktop,India,Lookalike,2024-10-25,70.07,12030,113,3,193.54
CMP-1015,Instagram_Product_Explainer_3,Instagram,Consideration,Mobile,Canada,Retargeting,2024-10-25,77.1,5576,96,2,186.57
CMP-1041,Organic_Video_Views_5,Organic,Awareness,Mobile,India,Lookalike,2024-10-25,0.0,6826,116,1,92.22
CMP-1028,Affiliate_Video_Views_4,Affiliate,Awareness,Desktop,Canada,New,2024-10-26,18.9,5391,55,1,71.63
CMP-1024,Email_Brand_Reach_6,Email,Awareness,Mobile,India,New,2024-10-26,3.12,1923,149,3,197.82
CMP-1006,GoogleAds_Brand_Reach_6,Google Ads,Awareness,Desktop,India,Lookalike,2024-10-26,62.23,9117,120,1,97.11
CMP-1015,Instagram_Product_Explainer_3,Instagram,Consideration,Mobile,Canada,Retargeting,2024-10-26,134.79,6150,133,3,288.92
CMP-1041,Organic_Video_Views_5,Organic,Awareness,Mobile,India,Lookalike,2024-10-26,0.0,4480,114,1,106.24
CMP-1028,Affiliate_Video_Views_4,Affiliate,Awareness,Desktop,Canada,New,2024-10-27,28.04,5047,38,0,0.0
CMP-1024,Email_Brand_Reach_6,Email,Awareness,Mobile,India,New,2024-10-27,2.0,1579,76,2,83.62
CMP-1006,GoogleAds_Brand_Reach_6,Google Ads,Awareness,Desktop,India,Lookalike,2024-10-27,29.69,9815,98,3,231.91
CMP-1015,Instagram_Product_Explainer_3,Instagram,Consideration,Mobile,Canada,Retargeting,2024-10-27,66.7,5256,88,2,157.47
CMP-1041,Organic_Video_Views_5,Organic,Awareness,Mobile,India,Lookalike,2024-10-27,0.0,3811,59,1,120.28
CMP-1028,Affiliate_Video_Views_4,Affiliate,Awareness,Desktop,Canada,New,2024-10-28,40.46,4531,74,1,90.38
CMP-1024,Email_Brand_Reach_6,Email,Awareness,Mobile,India,New,2024-10-28,3.52,3017,172,4,264.74
CMP-1006,GoogleAds_Brand_Reach_6,Google Ads,Awareness,Desktop,India,Lookalike,2024-10-28,88.55,8909,157,2,145.59
CMP-1015,Instagram_Product_Explainer_3,Instagram,Consideration,Mobile,Canada,Retargeting,2024-10-28,84.35,7137,120,3,300.4
CMP-1041,Organic_Video_Views_5,Organic,Awareness,Mobile,India,Lookalike,2024-10-28,0.0,5996,114,1,86.84
CMP-1026,Affiliate_Retarget_Convert_2,Affiliate,Conversion,Mobile,United Kingdom,Returning,2024-10-29,26.76,1675,38,3,208.73
CMP-1028,Affiliate_Video_Views_4,Affiliate,Awareness,Desktop,Canada,New,2024-10-29,33.0,6177,68,1,71.63
CMP-1024,Email_Brand_Reach_6,Email,Awareness,Mobile,India,New,2024-10-29,2.55,1945,118,3,176.17
CMP-1006,GoogleAds_Brand_Reach_6,Google Ads,Awareness,Desktop,India,Lookalike,2024-10-29,53.06,9767,167,4,338.73
CMP-1015,Instagram_Product_Explainer_3,Instagram,Consideration,Mobile,Canada,Retargeting,2024-10-29,91.64,6960,106,5,367.14
CMP-1041,Organic_Video_Views_5,Organic,Awareness,Mobile,India,Lookalike,2024-10-29,0.0,7445,94,1,60.35
CMP-1026,Affiliate_Retarget_Convert_2,Affiliate,Conversion,Mobile,United Kingdom,Returning,2024-10-30,24.81,2199,45,2,149.88
CMP-1024,Email_Brand_Reach_6,Email,Awareness,Mobile,India,New,2024-10-30,6.58,4415,320,7,464.89
CMP-1006,GoogleAds_Brand_Reach_6,Google Ads,Awareness,Desktop,India,Lookalike,2024-10-30,100.07,9887,154,4,355.86
CMP-1015,Instagram_Product_Explainer_3,Instagram,Consideration,Mobile,Canada,Retargeting,2024-10-30,70.73,5632,77,2,173.4
CMP-1041,Organic_Video_Views_5,Organic,Awareness,Mobile,India,Lookalike,2024-10-30,0.0,7067,147,1,86.26
CMP-1035,TikTok_Impression_Blitz_5,TikTok,Awareness,Desktop,United States,Lookalike,2024-10-30,44.01,8901,73,0,0.0
CMP-1026,Affiliate_Retarget_Convert_2,Affiliate,Conversion,Mobile,United Kingdom,Returning,2024-10-31,45.16,2155,58,3,344.17
CMP-1024,Email_Brand_Reach_6,Email,Awareness,Mobile,India,New,2024-10-31,2.51,1976,155,5,298.93
CMP-1006,GoogleAds_Brand_Reach_6,Google Ads,Awareness,Desktop,India,Lookalike,2024-10-31,143.31,10174,269,8,650.66
CMP-1015,Instagram_Product_Explainer_3,Instagram,Consideration,Mobile,Canada,Retargeting,2024-10-31,61.53,3896,56,2,135.98
CMP-1041,Organic_Video_Views_5,Organic,Awareness,Mobile,India,Lookalike,2024-10-31,0.0,4991,63,1,102.98
CMP-1035,TikTok_Impression_Blitz_5,TikTok,Awareness,Desktop,United States,Lookalike,2024-10-31,66.3,7315,59,1,50.99
CMP-1026,Affiliate_Retarget_Convert_2,Affiliate,Conversion,Mobile,United Kingdom,Returning,2024-11-01,17.0,1987,33,1,74.41
CMP-1024,Email_Brand_Reach_6,Email,Awareness,Mobile,India,New,2024-11-01,4.44,2370,227,4,270.98
CMP-1006,GoogleAds_Brand_Reach_6,Google Ads,Awareness,Desktop,India,Lookalike,2024-11-01,141.54,11660,233,6,610.49
CMP-1015,Instagram_Product_Explainer_3,Instagram,Consideration,Mobile,Canada,Retargeting,2024-11-01,92.26,6601,103,1,67.15
CMP-1017,Instagram_Video_Views_5,Instagram,Awareness,Mobile,United States,Retargeting,2024-11-01,139.27,11128,106,2,141.7
CMP-1041,Organic_Video_Views_5,Organic,Awareness,Mobile,India,Lookalike,2024-11-01,0.0,6619,114,1,77.31
CMP-1035,TikTok_Impression_Blitz_5,TikTok,Awareness,Desktop,United States,Lookalike,2024-11-01,46.27,6852,104,1,50.18
CMP-1026,Affiliate_Retarget_Convert_2,Affiliate,Conversion,Mobile,United Kingdom,Returning,2024-11-02,43.32,2142,53,3,146.88
CMP-1020,Email_Signup_Push_2,Email,Conversion,Mobile,United States,New,2024-11-02,8.7,783,122,9,662.77
CMP-1024,Email_Brand_Reach_6,Email,Awareness,Mobile,India,New,2024-11-02,4.01,3178,193,4,221.12
CMP-1006,GoogleAds_Brand_Reach_6,Google Ads,Awareness,Desktop,India,Lookalike,2024-11-02,90.32,9972,207,2,169.23
CMP-1015,Instagram_Product_Explainer_3,Instagram,Consideration,Mobile,Canada,Retargeting,2024-11-02,110.15,5363,117,4,259.9
CMP-1017,Instagram_Video_Views_5,Instagram,Awareness,Mobile,United States,Retargeting,2024-11-02,42.94,8175,40,1,76.74
CMP-1041,Organic_Video_Views_5,Organic,Awareness,Mobile,India,Lookalike,2024-11-02,0.0,7037,101,1,95.02
CMP-1035,TikTok_Impression_Blitz_5,TikTok,Awareness,Desktop,United States,Lookalike,2024-11-02,95.44,9034,112,1,68.24
CMP-1026,Affiliate_Retarget_Convert_2,Affiliate,Conversion,Mobile,United Kingdom,Returning,2024-11-03,15.99,989,29,1,100.76
CMP-1020,Email_Signup_Push_2,Email,Conversion,Mobile,United States,New,2024-11-03,11.69,1103,156,12,776.69
CMP-1024,Email_Brand_Reach_6,Email,Awareness,Mobile,India,New,2024-11-03,3.45,2458,151,3,156.97
CMP-1006,GoogleAds_Brand_Reach_6,Google Ads,Awareness,Desktop,India,Lookalike,2024-11-03,44.58,8746,118,2,216.46
CMP-1015,Instagram_Product_Explainer_3,Instagram,Consideration,Mobile,Canada,Retargeting,2024-11-03,34.32,2581,36,1,46.55
CMP-1017,Instagram_Video_Views_5,Instagram,Awareness,Mobile,United States,Retargeting,2024-11-03,34.7,7922,41,1,86.26
CMP-1041,Organic_Video_Views_5,Organic,Awareness,Mobile,India,Lookalike,2024-11-03,0.0,4071,70,1,67.91
CMP-1035,TikTok_Impression_Blitz_5,TikTok,Awareness,Desktop,United States,Lookalike,2024-11-03,69.57,7787,102,0,0.0
CMP-1026,Affiliate_Retarget_Convert_2,Affiliate,Conversion,Mobile,United Kingdom,Returning,2024-11-04,18.7,1373,33,1,107.96
CMP-1020,Email_Signup_Push_2,Email,Conversion,Mobile,United States,New,2024-11-04,11.7,1055,140,11,836.69
CMP-1024,Email_Brand_Reach_6,Email,Awareness,Mobile,India,New,2024-11-04,3.6,1985,144,3,248.9
CMP-1006,GoogleAds_Brand_Reach_6,Google Ads,Awareness,Desktop,India,Lookalike,2024-11-04,53.01,7442,98,2,193.31
CMP-1015,Instagram_Product_Explainer_3,Instagram,Consideration,Mobile,Canada,Retargeting,2024-11-04,72.42,7264,110,3,273.43
CMP-1017,Instagram_Video_Views_5,Instagram,Awareness,Mobile,United States,Retargeting,2024-11-04,63.99,6214,46,0,0.0
CMP-1041,Organic_Video_Views_5,Organic,Awareness,Mobile,India,Lookalike,2024-11-04,0.0,6501,94,1,85.36
CMP-1035,TikTok_Impression_Blitz_5,TikTok,Awareness,Desktop,United States,Lookalike,2024-11-04,83.44,9369,116,1,81.09
CMP-1026,Affiliate_Retarget_Convert_2,Affiliate,Conversion,Mobile,United Kingdom,Returning,2024-11-05,15.92,1804,33,1,110.39
CMP-1020,Email_Signup_Push_2,Email,Conversion,Mobile,United States,New,2024-11-05,10.76,1204,209,11,960.57
CMP-1024,Email_Brand_Reach_6,Email,Awareness,Mobile,India,New,2024-11-05,6.07,4832,283,5,280.66
CMP-1006,GoogleAds_Brand_Reach_6,Google Ads,Awareness,Desktop,India,Lookalike,2024-11-05,89.52,9780,174,4,321.79
CMP-1015,Instagram_Product_Explainer_3,Instagram,Consideration,Mobile,Canada,Retargeting,2024-11-05,64.01,8103,93,3,196.36
CMP-1017,Instagram_Video_Views_5,Instagram,Awareness,Mobile,United States,Retargeting,2024-11-05,79.47,10361,79,2,158.65
CMP-1041,Organic_Video_Views_5,Organic,Awareness,Mobile,India,Lookalike,2024-11-05,0.0,8543,106,1,44.15
CMP-1035,TikTok_Impression_Blitz_5,TikTok,Awareness,Desktop,United States,Lookalike,2024-11-05,52.2,5825,74,1,50.03
CMP-1026,Affiliate_Retarget_Convert_2,Affiliate,Conversion,Mobile,United Kingdom,Returning,2024-11-06,19.19,1168,38,1,100.89
CMP-1020,Email_Signup_Push_2,Email,Conversion,Mobile,United States,New,2024-11-06,5.63,889,113,9,597.54
CMP-1024,Email_Brand_Reach_6,Email,Awareness,Mobile,India,New,2024-11-06,3.31,2399,155,4,272.02
CMP-1006,GoogleAds_Brand_Reach_6,Google Ads,Awareness,Desktop,India,Lookalike,2024-11-06,82.82,9525,175,4,310.64
CMP-1015,Instagram_Product_Explainer_3,Instagram,Consideration,Mobile,Canada,Retargeting,2024-11-06,131.18,10969,196,5,316.62
CMP-1017,Instagram_Video_Views_5,Instagram,Awareness,Mobile,United States,Retargeting,2024-11-06,36.82,9602,43,1,74.19
CMP-1041,Organic_Video_Views_5,Organic,Awareness,Mobile,India,Lookalike,2024-11-06,0.0,4360,63,0,0.0
CMP-1035,TikTok_Impression_Blitz_5,TikTok,Awareness,Desktop,United States,Lookalike,2024-11-06,46.86,7536,75,1,74.68
CMP-1026,Affiliate_Retarget_Convert_2,Affiliate,Conversion,Mobile,United Kingdom,Returning,2024-11-07,29.83,1730,52,3,310.15
CMP-1020,Email_Signup_Push_2,Email,Conversion,Mobile,United States,New,2024-11-07,16.98,1370,201,11,980.89
CMP-1024,Email_Brand_Reach_6,Email,Awareness,Mobile,India,New,2024-11-07,2.76,3043,187,3,239.05
CMP-1006,GoogleAds_Brand_Reach_6,Google Ads,Awareness,Desktop,India,Lookalike,2024-11-07,49.89,10115,95,3,194.15
CMP-1015,Instagram_Product_Explainer_3,Instagram,Consideration,Mobile,Canada,Retargeting,2024-11-07,72.47,5616,115,1,58.28
CMP-1017,Instagram_Video_Views_5,Instagram,Awareness,Mobile,United States,Retargeting,2024-11-07,66.53,9190,92,2,157.26
CMP-1041,Organic_Video_Views_5,Organic,Awareness,Mobile,India,Lookalike,2024-11-07,0.0,8249,176,2,159.82
CMP-1035,TikTok_Impression_Blitz_5,TikTok,Awareness,Desktop,United States,Lookalike,2024-11-07,36.07,5948,65,1,74.61
CMP-1026,Affiliate_Retarget_Convert_2,Affiliate,Conversion,Mobile,United Kingdom,Returning,2024-11-08,9.5,1747,32,1,85.81
CMP-1020,Email_Signup_Push_2,Email,Conversion,Mobile,United States,New,2024-11-08,13.17,1251,185,14,847.2
CMP-1024,Email_Brand_Reach_6,Email,Awareness,Mobile,India,New,2024-11-08,2.82,3033,113,3,237.57
CMP-1006,GoogleAds_Brand_Reach_6,Google Ads,Awareness,Desktop,India,Lookalike,2024-11-08,199.31,15484,260,7,677.7
CMP-1015,Instagram_Product_Explainer_3,Instagram,Consideration,Mobile,Canada,Retargeting,2024-11-08,111.01,5346,115,5,356.39
CMP-1017,Instagram_Video_Views_5,Instagram,Awareness,Mobile,United States,Retargeting,2024-11-08,59.8,10716,63,1,67.08
CMP-1041,Organic_Video_Views_5,Organic,Awareness,Mobile,India,Lookalike,2024-11-08,0.0,8991,155,2,149.54
CMP-1035,TikTok_Impression_Blitz_5,TikTok,Awareness,Desktop,United States,Lookalike,2024-11-08,82.85,7469,115,1,55.58
CMP-1026,Affiliate_Retarget_Convert_2,Affiliate,Conversion,Mobile,United Kingdom,Returning,2024-11-09,23.41,2393,39,2,106.47
CMP-1020,Email_Signup_Push_2,Email,Conversion,Mobile,United States,New,2024-11-09,10.63,1331,165,9,696.17
CMP-1024,Email_Brand_Reach_6,Email,Awareness,Mobile,India,New,2024-11-09,4.42,3391,228,5,388.64
CMP-1006,GoogleAds_Brand_Reach_6,Google Ads,Awareness,Desktop,India,Lookalike,2024-11-09,77.04,7383,130,3,258.38
CMP-1015,Instagram_Product_Explainer_3,Instagram,Consideration,Mobile,Canada,Retargeting,2024-11-09,54.03,3869,61,2,194.98
CMP-1017,Instagram_Video_Views_5,Instagram,Awareness,Mobile,United States,Retargeting,2024-11-09,100.54,11095,128,2,184.85
CMP-1041,Organic_Video_Views_5,Organic,Awareness,Mobile,India,Lookalike,2024-11-09,0.0,5440,57,1,61.27
CMP-1035,TikTok_Impression_Blitz_5,TikTok,Awareness,Desktop,United States,Lookalike,2024-11-09,93.35,6915,112,1,62.94
CMP-1026,Affiliate_Retarget_Convert_2,Affiliate,Conversion,Mobile,United Kingdom,Returning,2024-11-10,19.12,1824,34,2,170.85
CMP-1020,Email_Signup_Push_2,Email,Conversion,Mobile,United States,New,2024-11-10,9.94,1229,147,9,665.88
CMP-1024,Email_Brand_Reach_6,Email,Awareness,Mobile,India,New,2024-11-10,5.33,3213,206,4,286.83
CMP-1006,GoogleAds_Brand_Reach_6,Google Ads,Awareness,Desktop,India,Lookalike,2024-11-10,98.52,9653,161,2,105.43
CMP-1015,Instagram_Product_Explainer_3,Instagram,Consideration,Mobile,Canada,Retargeting,2024-11-10,89.51,6044,105,3,305.67
CMP-1017,Instagram_Video_Views_5,Instagram,Awareness,Mobile,United States,Retargeting,2024-11-10,127.82,10972,134,2,145.24
CMP-1041,Organic_Video_Views_5,Organic,Awareness,Mobile,India,Lookalike,2024-11-10,0.0,5266,103,1,72.8
CMP-1035,TikTok_Impression_Blitz_5,TikTok,Awareness,Desktop,United States,Lookalike,2024-11-10,90.97,11626,87,1,70.95
CMP-1026,Affiliate_Retarget_Convert_2,Affiliate,Conversion,Mobile,United Kingdom,Returning,2024-11-11,54.13,2508,73,3,283.53
CMP-1020,Email_Signup_Push_2,Email,Conversion,Mobile,United States,New,2024-11-11,6.28,1367,178,5,274.6
CMP-1024,Email_Brand_Reach_6,Email,Awareness,Mobile,India,New,2024-11-11,5.77,2539,203,4,307.45
CMP-1006,GoogleAds_Brand_Reach_6,Google Ads,Awareness,Desktop,India,Lookalike,2024-11-11,103.85,12449,175,3,249.39
CMP-1015,Instagram_Product_Explainer_3,Instagram,Consideration,Mobile,Canada,Retargeting,2024-11-11,41.44,6704,96,2,103.75
CMP-1017,Instagram_Video_Views_5,Instagram,Awareness,Mobile,United States,Retargeting,2024-11-11,112.0,11755,91,1,97.63
CMP-1041,Organic_Video_Views_5,Organic,Awareness,Mobile,India,Lookalike,2024-11-11,0.0,8053,96,1,84.75
CMP-1035,TikTok_Impression_Blitz_5,TikTok,Awareness,Desktop,United States,Lookalike,2024-11-11,68.71,7308,79,1,57.38
CMP-1026,Affiliate_Retarget_Convert_2,Affiliate,Conversion,Mobile,United Kingdom,Returning,2024-11-12,39.38,2113,57,3,248.79
CMP-1020,Email_Signup_Push_2,Email,Conversion,Mobile,United States,New,2024-11-12,6.82,830,105,6,423.7
CMP-1024,Email_Brand_Reach_6,Email,Awareness,Mobile,India,New,2024-11-12,4.2,2939,194,4,339.23
CMP-1006,GoogleAds_Brand_Reach_6,Google Ads,Awareness,Desktop,India,Lookalike,2024-11-12,97.6,9861,150,4,308.32
CMP-1015,Instagram_Product_Explainer_3,Instagram,Consideration,Mobile,Canada,Retargeting,2024-11-12,96.59,4846,83,1,69.28
CMP-1017,Instagram_Video_Views_5,Instagram,Awareness,Mobile,United States,Retargeting,2024-11-12,87.35,9427,87,2,126.94
CMP-1041,Organic_Video_Views_5,Organic,Awareness,Mobile,India,Lookalike,2024-11-12,0.0,6102,111,1,78.76
CMP-1035,TikTok_Impression_Blitz_5,TikTok,Awareness,Desktop,United States,Lookalike,2024-11-12,34.53,2332,33,0,0.0
CMP-1026,Affiliate_Retarget_Convert_2,Affiliate,Conversion,Mobile,United Kingdom,Returning,2024-11-13,27.28,1660,51,3,246.7
CMP-1020,Email_Signup_Push_2,Email,Conversion,Mobile,United States,New,2024-11-13,8.77,1460,153,10,680.9
CMP-1024,Email_Brand_Reach_6,Email,Awareness,Mobile,India,New,2024-11-13,2.83,3018,158,3,219.61
CMP-1006,GoogleAds_Brand_Reach_6,Google Ads,Awareness,Desktop,India,Lookalike,2024-11-13,133.1,15834,266,4,472.37
CMP-1015,Instagram_Product_Explainer_3,Instagram,Consideration,Mobile,Canada,Retargeting,2024-11-13,68.52,6013,98,3,180.67
CMP-1017,Instagram_Video_Views_5,Instagram,Awareness,Mobile,United States,Retargeting,2024-11-13,54.15,8470,47,1,83.89
CMP-1041,Organic_Video_Views_5,Organic,Awareness,Mobile,India,Lookalike,2024-11-13,0.0,2635,46,0,0.0
CMP-1035,TikTok_Impression_Blitz_5,TikTok,Awareness,Desktop,United States,Lookalike,2024-11-13,106.22,11720,208,3,154.35
CMP-1026,Affiliate_Retarget_Convert_2,Affiliate,Conversion,Mobile,United Kingdom,Returning,2024-11-14,26.75,2022,47,2,140.5
CMP-1020,Email_Signup_Push_2,Email,Conversion,Mobile,United States,New,2024-11-14,11.74,1192,147,9,518.01
CMP-1024,Email_Brand_Reach_6,Email,Awareness,Mobile,India,New,2024-11-14,5.38,3799,240,4,182.05
CMP-1006,GoogleAds_Brand_Reach_6,Google Ads,Awareness,Desktop,India,Lookalike,2024-11-14,51.55,8592,155,4,255.21
CMP-1015,Instagram_Product_Explainer_3,Instagram,Consideration,Mobile,Canada,Retargeting,2024-11-14,47.69,2706,41,2,174.33
CMP-1017,Instagram_Video_Views_5,Instagram,Awareness,Mobile,United States,Retargeting,2024-11-14,63.48,7071,68,2,146.41
CMP-1041,Organic_Video_Views_5,Organic,Awareness,Mobile,India,Lookalike,2024-11-14,0.0,6242,111,1,90.54
CMP-1035,TikTok_Impression_Blitz_5,TikTok,Awareness,Desktop,United States,Lookalike,2024-11-14,115.57,9198,160,1,33.36
CMP-1026,Affiliate_Retarget_Convert_2,Affiliate,Conversion,Mobile,United Kingdom,Returning,2024-11-15,26.41,2345,44,3,209.02
CMP-1020,Email_Signup_Push_2,Email,Conversion,Mobile,United States,New,2024-11-15,14.57,1246,180,17,1230.49
CMP-1024,Email_Brand_Reach_6,Email,Awareness,Mobile,India,New,2024-11-15,2.33,2265,97,2,123.06
CMP-1005,GoogleAds_Retarget_Convert_5,Google Ads,Conversion,Desktop,India,New,2024-11-15,43.54,3958,179,13,1437.69
CMP-1006,GoogleAds_Brand_Reach_6,Google Ads,Awareness,Desktop,India,Lookalike,2024-11-15,106.11,10464,212,6,408.79
CMP-1015,Instagram_Product_Explainer_3,Instagram,Consideration,Mobile,Canada,Retargeting,2024-11-15,76.47,8032,125,4,311.27
CMP-1017,Instagram_Video_Views_5,Instagram,Awareness,Mobile,United States,Retargeting,2024-11-15,65.59,8393,60,1,69.63
CMP-1041,Organic_Video_Views_5,Organic,Awareness,Mobile,India,Lookalike,2024-11-15,0.0,7153,161,2,150.12
CMP-1035,TikTok_Impression_Blitz_5,TikTok,Awareness,Desktop,United States,Lookalike,2024-11-15,64.87,7651,68,1,58.74
CMP-1026,Affiliate_Retarget_Convert_2,Affiliate,Conversion,Mobile,United Kingdom,Returning,2024-11-16,61.98,2337,74,5,565.62
CMP-1020,Email_Signup_Push_2,Email,Conversion,Mobile,United States,New,2024-11-16,18.6,1477,247,11,767.7
CMP-1024,Email_Brand_Reach_6,Email,Awareness,Mobile,India,New,2024-11-16,4.81,4333,228,4,306.09
CMP-1005,GoogleAds_Retarget_Convert_5,Google Ads,Conversion,Desktop,India,New,2024-11-16,37.89,3394,82,6,542.64
CMP-1006,GoogleAds_Brand_Reach_6,Google Ads,Awareness,Desktop,India,Lookalike,2024-11-16,88.58,6723,150,3,331.14
CMP-1015,Instagram_Product_Explainer_3,Instagram,Consideration,Mobile,Canada,Retargeting,2024-11-16,52.69,4428,74,1,65.52
CMP-1017,Instagram_Video_Views_5,Instagram,Awareness,Mobile,United States,Retargeting,2024-11-16,79.33,9172,54,1,82.42
CMP-1041,Organic_Video_Views_5,Organic,Awareness,Mobile,India,Lookalike,2024-11-16,0.0,6826,83,1,99.57
CMP-1035,TikTok_Impression_Blitz_5,TikTok,Awareness,Desktop,United States,Lookalike,2024-11-16,85.31,6151,97,1,50.59
CMP-1026,Affiliate_Retarget_Convert_2,Affiliate,Conversion,Mobile,United Kingdom,Returning,2024-11-17,18.68,1690,36,1,113.68
CMP-1020,Email_Signup_Push_2,Email,Conversion,Mobile,United States,New,2024-11-17,10.56,960,145,8,536.89
CMP-1024,Email_Brand_Reach_6,Email,Awareness,Mobile,India,New,2024-11-17,3.39,2333,170,2,120.65
CMP-1005,GoogleAds_Retarget_Convert_5,Google Ads,Conversion,Desktop,India,New,2024-11-17,99.39,4650,163,14,1030.44
CMP-1006,GoogleAds_Brand_Reach_6,Google Ads,Awareness,Desktop,India,Lookalike,2024-11-17,54.64,7796,127,1,114.47
CMP-1015,Instagram_Product_Explainer_3,Instagram,Consideration,Mobile,Canada,Retargeting,2024-11-17,38.46,5643,78,3,224.9
CMP-1017,Instagram_Video_Views_5,Instagram,Awareness,Mobile,United States,Retargeting,2024-11-17,54.51,7044,54,1,70.02
CMP-1041,Organic_Video_Views_5,Organic,Awareness,Mobile,India,Lookalike,2024-11-17,0.0,4492,80,0,0.0
CMP-1035,TikTok_Impression_Blitz_5,TikTok,Awareness,Desktop,United States,Lookalike,2024-11-17,36.87,4927,58,1,46.77
CMP-1026,Affiliate_Retarget_Convert_2,Affiliate,Conversion,Mobile,United Kingdom,Returning,2024-11-18,14.93,1058,28,1,84.96
CMP-1020,Email_Signup_Push_2,Email,Conversion,Mobile,United States,New,2024-11-18,6.43,1739,136,7,470.12
CMP-1024,Email_Brand_Reach_6,Email,Awareness,Mobile,India,New,2024-11-18,5.06,3193,202,5,439.15
CMP-1005,GoogleAds_Retarget_Convert_5,Google Ads,Conversion,Desktop,India,New,2024-11-18,52.81,3706,108,5,558.43
CMP-1006,GoogleAds_Brand_Reach_6,Google Ads,Awareness,Desktop,India,Lookalike,2024-11-18,80.26,10264,160,2,159.33
CMP-1015,Instagram_Product_Explainer_3,Instagram,Consideration,Mobile,Canada,Retargeting,2024-11-18,46.65,3718,52,2,135.28
CMP-1017,Instagram_Video_Views_5,Instagram,Awareness,Mobile,United States,Retargeting,2024-11-18,86.84,10415,75,1,38.54
CMP-1041,Organic_Video_Views_5,Organic,Awareness,Mobile,India,Lookalike,2024-11-18,0.0,5968,121,1,107.76
CMP-1035,TikTok_Impression_Blitz_5,TikTok,Awareness,Desktop,United States,Lookalike,2024-11-18,196.83,13168,197,3,187.22
CMP-1026,Affiliate_Retarget_Convert_2,Affiliate,Conversion,Mobile,United Kingdom,Returning,2024-11-19,7.15,1020,15,1,89.31
CMP-1020,Email_Signup_Push_2,Email,Conversion,Mobile,United States,New,2024-11-19,20.38,1769,270,15,1003.47
CMP-1024,Email_Brand_Reach_6,Email,Awareness,Mobile,India,New,2024-11-19,4.28,2272,173,2,134.45
CMP-1010,Facebook_Brand_Reach_4,Facebook,Awareness,Mobile,Canada,Retargeting,2024-11-19,76.1,13295,87,2,184.56
CMP-1005,GoogleAds_Retarget_Convert_5,Google Ads,Conversion,Desktop,India,New,2024-11-19,45.88,3148,119,7,716.53
CMP-1006,GoogleAds_Brand_Reach_6,Google Ads,Awareness,Desktop,India,Lookalike,2024-11-19,105.62,11857,232,8,652.26
CMP-1015,Instagram_Product_Explainer_3,Instagram,Consideration,Mobile,Canada,Retargeting,2024-11-19,76.65,5266,115,4,382.01
CMP-1017,Instagram_Video_Views_5,Instagram,Awareness,Mobile,United States,Retargeting,2024-11-19,41.96,7301,55,1,33.2
CMP-1041,Organic_Video_Views_5,Organic,Awareness,Mobile,India,Lookalike,2024-11-19,0.0,7963,103,1,96.03
CMP-1035,TikTok_Impression_Blitz_5,TikTok,Awareness,Desktop,United States,Lookalike,2024-11-19,80.78,8138,115,2,85.7
CMP-1026,Affiliate_Retarget_Convert_2,Affiliate,Conversion,Mobile,United Kingdom,Returning,2024-11-20,16.26,1773,38,2,139.99
CMP-1020,Email_Signup_Push_2,Email,Conversion,Mobile,United States,New,2024-11-20,14.67,1545,193,16,1015.99
CMP-1024,Email_Brand_Reach_6,Email,Awareness,Mobile,India,New,2024-11-20,2.01,2161,96,2,138.09
CMP-1010,Facebook_Brand_Reach_4,Facebook,Awareness,Mobile,Canada,Retargeting,2024-11-20,136.74,13419,121,3,201.71
CMP-1005,GoogleAds_Retarget_Convert_5,Google Ads,Conversion,Desktop,India,New,2024-11-20,46.52,3351,111,8,568.47
CMP-1006,GoogleAds_Brand_Reach_6,Google Ads,Awareness,Desktop,India,Lookalike,2024-11-20,138.37,10451,212,4,408.82
CMP-1015,Instagram_Product_Explainer_3,Instagram,Consideration,Mobile,Canada,Retargeting,2024-11-20,100.65,5821,150,5,406.43
CMP-1017,Instagram_Video_Views_5,Instagram,Awareness,Mobile,United States,Retargeting,2024-11-20,74.94,5261,54,1,90.95
CMP-1041,Organic_Video_Views_5,Organic,Awareness,Mobile,India,Lookalike,2024-11-20,0.0,6304,79,1,74.87
CMP-1035,TikTok_Impression_Blitz_5,TikTok,Awareness,Desktop,United States,Lookalike,2024-11-20,16.31,3366,25,0,0.0
CMP-1026,Affiliate_Retarget_Convert_2,Affiliate,Conversion,Mobile,United Kingdom,Returning,2024-11-21,14.85,684,22,1,94.83
CMP-1020,Email_Signup_Push_2,Email,Conversion,Mobile,United States,New,2024-11-21,12.31,981,146,13,906.25
CMP-1024,Email_Brand_Reach_6,Email,Awareness,Mobile,India,New,2024-11-21,2.38,2500,158,4,327.07
CMP-1007,Facebook_Interest_Boost_1,Facebook,Consideration,Mobile,United States,New,2024-11-21,194.45,12541,189,5,363.98
CMP-1010,Facebook_Brand_Reach_4,Facebook,Awareness,Mobile,Canada,Retargeting,2024-11-21,142.1,13548,136,2,165.82
CMP-1005,GoogleAds_Retarget_Convert_5,Google Ads,Conversion,Desktop,India,New,2024-11-21,162.24,5279,266,17,2064.31
CMP-1006,GoogleAds_Brand_Reach_6,Google Ads,Awareness,Desktop,India,Lookalike,2024-11-21,118.75,12958,203,2,106.93
CMP-1015,Instagram_Product_Explainer_3,Instagram,Consideration,Mobile,Canada,Retargeting,2024-11-21,39.93,6313,64,0,0.0
CMP-1017,Instagram_Video_Views_5,Instagram,Awareness,Mobile,United States,Retargeting,2024-11-21,80.64,12537,82,2,180.77
CMP-1041,Organic_Video_Views_5,Organic,Awareness,Mobile,India,Lookalike,2024-11-21,0.0,3954,57,1,75.83
CMP-1035,TikTok_Impression_Blitz_5,TikTok,Awareness,Desktop,United States,Lookalike,2024-11-21,108.12,8874,119,1,63.05
CMP-1026,Affiliate_Retarget_Convert_2,Affiliate,Conversion,Mobile,United Kingdom,Returning,2024-11-22,38.97,2922,59,2,223.85
CMP-1020,Email_Signup_Push_2,Email,Conversion,Mobile,United States,New,2024-11-22,7.78,589,81,4,240.47
CMP-1024,Email_Brand_Reach_6,Email,Awareness,Mobile,India,New,2024-11-22,3.61,2424,147,3,197.29
CMP-1007,Facebook_Interest_Boost_1,Facebook,Consideration,Mobile,United States,New,2024-11-22,143.01,6581,119,2,130.59
CMP-1010,Facebook_Brand_Reach_4,Facebook,Awareness,Mobile,Canada,Retargeting,2024-11-22,69.04,5549,82,2,154.0
CMP-1005,GoogleAds_Retarget_Convert_5,Google Ads,Conversion,Desktop,India,New,2024-11-22,64.09,4481,186,8,823.28
CMP-1006,GoogleAds_Brand_Reach_6,Google Ads,Awareness,Desktop,India,Lookalike,2024-11-22,113.5,9347,197,6,367.07
CMP-1015,Instagram_Product_Explainer_3,Instagram,Consideration,Mobile,Canada,Retargeting,2024-11-22,69.3,7213,72,3,115.43
CMP-1017,Instagram_Video_Views_5,Instagram,Awareness,Mobile,United States,Retargeting,2024-11-22,135.74,8742,105,2,198.28
CMP-1041,Organic_Video_Views_5,Organic,Awareness,Mobile,India,Lookalike,2024-11-22,0.0,8380,140,1,82.98
CMP-1035,TikTok_Impression_Blitz_5,TikTok,Awareness,Desktop,United States,Lookalike,2024-11-22,135.48,11216,167,3,161.47
CMP-1026,Affiliate_Retarget_Convert_2,Affiliate,Conversion,Mobile,United Kingdom,Returning,2024-11-23,51.0,2046,63,1,61.6
CMP-1020,Email_Signup_Push_2,Email,Conversion,Mobile,United States,New,2024-11-23,8.84,1486,198,11,1105.71
CMP-1024,Email_Brand_Reach_6,Email,Awareness,Mobile,India,New,2024-11-23,3.77,2582,198,2,140.32
CMP-1007,Facebook_Interest_Boost_1,Facebook,Consideration,Mobile,United States,New,2024-11-23,138.48,5775,145,4,302.48
CMP-1010,Facebook_Brand_Reach_4,Facebook,Awareness,Mobile,Canada,Retargeting,2024-11-23,50.92,6640,57,1,63.22
CMP-1005,GoogleAds_Retarget_Convert_5,Google Ads,Conversion,Desktop,India,New,2024-11-23,48.29,3134,78,5,459.16
CMP-1006,GoogleAds_Brand_Reach_6,Google Ads,Awareness,Desktop,India,Lookalike,2024-11-23,98.63,7843,172,4,349.4
CMP-1015,Instagram_Product_Explainer_3,Instagram,Consideration,Mobile,Canada,Retargeting,2024-11-23,85.68,8074,90,2,146.22
CMP-1017,Instagram_Video_Views_5,Instagram,Awareness,Mobile,United States,Retargeting,2024-11-23,39.04,6910,37,0,0.0
CMP-1041,Organic_Video_Views_5,Organic,Awareness,Mobile,India,Lookalike,2024-11-23,0.0,5452,54,0,0.0
CMP-1035,TikTok_Impression_Blitz_5,TikTok,Awareness,Desktop,United States,Lookalike,2024-11-23,61.26,7575,87,1,57.34
CMP-1026,Affiliate_Retarget_Convert_2,Affiliate,Conversion,Mobile,United Kingdom,Returning,2024-11-24,10.09,1445,13,0,0.0
CMP-1020,Email_Signup_Push_2,Email,Conversion,Mobile,United States,New,2024-11-24,10.15,1203,163,8,406.0
CMP-1024,Email_Brand_Reach_6,Email,Awareness,Mobile,India,New,2024-11-24,3.75,2175,160,3,237.02
CMP-1007,Facebook_Interest_Boost_1,Facebook,Consideration,Mobile,United States,New,2024-11-24,184.44,7984,166,4,415.4
CMP-1010,Facebook_Brand_Reach_4,Facebook,Awareness,Mobile,Canada,Retargeting,2024-11-24,129.26,16244,140,5,347.24
CMP-1005,GoogleAds_Retarget_Convert_5,Google Ads,Conversion,Desktop,India,New,2024-11-24,72.27,3279,141,10,1183.34
CMP-1006,GoogleAds_Brand_Reach_6,Google Ads,Awareness,Desktop,India,Lookalike,2024-11-24,180.98,15130,352,10,1176.66
CMP-1015,Instagram_Product_Explainer_3,Instagram,Consideration,Mobile,Canada,Retargeting,2024-11-24,113.66,6909,101,2,203.5
CMP-1017,Instagram_Video_Views_5,Instagram,Awareness,Mobile,United States,Retargeting,2024-11-24,89.08,6232,74,1,56.78
CMP-1041,Organic_Video_Views_5,Organic,Awareness,Mobile,India,Lookalike,2024-11-24,0.0,7331,128,1,95.76
CMP-1035,TikTok_Impression_Blitz_5,TikTok,Awareness,Desktop,United States,Lookalike,2024-11-24,37.65,5036,54,0,0.0
CMP-1026,Affiliate_Retarget_Convert_2,Affiliate,Conversion,Mobile,United Kingdom,Returning,2024-11-25,52.02,2496,54,3,279.74
CMP-1020,Email_Signup_Push_2,Email,Conversion,Mobile,United States,New,2024-11-25,15.46,1957,269,23,1399.39
CMP-1024,Email_Brand_Reach_6,Email,Awareness,Mobile,India,New,2024-11-25,11.78,6949,508,11,549.77
CMP-1007,Facebook_Interest_Boost_1,Facebook,Consideration,Mobile,United States,New,2024-11-25,194.46,16597,157,4,240.99
CMP-1010,Facebook_Brand_Reach_4,Facebook,Awareness,Mobile,Canada,Retargeting,2024-11-25,208.89,15507,220,2,194.83
CMP-1005,GoogleAds_Retarget_Convert_5,Google Ads,Conversion,Desktop,India,New,2024-11-25,49.63,4074,121,8,757.1
CMP-1006,GoogleAds_Brand_Reach_6,Google Ads,Awareness,Desktop,India,Lookalike,2024-11-25,268.18,19705,501,12,1017.41
CMP-1015,Instagram_Product_Explainer_3,Instagram,Consideration,Mobile,Canada,Retargeting,2024-11-25,203.5,14980,278,8,733.31
CMP-1017,Instagram_Video_Views_5,Instagram,Awareness,Mobile,United States,Retargeting,2024-11-25,154.42,21042,127,2,136.82
CMP-1041,Organic_Video_Views_5,Organic,Awareness,Mobile,India,Lookalike,2024-11-25,0.0,7709,77,0,0.0
CMP-1035,TikTok_Impression_Blitz_5,TikTok,Awareness,Desktop,United States,Lookalike,2024-11-25,37.38,9911,63,0,0.0
CMP-1026,Affiliate_Retarget_Convert_2,Affiliate,Conversion,Mobile,United Kingdom,Returning,2024-11-26,69.7,4638,112,5,465.36
CMP-1020,Email_Signup_Push_2,Email,Conversion,Mobile,United States,New,2024-11-26,36.73,3111,526,44,2719.63
CMP-1024,Email_Brand_Reach_6,Email,Awareness,Mobile,India,New,2024-11-26,5.53,4761,395,8,516.06
CMP-1007,Facebook_Interest_Boost_1,Facebook,Consideration,Mobile,United States,New,2024-11-26,184.89,11587,196,3,184.74
CMP-1010,Facebook_Brand_Reach_4,Facebook,Awareness,Mobile,Canada,Retargeting,2024-11-26,152.74,25323,225,3,242.49
CMP-1005,GoogleAds_Retarget_Convert_5,Google Ads,Conversion,Desktop,India,New,2024-11-26,117.18,7994,252,17,1556.09
CMP-1006,GoogleAds_Brand_Reach_6,Google Ads,Awareness,Desktop,India,Lookalike,2024-11-26,80.52,14211,196,5,468.36
CMP-1015,Instagram_Product_Explainer_3,Instagram,Consideration,Mobile,Canada,Retargeting,2024-11-26,252.72,16621,289,10,493.97
CMP-1017,Instagram_Video_Views_5,Instagram,Awareness,Mobile,United States,Retargeting,2024-11-26,213.49,26208,216,4,296.61
CMP-1041,Organic_Video_Views_5,Organic,Awareness,Mobile,India,Lookalike,2024-11-26,0.0,11482,234,2,172.6
CMP-1035,TikTok_Impression_Blitz_5,TikTok,Awareness,Desktop,United States,Lookalike,2024-11-26,103.64,10275,142,1,59.96
CMP-1026,Affiliate_Retarget_Convert_2,Affiliate,Conversion,Mobile,United Kingdom,Returning,2024-11-27,55.48,2492,93,5,550.68
CMP-1020,Email_Signup_Push_2,Email,Conversion,Mobile,United States,New,2024-11-27,17.6,1887,260,16,1487.61
CMP-1024,Email_Brand_Reach_6,Email,Awareness,Mobile,India,New,2024-11-27,6.52,4597,285,7,547.04
CMP-1007,Facebook_Interest_Boost_1,Facebook,Consideration,Mobile,United States,New,2024-11-27,326.86,12075,325,10,597.21
CMP-1010,Facebook_Brand_Reach_4,Facebook,Awareness,Mobile,Canada,Retargeting,2024-11-27,136.41,17640,210,3,191.49
CMP-1005,GoogleAds_Retarget_Convert_5,Google Ads,Conversion,Desktop,India,New,2024-11-27,62.19,3688,146,8,648.52
CMP-1006,GoogleAds_Brand_Reach_6,Google Ads,Awareness,Desktop,India,Lookalike,2024-11-27,81.14,14335,253,6,664.65
CMP-1015,Instagram_Product_Explainer_3,Instagram,Consideration,Mobile,Canada,Retargeting,2024-11-27,136.3,13649,214,3,209.48
CMP-1017,Instagram_Video_Views_5,Instagram,Awareness,Mobile,United States,Retargeting,2024-11-27,154.83,16559,119,2,121.17
CMP-1041,Organic_Video_Views_5,Organic,Awareness,Mobile,India,Lookalike,2024-11-27,0.0,13349,232,1,49.52
CMP-1035,TikTok_Impression_Blitz_5,TikTok,Awareness,Desktop,United States,Lookalike,2024-11-27,281.94,22307,273,2,121.47
CMP-1026,Affiliate_Retarget_Convert_2,Affiliate,Conversion,Mobile,United Kingdom,Returning,2024-11-28,20.39,2587,45,2,232.3
CMP-1020,Email_Signup_Push_2,Email,Conversion,Mobile,United States,New,2024-11-28,22.52,2150,350,15,777.62
CMP-1024,Email_Brand_Reach_6,Email,Awareness,Mobile,India,New,2024-11-28,10.7,5338,431,7,481.62
CMP-1007,Facebook_Interest_Boost_1,Facebook,Consideration,Mobile,United States,New,2024-11-28,284.37,15569,264,6,613.52
CMP-1010,Facebook_Brand_Reach_4,Facebook,Awareness,Mobile,Canada,Retargeting,2024-11-28,97.1,22178,129,2,164.57
CMP-1005,GoogleAds_Retarget_Convert_5,Google Ads,Conversion,Desktop,India,New,2024-11-28,167.92,8722,282,24,2439.25
CMP-1006,GoogleAds_Brand_Reach_6,Google Ads,Awareness,Desktop,India,Lookalike,2024-11-28,122.66,13109,231,6,761.34
CMP-1015,Instagram_Product_Explainer_3,Instagram,Consideration,Mobile,Canada,Retargeting,2024-11-28,155.87,11592,198,7,405.97
CMP-1017,Instagram_Video_Views_5,Instagram,Awareness,Mobile,United States,Retargeting,2024-11-28,122.27,17577,132,1,95.96
CMP-1041,Organic_Video_Views_5,Organic,Awareness,Mobile,India,Lookalike,2024-11-28,0.0,11582,264,2,154.89
CMP-1035,TikTok_Impression_Blitz_5,TikTok,Awareness,Desktop,United States,Lookalike,2024-11-28,105.72,14446,123,1,63.24
CMP-1026,Affiliate_Retarget_Convert_2,Affiliate,Conversion,Mobile,United Kingdom,Returning,2024-11-29,61.93,2840,85,5,407.14
CMP-1020,Email_Signup_Push_2,Email,Conversion,Mobile,United States,New,2024-11-29,35.32,2721,434,19,1391.05
CMP-1024,Email_Brand_Reach_6,Email,Awareness,Mobile,India,New,2024-11-29,10.22,7389,403,4,343.84
CMP-1007,Facebook_Interest_Boost_1,Facebook,Consideration,Mobile,United States,New,2024-11-29,81.53,10505,95,2,143.02
CMP-1010,Facebook_Brand_Reach_4,Facebook,Awareness,Mobile,Canada,Retargeting,2024-11-29,125.15,17958,169,5,379.74
CMP-1005,GoogleAds_Retarget_Convert_5,Google Ads,Conversion,Desktop,India,New,2024-11-29,196.03,7473,336,16,1598.28
CMP-1006,GoogleAds_Brand_Reach_6,Google Ads,Awareness,Desktop,India,Lookalike,2024-11-29,209.92,22380,384,14,1154.26
CMP-1015,Instagram_Product_Explainer_3,Instagram,Consideration,Mobile,Canada,Retargeting,2024-11-29,140.28,15139,185,7,677.54
CMP-1017,Instagram_Video_Views_5,Instagram,Awareness,Mobile,United States,Retargeting,2024-11-29,304.43,24562,246,6,622.98
CMP-1041,Organic_Video_Views_5,Organic,Awareness,Mobile,India,Lookalike,2024-11-29,0.0,8338,150,1,100.94
CMP-1035,TikTok_Impression_Blitz_5,TikTok,Awareness,Desktop,United States,Lookalike,2024-11-29,68.28,6518,68,0,0.0
CMP-1026,Affiliate_Retarget_Convert_2,Affiliate,Conversion,Mobile,United Kingdom,Returning,2024-11-30,70.73,3350,109,6,571.8
CMP-1020,Email_Signup_Push_2,Email,Conversion,Mobile,United States,New,2024-11-30,12.63,1562,240,16,1136.65
CMP-1024,Email_Brand_Reach_6,Email,Awareness,Mobile,India,New,2024-11-30,7.0,5614,304,7,340.97
CMP-1007,Facebook_Interest_Boost_1,Facebook,Consideration,Mobile,United States,New,2024-11-30,316.46,10843,298,3,232.92
CMP-1010,Facebook_Brand_Reach_4,Facebook,Awareness,Mobile,Canada,Retargeting,2024-11-30,94.93,22528,120,4,505.98
CMP-1005,GoogleAds_Retarget_Convert_5,Google Ads,Conversion,Desktop,India,New,2024-11-30,116.09,10799,320,17,1568.13
CMP-1006,GoogleAds_Brand_Reach_6,Google Ads,Awareness,Desktop,India,Lookalike,2024-11-30,132.78,14366,212,6,550.33
CMP-1015,Instagram_Product_Explainer_3,Instagram,Consideration,Mobile,Canada,Retargeting,2024-11-30,177.15,13820,194,6,463.52
CMP-1017,Instagram_Video_Views_5,Instagram,Awareness,Mobile,United States,Retargeting,2024-11-30,93.09,8030,93,2,160.74
CMP-1041,Organic_Video_Views_5,Organic,Awareness,Mobile,India,Lookalike,2024-11-30,0.0,4298,61,0,0.0
CMP-1035,TikTok_Impression_Blitz_5,TikTok,Awareness,Desktop,United States,Lookalike,2024-11-30,165.53,15026,181,3,126.42
CMP-1026,Affiliate_Retarget_Convert_2,Affiliate,Conversion,Mobile,United Kingdom,Returning,2024-12-01,55.62,3807,77,4,345.16
CMP-1020,Email_Signup_Push_2,Email,Conversion,Mobile,United States,New,2024-12-01,10.9,2105,204,15,1081.25
CMP-1024,Email_Brand_Reach_6,Email,Awareness,Mobile,India,New,2024-12-01,5.25,5195,386,6,283.89
CMP-1007,Facebook_Interest_Boost_1,Facebook,Consideration,Mobile,United States,New,2024-12-01,313.98,12508,268,4,289.38
CMP-1010,Facebook_Brand_Reach_4,Facebook,Awareness,Mobile,Canada,Retargeting,2024-12-01,140.93,20265,142,2,164.01
CMP-1005,GoogleAds_Retarget_Convert_5,Google Ads,Conversion,Desktop,India,New,2024-12-01,67.36,4509,140,9,710.26
CMP-1006,GoogleAds_Brand_Reach_6,Google Ads,Awareness,Desktop,India,Lookalike,2024-12-01,120.58,16549,183,2,244.35
CMP-1015,Instagram_Product_Explainer_3,Instagram,Consideration,Mobile,Canada,Retargeting,2024-12-01,187.03,12525,187,4,255.09
CMP-1017,Instagram_Video_Views_5,Instagram,Awareness,Mobile,United States,Retargeting,2024-12-01,331.43,26478,288,6,443.13
CMP-1041,Organic_Video_Views_5,Organic,Awareness,Mobile,India,Lookalike,2024-12-01,0.0,14714,181,1,56.97
CMP-1035,TikTok_Impression_Blitz_5,TikTok,Awareness,Desktop,United States,Lookalike,2024-12-01,92.61,13946,135,1,67.99
CMP-1026,Affiliate_Retarget_Convert_2,Affiliate,Conversion,Mobile,United Kingdom,Returning,2024-12-02,51.81,4803,109,5,376.64
CMP-1020,Email_Signup_Push_2,Email,Conversion,Mobile,United States,New,2024-12-02,26.89,3060,501,16,1330.13
CMP-1024,Email_Brand_Reach_6,Email,Awareness,Mobile,India,New,2024-12-02,5.31,3799,188,2,154.84
CMP-1007,Facebook_Interest_Boost_1,Facebook,Consideration,Mobile,United States,New,2024-12-02,324.24,17252,304,8,517.92
CMP-1010,Facebook_Brand_Reach_4,Facebook,Awareness,Mobile,Canada,Retargeting,2024-12-02,201.75,19053,233,3,217.97
CMP-1005,GoogleAds_Retarget_Convert_5,Google Ads,Conversion,Desktop,India,New,2024-12-02,95.0,7009,216,17,1600.58
CMP-1006,GoogleAds_Brand_Reach_6,Google Ads,Awareness,Desktop,India,Lookalike,2024-12-02,206.86,17447,314,8,534.34
CMP-1015,Instagram_Product_Explainer_3,Instagram,Consideration,Mobile,Canada,Retargeting,2024-12-02,58.77,6783,59,1,74.45
CMP-1017,Instagram_Video_Views_5,Instagram,Awareness,Mobile,United States,Retargeting,2024-12-02,232.8,32010,236,3,170.25
CMP-1041,Organic_Video_Views_5,Organic,Awareness,Mobile,India,Lookalike,2024-12-02,0.0,12574,205,2,166.36
CMP-1035,TikTok_Impression_Blitz_5,TikTok,Awareness,Desktop,United States,Lookalike,2024-12-02,69.03,12585,145,2,130.38
CMP-1026,Affiliate_Retarget_Convert_2,Affiliate,Conversion,Mobile,United Kingdom,Returning,2024-12-03,44.95,2516,66,4,356.57
CMP-1020,Email_Signup_Push_2,Email,Conversion,Mobile,United States,New,2024-12-03,10.96,1369,175,10,828.82
CMP-1024,Email_Brand_Reach_6,Email,Awareness,Mobile,India,New,2024-12-03,4.02,2286,165,3,235.79
CMP-1007,Facebook_Interest_Boost_1,Facebook,Consideration,Mobile,United States,New,2024-12-03,108.16,6124,99,2,149.4
CMP-1010,Facebook_Brand_Reach_4,Facebook,Awareness,Mobile,Canada,Retargeting,2024-12-03,75.72,8373,82,1,97.94
CMP-1005,GoogleAds_Retarget_Convert_5,Google Ads,Conversion,Desktop,India,New,2024-12-03,117.27,5848,185,7,635.91
CMP-1006,GoogleAds_Brand_Reach_6,Google Ads,Awareness,Desktop,India,Lookalike,2024-12-03,70.14,11551,164,5,545.08
CMP-1015,Instagram_Product_Explainer_3,Instagram,Consideration,Mobile,Canada,Retargeting,2024-12-03,35.36,4791,50,2,78.54
CMP-1017,Instagram_Video_Views_5,Instagram,Awareness,Mobile,United States,Retargeting,2024-12-03,20.71,2195,19,0,0.0
CMP-1041,Organic_Video_Views_5,Organic,Awareness,Mobile,India,Lookalike,2024-12-03,0.0,8267,126,1,99.98
CMP-1026,Affiliate_Retarget_Convert_2,Affiliate,Conversion,Mobile,United Kingdom,Returning,2024-12-04,19.16,1950,29,2,190.55
CMP-1020,Email_Signup_Push_2,Email,Conversion,Mobile,United States,New,2024-12-04,13.39,1705,263,24,1499.53
CMP-1023,Email_Traffic_Push_5,Email,Consideration,Mobile,United Kingdom,New,2024-12-04,11.05,1907,212,7,545.2
CMP-1024,Email_Brand_Reach_6,Email,Awareness,Mobile,India,New,2024-12-04,2.49,2177,146,4,262.54
CMP-1007,Facebook_Interest_Boost_1,Facebook,Consideration,Mobile,United States,New,2024-12-04,97.19,3649,85,1,112.51
CMP-1010,Facebook_Brand_Reach_4,Facebook,Awareness,Mobile,Canada,Retargeting,2024-12-04,79.76,12590,114,2,104.3
CMP-1005,GoogleAds_Retarget_Convert_5,Google Ads,Conversion,Desktop,India,New,2024-12-04,96.62,5191,244,10,699.18
CMP-1006,GoogleAds_Brand_Reach_6,Google Ads,Awareness,Desktop,India,Lookalike,2024-12-04,64.13,7342,132,4,300.55
CMP-1015,Instagram_Product_Explainer_3,Instagram,Consideration,Mobile,Canada,Retargeting,2024-12-04,60.83,5829,61,1,59.55
CMP-1017,Instagram_Video_Views_5,Instagram,Awareness,Mobile,United States,Retargeting,2024-12-04,55.19,9847,64,1,75.02
CMP-1041,Organic_Video_Views_5,Organic,Awareness,Mobile,India,Lookalike,2024-12-04,0.0,7886,157,1,84.69
CMP-1026,Affiliate_Retarget_Convert_2,Affiliate,Conversion,Mobile,United Kingdom,Returning,2024-12-05,35.84,2503,55,2,176.64
CMP-1020,Email_Signup_Push_2,Email,Conversion,Mobile,United States,New,2024-12-05,12.9,1668,193,12,844.5
CMP-1023,Email_Traffic_Push_5,Email,Consideration,Mobile,United Kingdom,New,2024-12-05,15.67,2427,289,8,386.17
CMP-1024,Email_Brand_Reach_6,Email,Awareness,Mobile,India,New,2024-12-05,6.26,4245,330,4,291.6
CMP-1007,Facebook_Interest_Boost_1,Facebook,Consideration,Mobile,United States,New,2024-12-05,54.79,3500,54,1,97.54
CMP-1010,Facebook_Brand_Reach_4,Facebook,Awareness,Mobile,Canada,Retargeting,2024-12-05,50.83,7853,62,1,79.32
CMP-1005,GoogleAds_Retarget_Convert_5,Google Ads,Conversion,Desktop,India,New,2024-12-05,88.69,3146,134,4,270.51
CMP-1006,GoogleAds_Brand_Reach_6,Google Ads,Awareness,Desktop,India,Lookalike,2024-12-05,53.27,6732,95,2,187.39
CMP-1015,Instagram_Product_Explainer_3,Instagram,Consideration,Mobile,Canada,Retargeting,2024-12-05,116.63,7763,140,6,446.91
CMP-1017,Instagram_Video_Views_5,Instagram,Awareness,Mobile,United States,Retargeting,2024-12-05,55.38,8024,49,1,70.15
CMP-1041,Organic_Video_Views_5,Organic,Awareness,Mobile,India,Lookalike,2024-12-05,0.0,7355,87,1,52.57
CMP-1026,Affiliate_Retarget_Convert_2,Affiliate,Conversion,Mobile,United Kingdom,Returning,2024-12-06,29.06,1587,54,3,214.55
CMP-1020,Email_Signup_Push_2,Email,Conversion,Mobile,United States,New,2024-12-06,9.4,1303,144,13,587.38
CMP-1023,Email_Traffic_Push_5,Email,Consideration,Mobile,United Kingdom,New,2024-12-06,25.85,3718,554,22,1301.88
CMP-1024,Email_Brand_Reach_6,Email,Awareness,Mobile,India,New,2024-12-06,5.58,3624,237,7,539.85
CMP-1007,Facebook_Interest_Boost_1,Facebook,Consideration,Mobile,United States,New,2024-12-06,146.77,4815,114,2,132.05
CMP-1010,Facebook_Brand_Reach_4,Facebook,Awareness,Mobile,Canada,Retargeting,2024-12-06,120.17,13101,122,2,212.0
CMP-1005,GoogleAds_Retarget_Convert_5,Google Ads,Conversion,Desktop,India,New,2024-12-06,112.16,4143,218,14,1419.03
CMP-1006,GoogleAds_Brand_Reach_6,Google Ads,Awareness,Desktop,India,Lookalike,2024-12-06,96.9,10198,130,4,351.93
CMP-1015,Instagram_Product_Explainer_3,Instagram,Consideration,Mobile,Canada,Retargeting,2024-12-06,79.68,6294,101,3,255.79
CMP-1017,Instagram_Video_Views_5,Instagram,Awareness,Mobile,United States,Retargeting,2024-12-06,58.8,9357,54,1,80.41
CMP-1041,Organic_Video_Views_5,Organic,Awareness,Mobile,India,Lookalike,2024-12-06,0.0,5886,136,1,55.76
CMP-1026,Affiliate_Retarget_Convert_2,Affiliate,Conversion,Mobile,United Kingdom,Returning,2024-12-07,19.92,867,25,1,77.91
CMP-1020,Email_Signup_Push_2,Email,Conversion,Mobile,United States,New,2024-12-07,5.06,487,89,7,484.49
CMP-1023,Email_Traffic_Push_5,Email,Consideration,Mobile,United Kingdom,New,2024-12-07,18.17,1989,257,11,825.1
CMP-1024,Email_Brand_Reach_6,Email,Awareness,Mobile,India,New,2024-12-07,3.86,2260,151,2,116.08
CMP-1007,Facebook_Interest_Boost_1,Facebook,Consideration,Mobile,United States,New,2024-12-07,126.57,4236,88,2,174.18
CMP-1010,Facebook_Brand_Reach_4,Facebook,Awareness,Mobile,Canada,Retargeting,2024-12-07,191.32,18124,194,4,305.47
CMP-1005,GoogleAds_Retarget_Convert_5,Google Ads,Conversion,Desktop,India,New,2024-12-07,83.82,3512,203,9,440.21
CMP-1006,GoogleAds_Brand_Reach_6,Google Ads,Awareness,Desktop,India,Lookalike,2024-12-07,122.33,10082,188,5,380.68
CMP-1015,Instagram_Product_Explainer_3,Instagram,Consideration,Mobile,Canada,Retargeting,2024-12-07,96.15,7576,132,4,192.57
CMP-1017,Instagram_Video_Views_5,Instagram,Awareness,Mobile,United States,Retargeting,2024-12-07,56.3,8015,58,1,66.2
CMP-1041,Organic_Video_Views_5,Organic,Awareness,Mobile,India,Lookalike,2024-12-07,0.0,6465,131,1,81.41
CMP-1026,Affiliate_Retarget_Convert_2,Affiliate,Conversion,Mobile,United Kingdom,Returning,2024-12-08,32.04,1428,35,2,156.05
CMP-1020,Email_Signup_Push_2,Email,Conversion,Mobile,United States,New,2024-12-08,7.77,847,98,5,291.41
CMP-1023,Email_Traffic_Push_5,Email,Consideration,Mobile,United Kingdom,New,2024-12-08,3.54,1469,154,6,411.06
CMP-1024,Email_Brand_Reach_6,Email,Awareness,Mobile,India,New,2024-12-08,3.59,2474,177,4,237.39
CMP-1007,Facebook_Interest_Boost_1,Facebook,Consideration,Mobile,United States,New,2024-12-08,128.52,6322,122,2,132.65
CMP-1010,Facebook_Brand_Reach_4,Facebook,Awareness,Mobile,Canada,Retargeting,2024-12-08,141.67,14448,182,4,214.66
CMP-1002,GoogleAds_Signup_Push_2,Google Ads,Conversion,Desktop,United States,Returning,2024-12-08,212.67,2747,145,15,1467.62
CMP-1005,GoogleAds_Retarget_Convert_5,Google Ads,Conversion,Desktop,India,New,2024-12-08,47.02,3785,103,6,572.41
CMP-1006,GoogleAds_Brand_Reach_6,Google Ads,Awareness,Desktop,India,Lookalike,2024-12-08,106.34,9438,172,6,454.32
CMP-1015,Instagram_Product_Explainer_3,Instagram,Consideration,Mobile,Canada,Retargeting,2024-12-08,45.11,7870,60,1,68.92
CMP-1017,Instagram_Video_Views_5,Instagram,Awareness,Mobile,United States,Retargeting,2024-12-08,105.82,11263,99,2,151.91
CMP-1026,Affiliate_Retarget_Convert_2,Affiliate,Conversion,Mobile,United Kingdom,Returning,2024-12-09,18.69,1513,39,2,144.22
CMP-1020,Email_Signup_Push_2,Email,Conversion,Mobile,United States,New,2024-12-09,16.94,1548,254,15,985.78
CMP-1023,Email_Traffic_Push_5,Email,Consideration,Mobile,United Kingdom,New,2024-12-09,8.75,1352,167,6,512.01
CMP-1024,Email_Brand_Reach_6,Email,Awareness,Mobile,India,New,2024-12-09,3.91,2540,149,2,140.64
CMP-1007,Facebook_Interest_Boost_1,Facebook,Consideration,Mobile,United States,New,2024-12-09,115.85,4956,93,2,106.12
CMP-1010,Facebook_Brand_Reach_4,Facebook,Awareness,Mobile,Canada,Retargeting,2024-12-09,34.88,14032,38,1,72.44
CMP-1002,GoogleAds_Signup_Push_2,Google Ads,Conversion,Desktop,United States,Returning,2024-12-09,89.65,1386,68,12,1256.38
CMP-1005,GoogleAds_Retarget_Convert_5,Google Ads,Conversion,Desktop,India,New,2024-12-09,52.55,3143,118,9,756.75
CMP-1006,GoogleAds_Brand_Reach_6,Google Ads,Awareness,Desktop,India,Lookalike,2024-12-09,72.39,7441,150,3,289.73
CMP-1015,Instagram_Product_Explainer_3,Instagram,Consideration,Mobile,Canada,Retargeting,2024-12-09,85.81,8532,77,2,174.9
CMP-1017,Instagram_Video_Views_5,Instagram,Awareness,Mobile,United States,Retargeting,2024-12-09,44.29,9803,40,1,54.79
CMP-1037,Organic_Video_Views_1,Organic,Awareness,Mobile,India,Lookalike,2024-12-09,0.0,5544,76,1,80.17
CMP-1026,Affiliate_Retarget_Convert_2,Affiliate,Conversion,Mobile,United Kingdom,Returning,2024-12-10,34.4,1608,47,2,179.59
CMP-1020,Email_Signup_Push_2,Email,Conversion,Mobile,United States,New,2024-12-10,9.17,796,112,7,331.6
CMP-1023,Email_Traffic_Push_5,Email,Consideration,Mobile,United Kingdom,New,2024-12-10,10.82,1837,190,10,507.25
CMP-1024,Email_Brand_Reach_6,Email,Awareness,Mobile,India,New,2024-12-10,2.09,2491,145,3,237.2
CMP-1007,Facebook_Interest_Boost_1,Facebook,Consideration,Mobile,United States,New,2024-12-10,112.1,5928,102,3,276.94
CMP-1010,Facebook_Brand_Reach_4,Facebook,Awareness,Mobile,Canada,Retargeting,2024-12-10,107.78,11459,87,2,196.84
CMP-1002,GoogleAds_Signup_Push_2,Google Ads,Conversion,Desktop,United States,Returning,2024-12-10,177.49,2856,112,13,1222.09
CMP-1005,GoogleAds_Retarget_Convert_5,Google Ads,Conversion,Desktop,India,New,2024-12-10,39.88,3803,99,5,568.32
CMP-1006,GoogleAds_Brand_Reach_6,Google Ads,Awareness,Desktop,India,Lookalike,2024-12-10,135.78,11407,310,6,650.92
CMP-1015,Instagram_Product_Explainer_3,Instagram,Consideration,Mobile,Canada,Retargeting,2024-12-10,134.15,8543,151,6,328.0
CMP-1017,Instagram_Video_Views_5,Instagram,Awareness,Mobile,United States,Retargeting,2024-12-10,58.27,7461,61,1,88.48
CMP-1037,Organic_Video_Views_1,Organic,Awareness,Mobile,India,Lookalike,2024-12-10,0.0,5832,81,0,0.0
CMP-1026,Affiliate_Retarget_Convert_2,Affiliate,Conversion,Mobile,United Kingdom,Returning,2024-12-11,10.36,1430,44,2,182.79
CMP-1020,Email_Signup_Push_2,Email,Conversion,Mobile,United States,New,2024-12-11,9.92,1194,153,8,583.65
CMP-1023,Email_Traffic_Push_5,Email,Consideration,Mobile,United Kingdom,New,2024-12-11,9.78,1530,196,6,580.74
CMP-1024,Email_Brand_Reach_6,Email,Awareness,Mobile,India,New,2024-12-11,4.52,3568,254,5,268.64
CMP-1007,Facebook_Interest_Boost_1,Facebook,Consideration,Mobile,United States,New,2024-12-11,163.68,5785,134,2,188.58
CMP-1010,Facebook_Brand_Reach_4,Facebook,Awareness,Mobile,Canada,Retargeting,2024-12-11,50.71,5529,57,1,83.28
CMP-1002,GoogleAds_Signup_Push_2,Google Ads,Conversion,Desktop,United States,Returning,2024-12-11,199.94,2909,143,11,1035.82
CMP-1005,GoogleAds_Retarget_Convert_5,Google Ads,Conversion,Desktop,India,New,2024-12-11,33.67,2169,64,4,335.31
CMP-1006,GoogleAds_Brand_Reach_6,Google Ads,Awareness,Desktop,India,Lookalike,2024-12-11,84.16,7616,143,3,269.55
CMP-1015,Instagram_Product_Explainer_3,Instagram,Consideration,Mobile,Canada,Retargeting,2024-12-11,14.75,4432,17,0,0.0
CMP-1017,Instagram_Video_Views_5,Instagram,Awareness,Mobile,United States,Retargeting,2024-12-11,118.04,9628,112,2,145.22
CMP-1037,Organic_Video_Views_1,Organic,Awareness,Mobile,India,Lookalike,2024-12-11,0.0,6912,156,1,86.67
CMP-1026,Affiliate_Retarget_Convert_2,Affiliate,Conversion,Mobile,United Kingdom,Returning,2024-12-12,26.09,1700,36,1,99.99
CMP-1020,Email_Signup_Push_2,Email,Conversion,Mobile,United States,New,2024-12-12,12.96,1410,193,9,425.11
CMP-1023,Email_Traffic_Push_5,Email,Consideration,Mobile,United Kingdom,New,2024-12-12,19.62,2234,291,14,688.45
CMP-1024,Email_Brand_Reach_6,Email,Awareness,Mobile,India,New,2024-12-12,2.58,2970,195,2,131.15
CMP-1007,Facebook_Interest_Boost_1,Facebook,Consideration,Mobile,United States,New,2024-12-12,128.88,6452,88,1,92.69
CMP-1010,Facebook_Brand_Reach_4,Facebook,Awareness,Mobile,Canada,Retargeting,2024-12-12,56.4,7502,72,2,132.44
CMP-1002,GoogleAds_Signup_Push_2,Google Ads,Conversion,Desktop,United States,Returning,2024-12-12,205.04,3682,136,17,1795.9
CMP-1005,GoogleAds_Retarget_Convert_5,Google Ads,Conversion,Desktop,India,New,2024-12-12,50.87,4046,125,7,720.45
CMP-1006,GoogleAds_Brand_Reach_6,Google Ads,Awareness,Desktop,India,Lookalike,2024-12-12,67.79,8209,162,3,279.48
CMP-1015,Instagram_Product_Explainer_3,Instagram,Consideration,Mobile,Canada,Retargeting,2024-12-12,115.01,7218,144,5,374.39
CMP-1017,Instagram_Video_Views_5,Instagram,Awareness,Mobile,United States,Retargeting,2024-12-12,109.55,11643,125,3,268.31
CMP-1037,Organic_Video_Views_1,Organic,Awareness,Mobile,India,Lookalike,2024-12-12,0.0,4622,42,0,0.0
CMP-1026,Affiliate_Retarget_Convert_2,Affiliate,Conversion,Mobile,United Kingdom,Returning,2024-12-13,30.7,2286,82,4,287.51
CMP-1020,Email_Signup_Push_2,Email,Conversion,Mobile,United States,New,2024-12-13,11.5,1778,192,17,1186.86
CMP-1023,Email_Traffic_Push_5,Email,Consideration,Mobile,United Kingdom,New,2024-12-13,14.69,2226,206,6,258.98
CMP-1007,Facebook_Interest_Boost_1,Facebook,Consideration,Mobile,United States,New,2024-12-13,123.8,9978,99,2,142.81
CMP-1010,Facebook_Brand_Reach_4,Facebook,Awareness,Mobile,Canada,Retargeting,2024-12-13,150.53,15838,174,4,273.52
CMP-1002,GoogleAds_Signup_Push_2,Google Ads,Conversion,Desktop,United States,Returning,2024-12-13,405.96,5106,197,17,1547.31
CMP-1005,GoogleAds_Retarget_Convert_5,Google Ads,Conversion,Desktop,India,New,2024-12-13,38.23,4388,119,9,768.84
CMP-1006,GoogleAds_Brand_Reach_6,Google Ads,Awareness,Desktop,India,Lookalike,2024-12-13,45.14,7083,91,2,202.92
CMP-1015,Instagram_Product_Explainer_3,Instagram,Consideration,Mobile,Canada,Retargeting,2024-12-13,49.01,5220,40,1,96.84
CMP-1017,Instagram_Video_Views_5,Instagram,Awareness,Mobile,United States,Retargeting,2024-12-13,71.53,6661,46,1,71.32
CMP-1037,Organic_Video_Views_1,Organic,Awareness,Mobile,India,Lookalike,2024-12-13,0.0,5944,121,1,72.39
CMP-1026,Affiliate_Retarget_Convert_2,Affiliate,Conversion,Mobile,United Kingdom,Returning,2024-12-14,49.84,2591,89,4,304.66
CMP-1020,Email_Signup_Push_2,Email,Conversion,Mobile,United States,New,2024-12-14,9.3,1002,138,7,370.91
CMP-1023,Email_Traffic_Push_5,Email,Consideration,Mobile,United Kingdom,New,2024-12-14,8.13,1592,197,9,605.51
CMP-1007,Facebook_Interest_Boost_1,Facebook,Consideration,Mobile,United States,New,2024-12-14,129.29,7792,164,4,302.63
CMP-1010,Facebook_Brand_Reach_4,Facebook,Awareness,Mobile,Canada,Retargeting,2024-12-14,79.82,8286,88,2,140.28
CMP-1002,GoogleAds_Signup_Push_2,Google Ads,Conversion,Desktop,United States,Returning,2024-12-14,131.08,3271,87,7,559.46
CMP-1005,GoogleAds_Retarget_Convert_5,Google Ads,Conversion,Desktop,India,New,2024-12-14,43.02,3288,89,6,563.3
CMP-1006,GoogleAds_Brand_Reach_6,Google Ads,Awareness,Desktop,India,Lookalike,2024-12-14,71.0,11763,140,1,75.91
CMP-1015,Instagram_Product_Explainer_3,Instagram,Consideration,Mobile,Canada,Retargeting,2024-12-14,57.5,2979,55,1,70.93
CMP-1017,Instagram_Video_Views_5,Instagram,Awareness,Mobile,United States,Retargeting,2024-12-14,32.36,4774,25,0,0.0
CMP-1037,Organic_Video_Views_1,Organic,Awareness,Mobile,India,Lookalike,2024-12-14,0.0,6516,142,1,80.96
CMP-1026,Affiliate_Retarget_Convert_2,Affiliate,Conversion,Mobile,United Kingdom,Returning,2024-12-15,12.19,914,27,1,108.78
CMP-1020,Email_Signup_Push_2,Email,Conversion,Mobile,United States,New,2024-12-15,8.56,982,111,9,518.4
CMP-1023,Email_Traffic_Push_5,Email,Consideration,Mobile,United Kingdom,New,2024-12-15,25.86,2693,317,15,811.71
CMP-1007,Facebook_Interest_Boost_1,Facebook,Consideration,Mobile,United States,New,2024-12-15,173.52,6629,140,2,177.05
CMP-1010,Facebook_Brand_Reach_4,Facebook,Awareness,Mobile,Canada,Retargeting,2024-12-15,66.89,8546,77,2,166.14
CMP-1002,GoogleAds_Signup_Push_2,Google Ads,Conversion,Desktop,United States,Returning,2024-12-15,168.09,2505,101,12,1021.64
CMP-1005,GoogleAds_Retarget_Convert_5,Google Ads,Conversion,Desktop,India,New,2024-12-15,24.51,1935,69,3,312.61
CMP-1006,GoogleAds_Brand_Reach_6,Google Ads,Awareness,Desktop,India,Lookalike,2024-12-15,165.22,10160,250,5,521.25
CMP-1015,Instagram_Product_Explainer_3,Instagram,Consideration,Mobile,Canada,Retargeting,2024-12-15,43.59,5226,60,2,143.43
CMP-1017,Instagram_Video_Views_5,Instagram,Awareness,Mobile,United States,Retargeting,2024-12-15,151.0,14381,133,1,57.85
CMP-1037,Organic_Video_Views_1,Organic,Awareness,Mobile,India,Lookalike,2024-12-15,0.0,6075,111,1,88.11
CMP-1026,Affiliate_Retarget_Convert_2,Affiliate,Conversion,Mobile,United Kingdom,Returning,2024-12-16,14.47,1252,24,1,82.48
CMP-1020,Email_Signup_Push_2,Email,Conversion,Mobile,United States,New,2024-12-16,10.22,1283,165,10,821.34
CMP-1023,Email_Traffic_Push_5,Email,Consideration,Mobile,United Kingdom,New,2024-12-16,8.8,1632,214,7,472.68
CMP-1007,Facebook_Interest_Boost_1,Facebook,Consideration,Mobile,United States,New,2024-12-16,183.03,6411,131,1,83.5
CMP-1010,Facebook_Brand_Reach_4,Facebook,Awareness,Mobile,Canada,Retargeting,2024-12-16,84.32,11203,95,1,96.79
CMP-1002,GoogleAds_Signup_Push_2,Google Ads,Conversion,Desktop,United States,Returning,2024-12-16,213.04,3838,143,14,1434.97
CMP-1005,GoogleAds_Retarget_Convert_5,Google Ads,Conversion,Desktop,India,New,2024-12-16,57.13,4971,127,8,674.72
CMP-1006,GoogleAds_Brand_Reach_6,Google Ads,Awareness,Desktop,India,Lookalike,2024-12-16,73.81,11213,152,4,422.27
CMP-1015,Instagram_Product_Explainer_3,Instagram,Consideration,Mobile,Canada,Retargeting,2024-12-16,133.88,8762,168,2,170.78
CMP-1017,Instagram_Video_Views_5,Instagram,Awareness,Mobile,United States,Retargeting,2024-12-16,34.25,8249,26,1,84.12
CMP-1037,Organic_Video_Views_1,Organic,Awareness,Mobile,India,Lookalike,2024-12-16,0.0,7009,99,1,86.68
CMP-1026,Affiliate_Retarget_Convert_2,Affiliate,Conversion,Mobile,United Kingdom,Returning,2024-12-17,20.95,1521,28,1,85.46
CMP-1020,Email_Signup_Push_2,Email,Conversion,Mobile,United States,New,2024-12-17,16.76,1414,225,14,1052.75
CMP-1023,Email_Traffic_Push_5,Email,Consideration,Mobile,United Kingdom,New,2024-12-17,19.16,1940,265,14,939.37
CMP-1007,Facebook_Interest_Boost_1,Facebook,Consideration,Mobile,United States,New,2024-12-17,143.34,6467,130,3,217.42
CMP-1010,Facebook_Brand_Reach_4,Facebook,Awareness,Mobile,Canada,Retargeting,2024-12-17,51.22,8335,77,1,92.78
CMP-1002,GoogleAds_Signup_Push_2,Google Ads,Conversion,Desktop,United States,Returning,2024-12-17,196.62,5037,125,13,1196.64
CMP-1005,GoogleAds_Retarget_Convert_5,Google Ads,Conversion,Desktop,India,New,2024-12-17,83.22,4295,191,15,1627.54
CMP-1015,Instagram_Product_Explainer_3,Instagram,Consideration,Mobile,Canada,Retargeting,2024-12-17,161.25,7178,200,7,394.33
CMP-1017,Instagram_Video_Views_5,Instagram,Awareness,Mobile,United States,Retargeting,2024-12-17,70.64,9730,104,1,62.33
CMP-1037,Organic_Video_Views_1,Organic,Awareness,Mobile,India,Lookalike,2024-12-17,0.0,5882,123,1,78.57
CMP-1026,Affiliate_Retarget_Convert_2,Affiliate,Conversion,Mobile,United Kingdom,Returning,2024-12-18,29.72,3429,79,0,0.0
CMP-1020,Email_Signup_Push_2,Email,Conversion,Mobile,United States,New,2024-12-18,14.75,1812,261,19,1559.26
CMP-1023,Email_Traffic_Push_5,Email,Consideration,Mobile,United Kingdom,New,2024-12-18,25.82,3363,436,18,1180.87
CMP-1007,Facebook_Interest_Boost_1,Facebook,Consideration,Mobile,United States,New,2024-12-18,256.33,11584,190,3,165.8
CMP-1010,Facebook_Brand_Reach_4,Facebook,Awareness,Mobile,Canada,Retargeting,2024-12-18,109.65,11321,148,2,168.8
CMP-1002,GoogleAds_Signup_Push_2,Google Ads,Conversion,Desktop,United States,Returning,2024-12-18,233.12,4122,150,15,1464.51
CMP-1005,GoogleAds_Retarget_Convert_5,Google Ads,Conversion,Desktop,India,New,2024-12-18,56.2,4515,128,9,679.9
CMP-1015,Instagram_Product_Explainer_3,Instagram,Consideration,Mobile,Canada,Retargeting,2024-12-18,74.22,14547,86,4,284.23
CMP-1017,Instagram_Video_Views_5,Instagram,Awareness,Mobile,United States,Retargeting,2024-12-18,56.77,13001,101,2,135.04
CMP-1037,Organic_Video_Views_1,Organic,Awareness,Mobile,India,Lookalike,2024-12-18,0.0,10889,154,2,166.26
CMP-1026,Affiliate_Retarget_Convert_2,Affiliate,Conversion,Mobile,United Kingdom,Returning,2024-12-19,40.22,2667,69,3,307.01
CMP-1020,Email_Signup_Push_2,Email,Conversion,Mobile,United States,New,2024-12-19,19.2,2379,247,14,1219.27
CMP-1023,Email_Traffic_Push_5,Email,Consideration,Mobile,United Kingdom,New,2024-12-19,20.89,3547,404,12,692.27
CMP-1007,Facebook_Interest_Boost_1,Facebook,Consideration,Mobile,United States,New,2024-12-19,272.09,12327,270,5,397.99
CMP-1010,Facebook_Brand_Reach_4,Facebook,Awareness,Mobile,Canada,Retargeting,2024-12-19,114.71,16779,132,2,118.61
CMP-1002,GoogleAds_Signup_Push_2,Google Ads,Conversion,Desktop,United States,Returning,2024-12-19,254.38,4225,152,16,1649.54
CMP-1005,GoogleAds_Retarget_Convert_5,Google Ads,Conversion,Desktop,India,New,2024-12-19,228.11,5214,327,13,1259.42
CMP-1015,Instagram_Product_Explainer_3,Instagram,Consideration,Mobile,Canada,Retargeting,2024-12-19,125.48,9654,172,8,543.44
CMP-1017,Instagram_Video_Views_5,Instagram,Awareness,Mobile,United States,Retargeting,2024-12-19,208.82,17025,209,2,148.03
CMP-1037,Organic_Video_Views_1,Organic,Awareness,Mobile,India,Lookalike,2024-12-19,0.0,11731,149,1,61.04
CMP-1026,Affiliate_Retarget_Convert_2,Affiliate,Conversion,Mobile,United Kingdom,Returning,2024-12-20,16.85,2259,30,2,205.86
CMP-1020,Email_Signup_Push_2,Email,Conversion,Mobile,United States,New,2024-12-20,14.2,1508,238,18,1053.73
CMP-1023,Email_Traffic_Push_5,Email,Consideration,Mobile,United Kingdom,New,2024-12-20,28.03,3826,531,18,1319.32
CMP-1007,Facebook_Interest_Boost_1,Facebook,Consideration,Mobile,United States,New,2024-12-20,120.23,8001,142,1,93.15
CMP-1010,Facebook_Brand_Reach_4,Facebook,Awareness,Mobile,Canada,Retargeting,2024-12-20,108.31,12877,125,3,178.07
CMP-1002,GoogleAds_Signup_Push_2,Google Ads,Conversion,Desktop,United States,Returning,2024-12-20,649.76,6532,348,38,3260.12
CMP-1005,GoogleAds_Retarget_Convert_5,Google Ads,Conversion,Desktop,India,New,2024-12-20,56.44,3298,108,8,858.23
CMP-1015,Instagram_Product_Explainer_3,Instagram,Consideration,Mobile,Canada,Retargeting,2024-12-20,110.91,15690,122,4,288.6
CMP-1017,Instagram_Video_Views_5,Instagram,Awareness,Mobile,United States,Retargeting,2024-12-20,79.28,22234,99,2,151.23
CMP-1037,Organic_Video_Views_1,Organic,Awareness,Mobile,India,Lookalike,2024-12-20,0.0,11592,161,2,138.85
CMP-1026,Affiliate_Retarget_Convert_2,Affiliate,Conversion,Mobile,United Kingdom,Returning,2024-12-21,74.86,3051,88,6,612.19
CMP-1020,Email_Signup_Push_2,Email,Conversion,Mobile,United States,New,2024-12-21,19.04,1747,241,8,690.78
CMP-1023,Email_Traffic_Push_5,Email,Consideration,Mobile,United Kingdom,New,2024-12-21,16.91,2890,296,14,897.62
CMP-1007,Facebook_Interest_Boost_1,Facebook,Consideration,Mobile,United States,New,2024-12-21,176.41,9665,150,2,122.37
CMP-1010,Facebook_Brand_Reach_4,Facebook,Awareness,Mobile,Canada,Retargeting,2024-12-21,102.02,12218,127,3,256.46
CMP-1002,GoogleAds_Signup_Push_2,Google Ads,Conversion,Desktop,United States,Returning,2024-12-21,429.42,4776,215,10,1045.23
CMP-1005,GoogleAds_Retarget_Convert_5,Google Ads,Conversion,Desktop,India,New,2024-12-21,73.38,3640,136,6,617.58
CMP-1015,Instagram_Product_Explainer_3,Instagram,Consideration,Mobile,Canada,Retargeting,2024-12-21,154.96,8690,145,4,341.2
CMP-1037,Organic_Video_Views_1,Organic,Awareness,Mobile,India,Lookalike,2024-12-21,0.0,9245,122,1,90.19
CMP-1026,Affiliate_Retarget_Convert_2,Affiliate,Conversion,Mobile,United Kingdom,Returning,2024-12-22,76.13,3221,110,4,341.63
CMP-1027,Affiliate_Product_Explainer_3,Affiliate,Consideration,Mobile,United States,New,2024-12-22,113.46,4872,109,2,191.9
CMP-1020,Email_Signup_Push_2,Email,Conversion,Mobile,United States,New,2024-12-22,16.19,1885,237,17,851.06
CMP-1023,Email_Traffic_Push_5,Email,Consideration,Mobile,United Kingdom,New,2024-12-22,18.45,3296,308,14,1141.12
CMP-1007,Facebook_Interest_Boost_1,Facebook,Consideration,Mobile,United States,New,2024-12-22,55.43,4267,70,1,86.97
CMP-1010,Facebook_Brand_Reach_4,Facebook,Awareness,Mobile,Canada,Retargeting,2024-12-22,147.85,12050,171,4,236.44
CMP-1002,GoogleAds_Signup_Push_2,Google Ads,Conversion,Desktop,United States,Returning,2024-12-22,363.21,6005,222,25,2456.84
CMP-1005,GoogleAds_Retarget_Convert_5,Google Ads,Conversion,Desktop,India,New,2024-12-22,38.62,4329,108,9,1113.63
CMP-1015,Instagram_Product_Explainer_3,Instagram,Consideration,Mobile,Canada,Retargeting,2024-12-22,74.71,8319,118,3,244.14
CMP-1037,Organic_Video_Views_1,Organic,Awareness,Mobile,India,Lookalike,2024-12-22,0.0,10312,121,1,92.13
CMP-1026,Affiliate_Retarget_Convert_2,Affiliate,Conversion,Mobile,United Kingdom,Returning,2024-12-23,38.54,2813,82,4,286.61
CMP-1027,Affiliate_Product_Explainer_3,Affiliate,Consideration,Mobile,United States,New,2024-12-23,75.71,4311,87,1,87.24
CMP-1020,Email_Signup_Push_2,Email,Conversion,Mobile,United States,New,2024-12-23,23.15,1696,263,7,539.93
CMP-1023,Email_Traffic_Push_5,Email,Consideration,Mobile,United Kingdom,New,2024-12-23,6.38,2418,136,4,263.17
CMP-1007,Facebook_Interest_Boost_1,Facebook,Consideration,Mobile,United States,New,2024-12-23,347.27,11247,316,8,661.24
CMP-1010,Facebook_Brand_Reach_4,Facebook,Awareness,Mobile,Canada,Retargeting,2024-12-23,158.77,19437,176,4,299.33
CMP-1002,GoogleAds_Signup_Push_2,Google Ads,Conversion,Desktop,United States,Returning,2024-12-23,376.57,5634,220,16,1144.82
CMP-1005,GoogleAds_Retarget_Convert_5,Google Ads,Conversion,Desktop,India,New,2024-12-23,182.54,7585,398,31,2460.08
CMP-1015,Instagram_Product_Explainer_3,Instagram,Consideration,Mobile,Canada,Retargeting,2024-12-23,59.61,5782,90,3,192.08
CMP-1037,Organic_Video_Views_1,Organic,Awareness,Mobile,India,Lookalike,2024-12-23,0.0,11301,222,2,162.7
CMP-1026,Affiliate_Retarget_Convert_2,Affiliate,Conversion,Mobile,United Kingdom,Returning,2024-12-24,25.54,2186,45,1,114.46
CMP-1027,Affiliate_Product_Explainer_3,Affiliate,Consideration,Mobile,United States,New,2024-12-24,41.35,3342,64,1,91.49
CMP-1020,Email_Signup_Push_2,Email,Conversion,Mobile,United States,New,2024-12-24,15.89,2281,306,19,1177.27
CMP-1023,Email_Traffic_Push_5,Email,Consideration,Mobile,United Kingdom,New,2024-12-24,23.18,3566,423,15,842.89
CMP-1007,Facebook_Interest_Boost_1,Facebook,Consideration,Mobile,United States,New,2024-12-24,168.97,12844,120,2,177.06
CMP-1010,Facebook_Brand_Reach_4,Facebook,Awareness,Mobile,Canada,Retargeting,2024-12-24,206.52,15936,200,4,329.08
CMP-1002,GoogleAds_Signup_Push_2,Google Ads,Conversion,Desktop,United States,Returning,2024-12-24,311.68,6757,251,15,1738.27
CMP-1005,GoogleAds_Retarget_Convert_5,Google Ads,Conversion,Desktop,India,New,2024-12-24,117.58,4650,219,15,1037.42
CMP-1015,Instagram_Product_Explainer_3,Instagram,Consideration,Mobile,Canada,Retargeting,2024-12-24,105.42,12136,138,5,379.1
CMP-1037,Organic_Video_Views_1,Organic,Awareness,Mobile,India,Lookalike,2024-12-24,0.0,15489,192,1,101.3
CMP-1026,Affiliate_Retarget_Convert_2,Affiliate,Conversion,Mobile,United Kingdom,Returning,2024-12-25,50.83,3040,60,2,196.2
CMP-1027,Affiliate_Product_Explainer_3,Affiliate,Consideration,Mobile,United States,New,2024-12-25,25.82,3314,30,1,114.62
CMP-1020,Email_Signup_Push_2,Email,Conversion,Mobile,United States,New,2024-12-25,10.32,1955,217,17,962.42
CMP-1023,Email_Traffic_Push_5,Email,Consideration,Mobile,United Kingdom,New,2024-12-25,17.9,3556,368,14,662.79
CMP-1007,Facebook_Interest_Boost_1,Facebook,Consideration,Mobile,United States,New,2024-12-25,152.92,9821,201,6,541.46
CMP-1010,Facebook_Brand_Reach_4,Facebook,Awareness,Mobile,Canada,Retargeting,2024-12-25,188.53,16185,215,6,372.17
CMP-1002,GoogleAds_Signup_Push_2,Google Ads,Conversion,Desktop,United States,Returning,2024-12-25,215.56,4029,141,13,1088.2
CMP-1005,GoogleAds_Retarget_Convert_5,Google Ads,Conversion,Desktop,India,New,2024-12-25,111.85,6661,263,17,1284.07
CMP-1037,Organic_Video_Views_1,Organic,Awareness,Mobile,India,Lookalike,2024-12-25,0.0,12106,185,1,87.32
CMP-1026,Affiliate_Retarget_Convert_2,Affiliate,Conversion,Mobile,United Kingdom,Returning,2024-12-26,52.64,2644,72,2,156.03
CMP-1027,Affiliate_Product_Explainer_3,Affiliate,Consideration,Mobile,United States,New,2024-12-26,72.9,3527,92,1,72.38
CMP-1020,Email_Signup_Push_2,Email,Conversion,Mobile,United States,New,2024-12-26,24.09,2257,407,30,2265.63
CMP-1023,Email_Traffic_Push_5,Email,Consideration,Mobile,United Kingdom,New,2024-12-26,22.24,3997,511,16,1054.29
CMP-1007,Facebook_Interest_Boost_1,Facebook,Consideration,Mobile,United States,New,2024-12-26,135.93,15901,153,2,136.5
CMP-1010,Facebook_Brand_Reach_4,Facebook,Awareness,Mobile,Canada,Retargeting,2024-12-26,183.43,19783,192,4,254.48
CMP-1002,GoogleAds_Signup_Push_2,Google Ads,Conversion,Desktop,United States,Returning,2024-12-26,272.76,5636,151,15,968.87
CMP-1005,GoogleAds_Retarget_Convert_5,Google Ads,Conversion,Desktop,India,New,2024-12-26,70.11,4809,117,7,720.56
CMP-1037,Organic_Video_Views_1,Organic,Awareness,Mobile,India,Lookalike,2024-12-26,0.0,9074,89,1,76.64
CMP-1026,Affiliate_Retarget_Convert_2,Affiliate,Conversion,Mobile,United Kingdom,Returning,2024-12-27,22.25,1819,44,2,213.57
CMP-1027,Affiliate_Product_Explainer_3,Affiliate,Consideration,Mobile,United States,New,2024-12-27,44.87,3214,47,1,41.02
CMP-1020,Email_Signup_Push_2,Email,Conversion,Mobile,United States,New,2024-12-27,9.18,1363,188,8,636.53
CMP-1023,Email_Traffic_Push_5,Email,Consideration,Mobile,United Kingdom,New,2024-12-27,4.52,1166,94,5,262.32
CMP-1007,Facebook_Interest_Boost_1,Facebook,Consideration,Mobile,United States,New,2024-12-27,91.04,5571,97,2,110.6
CMP-1010,Facebook_Brand_Reach_4,Facebook,Awareness,Mobile,Canada,Retargeting,2024-12-27,84.76,11279,105,2,153.36
CMP-1002,GoogleAds_Signup_Push_2,Google Ads,Conversion,Desktop,United States,Returning,2024-12-27,232.22,3672,130,10,746.94
CMP-1005,GoogleAds_Retarget_Convert_5,Google Ads,Conversion,Desktop,India,New,2024-12-27,65.89,4169,161,12,1202.95
CMP-1037,Organic_Video_Views_1,Organic,Awareness,Mobile,India,Lookalike,2024-12-27,0.0,4941,77,0,0.0
CMP-1026,Affiliate_Retarget_Convert_2,Affiliate,Conversion,Mobile,United Kingdom,Returning,2024-12-28,25.61,1505,43,2,153.61
CMP-1027,Affiliate_Product_Explainer_3,Affiliate,Consideration,Mobile,United States,New,2024-12-28,45.37,3090,69,1,68.88
CMP-1020,Email_Signup_Push_2,Email,Conversion,Mobile,United States,New,2024-12-28,8.5,1280,174,8,633.62
CMP-1023,Email_Traffic_Push_5,Email,Consideration,Mobile,United Kingdom,New,2024-12-28,6.6,1392,149,6,308.86
CMP-1007,Facebook_Interest_Boost_1,Facebook,Consideration,Mobile,United States,New,2024-12-28,125.95,6991,111,3,211.53
CMP-1010,Facebook_Brand_Reach_4,Facebook,Awareness,Mobile,Canada,Retargeting,2024-12-28,86.47,9759,88,3,255.21
CMP-1002,GoogleAds_Signup_Push_2,Google Ads,Conversion,Desktop,United States,Returning,2024-12-28,112.67,2325,70,8,600.73
CMP-1005,GoogleAds_Retarget_Convert_5,Google Ads,Conversion,Desktop,India,New,2024-12-28,43.76,3372,89,5,468.47
CMP-1037,Organic_Video_Views_1,Organic,Awareness,Mobile,India,Lookalike,2024-12-28,0.0,5384,59,1,100.72
CMP-1026,Affiliate_Retarget_Convert_2,Affiliate,Conversion,Mobile,United Kingdom,Returning,2024-12-29,39.0,2206,65,3,319.75
CMP-1027,Affiliate_Product_Explainer_3,Affiliate,Consideration,Mobile,United States,New,2024-12-29,21.65,1639,28,1,92.44
CMP-1020,Email_Signup_Push_2,Email,Conversion,Mobile,United States,New,2024-12-29,9.64,985,127,7,494.41
CMP-1023,Email_Traffic_Push_5,Email,Consideration,Mobile,United Kingdom,New,2024-12-29,14.8,2170,281,10,744.56
CMP-1007,Facebook_Interest_Boost_1,Facebook,Consideration,Mobile,United States,New,2024-12-29,53.67,6536,50,1,90.48
CMP-1010,Facebook_Brand_Reach_4,Facebook,Awareness,Mobile,Canada,Retargeting,2024-12-29,104.68,11915,110,2,185.81
CMP-1002,GoogleAds_Signup_Push_2,Google Ads,Conversion,Desktop,United States,Returning,2024-12-29,89.59,1986,50,3,278.59
CMP-1005,GoogleAds_Retarget_Convert_5,Google Ads,Conversion,Desktop,India,New,2024-12-29,101.78,4361,219,14,1027.65
CMP-1037,Organic_Video_Views_1,Organic,Awareness,Mobile,India,Lookalike,2024-12-29,0.0,5282,57,1,91.09
CMP-1026,Affiliate_Retarget_Convert_2,Affiliate,Conversion,Mobile,United Kingdom,Returning,2024-12-30,37.96,2085,68,4,430.47
CMP-1027,Affiliate_Product_Explainer_3,Affiliate,Consideration,Mobile,United States,New,2024-12-30,37.05,2580,51,1,85.41
CMP-1020,Email_Signup_Push_2,Email,Conversion,Mobile,United States,New,2024-12-30,12.21,1095,181,12,835.38
CMP-1023,Email_Traffic_Push_5,Email,Consideration,Mobile,United Kingdom,New,2024-12-30,4.19,674,67,3,138.72
CMP-1007,Facebook_Interest_Boost_1,Facebook,Consideration,Mobile,United States,New,2024-12-30,203.18,7133,142,2,140.78
CMP-1010,Facebook_Brand_Reach_4,Facebook,Awareness,Mobile,Canada,Retargeting,2024-12-30,174.91,13872,170,3,259.57
CMP-1002,GoogleAds_Signup_Push_2,Google Ads,Conversion,Desktop,United States,Returning,2024-12-30,325.21,4643,193,17,1486.91
CMP-1005,GoogleAds_Retarget_Convert_5,Google Ads,Conversion,Desktop,India,New,2024-12-30,78.25,3321,147,11,1151.69
CMP-1037,Organic_Video_Views_1,Organic,Awareness,Mobile,India,Lookalike,2024-12-30,0.0,7218,108,1,105.9
CMP-1026,Affiliate_Retarget_Convert_2,Affiliate,Conversion,Mobile,United Kingdom,Returning,2024-12-31,17.45,2511,44,2,141.8
CMP-1027,Affiliate_Product_Explainer_3,Affiliate,Consideration,Mobile,United States,New,2024-12-31,69.93,3203,93,2,132.8
CMP-1020,Email_Signup_Push_2,Email,Conversion,Mobile,United States,New,2024-12-31,13.06,1698,214,7,521.14
CMP-1023,Email_Traffic_Push_5,Email,Consideration,Mobile,United Kingdom,New,2024-12-31,16.96,2246,288,10,852.85
CMP-1007,Facebook_Interest_Boost_1,Facebook,Consideration,Mobile,United States,New,2024-12-31,152.85,7105,114,2,136.51
CMP-1010,Facebook_Brand_Reach_4,Facebook,Awareness,Mobile,Canada,Retargeting,2024-12-31,119.58,11263,119,2,158.07
CMP-1002,GoogleAds_Signup_Push_2,Google Ads,Conversion,Desktop,United States,Returning,2024-12-31,266.47,3520,142,12,1037.06
CMP-1005,GoogleAds_Retarget_Convert_5,Google Ads,Conversion,Desktop,India,New,2024-12-31,38.17,2196,83,4,286.88
CMP-1037,Organic_Video_Views_1,Organic,Awareness,Mobile,India,Lookalike,2024-12-31,0.0,5280,103,1,111.2
CMP-1026,Affiliate_Retarget_Convert_2,Affiliate,Conversion,Mobile,United Kingdom,Returning,2025-01-01,38.81,2674,72,3,281.7
CMP-1027,Affiliate_Product_Explainer_3,Affiliate,Consideration,Mobile,United States,New,2025-01-01,34.15,2250,57,1,63.28
CMP-1020,Email_Signup_Push_2,Email,Conversion,Mobile,United States,New,2025-01-01,9.59,1507,154,10,717.18
CMP-1023,Email_Traffic_Push_5,Email,Consideration,Mobile,United Kingdom,New,2025-01-01,22.06,2530,275,13,909.41
CMP-1007,Facebook_Interest_Boost_1,Facebook,Consideration,Mobile,United States,New,2025-01-01,71.12,7548,57,2,104.86
CMP-1010,Facebook_Brand_Reach_4,Facebook,Awareness,Mobile,Canada,Retargeting,2025-01-01,124.14,11991,126,3,202.57
CMP-1002,GoogleAds_Signup_Push_2,Google Ads,Conversion,Desktop,United States,Returning,2025-01-01,92.95,2793,57,5,511.31
CMP-1005,GoogleAds_Retarget_Convert_5,Google Ads,Conversion,Desktop,India,New,2025-01-01,17.26,2403,35,2,222.38
CMP-1037,Organic_Video_Views_1,Organic,Awareness,Mobile,India,Lookalike,2025-01-01,0.0,8307,142,1,61.47
CMP-1026,Affiliate_Retarget_Convert_2,Affiliate,Conversion,Mobile,United Kingdom,Returning,2025-01-02,41.21,2199,50,2,193.94
CMP-1027,Affiliate_Product_Explainer_3,Affiliate,Consideration,Mobile,United States,New,2025-01-02,81.07,3362,97,1,79.57
CMP-1020,Email_Signup_Push_2,Email,Conversion,Mobile,United States,New,2025-01-02,7.01,968,118,8,597.01
CMP-1023,Email_Traffic_Push_5,Email,Consideration,Mobile,United Kingdom,New,2025-01-02,6.54,1712,204,4,269.85
CMP-1007,Facebook_Interest_Boost_1,Facebook,Consideration,Mobile,United States,New,2025-01-02,235.4,9029,200,6,615.64
CMP-1010,Facebook_Brand_Reach_4,Facebook,Awareness,Mobile,Canada,Retargeting,2025-01-02,55.25,9232,63,2,125.93
CMP-1002,GoogleAds_Signup_Push_2,Google Ads,Conversion,Desktop,United States,Returning,2025-01-02,196.62,3796,135,14,1366.8
CMP-1005,GoogleAds_Retarget_Convert_5,Google Ads,Conversion,Desktop,India,New,2025-01-02,45.65,3324,92,4,557.28
CMP-1037,Organic_Video_Views_1,Organic,Awareness,Mobile,India,Lookalike,2025-01-02,0.0,4177,73,1,61.51
CMP-1026,Affiliate_Retarget_Convert_2,Affiliate,Conversion,Mobile,United Kingdom,Returning,2025-01-03,23.78,1676,41,1,125.01
CMP-1027,Affiliate_Product_Explainer_3,Affiliate,Consideration,Mobile,United States,New,2025-01-03,53.47,2744,66,2,131.87
CMP-1020,Email_Signup_Push_2,Email,Conversion,Mobile,United States,New,2025-01-03,20.56,1359,229,14,986.96
CMP-1023,Email_Traffic_Push_5,Email,Consideration,Mobile,United Kingdom,New,2025-01-03,14.78,1785,235,8,442.68
CMP-1007,Facebook_Interest_Boost_1,Facebook,Consideration,Mobile,United States,New,2025-01-03,311.69,10089,254,4,358.37
CMP-1010,Facebook_Brand_Reach_4,Facebook,Awareness,Mobile,Canada,Retargeting,2025-01-03,60.52,8979,65,1,70.83
CMP-1002,GoogleAds_Signup_Push_2,Google Ads,Conversion,Desktop,United States,Returning,2025-01-03,386.15,5122,235,17,1652.97
CMP-1005,GoogleAds_Retarget_Convert_5,Google Ads,Conversion,Desktop,India,New,2025-01-03,49.65,2547,110,5,490.34
CMP-1037,Organic_Video_Views_1,Organic,Awareness,Mobile,India,Lookalike,2025-01-03,0.0,3788,56,0,0.0
CMP-1026,Affiliate_Retarget_Convert_2,Affiliate,Conversion,Mobile,United Kingdom,Returning,2025-01-04,43.9,2262,71,2,147.29
CMP-1027,Affiliate_Product_Explainer_3,Affiliate,Consideration,Mobile,United States,New,2025-01-04,50.39,2157,53,1,92.97
CMP-1020,Email_Signup_Push_2,Email,Conversion,Mobile,United States,New,2025-01-04,4.32,476,75,5,391.58
CMP-1023,Email_Traffic_Push_5,Email,Consideration,Mobile,United Kingdom,New,2025-01-04,10.54,1317,183,8,618.85
CMP-1007,Facebook_Interest_Boost_1,Facebook,Consideration,Mobile,United States,New,2025-01-04,163.46,6596,168,3,266.43
CMP-1010,Facebook_Brand_Reach_4,Facebook,Awareness,Mobile,Canada,Retargeting,2025-01-04,214.12,12775,202,6,502.53
CMP-1002,GoogleAds_Signup_Push_2,Google Ads,Conversion,Desktop,United States,Returning,2025-01-04,45.67,1286,60,7,691.51
CMP-1005,GoogleAds_Retarget_Convert_5,Google Ads,Conversion,Desktop,India,New,2025-01-04,105.5,3910,188,6,609.94
CMP-1037,Organic_Video_Views_1,Organic,Awareness,Mobile,India,Lookalike,2025-01-04,0.0,5565,79,0,0.0
CMP-1026,Affiliate_Retarget_Convert_2,Affiliate,Conversion,Mobile,United Kingdom,Returning,2025-01-05,41.07,1982,63,4,427.67
CMP-1027,Affiliate_Product_Explainer_3,Affiliate,Consideration,Mobile,United States,New,2025-01-05,22.97,2740,31,1,78.71
CMP-1020,Email_Signup_Push_2,Email,Conversion,Mobile,United States,New,2025-01-05,6.55,1002,132,9,432.75
CMP-1023,Email_Traffic_Push_5,Email,Consideration,Mobile,United Kingdom,New,2025-01-05,12.77,1565,191,10,679.64
CMP-1007,Facebook_Interest_Boost_1,Facebook,Consideration,Mobile,United States,New,2025-01-05,211.37,8068,160,3,274.76
CMP-1010,Facebook_Brand_Reach_4,Facebook,Awareness,Mobile,Canada,Retargeting,2025-01-05,87.67,11841,111,1,82.73
CMP-1002,GoogleAds_Signup_Push_2,Google Ads,Conversion,Desktop,United States,Returning,2025-01-05,157.31,2051,95,9,919.83
CMP-1005,GoogleAds_Retarget_Convert_5,Google Ads,Conversion,Desktop,India,New,2025-01-05,77.61,3056,144,11,922.22
CMP-1037,Organic_Video_Views_1,Organic,Awareness,Mobile,India,Lookalike,2025-01-05,0.0,4547,84,1,89.45
CMP-1026,Affiliate_Retarget_Convert_2,Affiliate,Conversion,Mobile,United Kingdom,Returning,2025-01-06,109.82,3360,117,5,426.33
CMP-1027,Affiliate_Product_Explainer_3,Affiliate,Consideration,Mobile,United States,New,2025-01-06,45.28,3327,67,1,75.41
CMP-1020,Email_Signup_Push_2,Email,Conversion,Mobile,United States,New,2025-01-06,21.36,1612,273,15,995.9
CMP-1023,Email_Traffic_Push_5,Email,Consideration,Mobile,United Kingdom,New,2025-01-06,11.96,1754,182,5,298.01
CMP-1007,Facebook_Interest_Boost_1,Facebook,Consideration,Mobile,United States,New,2025-01-06,99.61,5930,108,2,172.19
CMP-1010,Facebook_Brand_Reach_4,Facebook,Awareness,Mobile,Canada,Retargeting,2025-01-06,80.94,13190,102,2,97.03
CMP-1002,GoogleAds_Signup_Push_2,Google Ads,Conversion,Desktop,United States,Returning,2025-01-06,61.28,2900,108,5,285.46
CMP-1005,GoogleAds_Retarget_Convert_5,Google Ads,Conversion,Desktop,India,New,2025-01-06,72.86,6472,143,13,806.3
CMP-1037,Organic_Video_Views_1,Organic,Awareness,Mobile,India,Lookalike,2025-01-06,0.0,4387,58,0,0.0
CMP-1026,Affiliate_Retarget_Convert_2,Affiliate,Conversion,Mobile,United Kingdom,Returning,2025-01-07,38.02,2118,60,1,66.01
CMP-1027,Affiliate_Product_Explainer_3,Affiliate,Consideration,Mobile,United States,New,2025-01-07,40.91,2293,47,1,73.4
CMP-1020,Email_Signup_Push_2,Email,Conversion,Mobile,United States,New,2025-01-07,12.59,1259,195,7,357.43
CMP-1023,Email_Traffic_Push_5,Email,Consideration,Mobile,United Kingdom,New,2025-01-07,10.23,1659,184,5,352.23
CMP-1007,Facebook_Interest_Boost_1,Facebook,Consideration,Mobile,United States,New,2025-01-07,287.03,8865,218,4,298.28
CMP-1010,Facebook_Brand_Reach_4,Facebook,Awareness,Mobile,Canada,Retargeting,2025-01-07,161.19,12632,175,3,200.91
CMP-1002,GoogleAds_Signup_Push_2,Google Ads,Conversion,Desktop,United States,Returning,2025-01-07,172.86,5483,159,7,601.75
CMP-1005,GoogleAds_Retarget_Convert_5,Google Ads,Conversion,Desktop,India,New,2025-01-07,38.3,2017,80,7,574.13
CMP-1037,Organic_Video_Views_1,Organic,Awareness,Mobile,India,Lookalike,2025-01-07,0.0,5381,100,1,62.34
CMP-1026,Affiliate_Retarget_Convert_2,Affiliate,Conversion,Mobile,United Kingdom,Returning,2025-01-08,44.66,2328,57,3,249.49
CMP-1027,Affiliate_Product_Explainer_3,Affiliate,Consideration,Mobile,United States,New,2025-01-08,50.33,2798,82,1,89.03
CMP-1020,Email_Signup_Push_2,Email,Conversion,Mobile,United States,New,2025-01-08,16.72,1338,176,12,856.64
CMP-1023,Email_Traffic_Push_5,Email,Consideration,Mobile,United Kingdom,New,2025-01-08,12.85,1631,216,9,426.62
CMP-1007,Facebook_Interest_Boost_1,Facebook,Consideration,Mobile,United States,New,2025-01-08,212.32,5809,153,3,227.1
CMP-1010,Facebook_Brand_Reach_4,Facebook,Awareness,Mobile,Canada,Retargeting,2025-01-08,121.65,11881,127,2,189.82
CMP-1002,GoogleAds_Signup_Push_2,Google Ads,Conversion,Desktop,United States,Returning,2025-01-08,189.22,4206,113,11,614.85
CMP-1005,GoogleAds_Retarget_Convert_5,Google Ads,Conversion,Desktop,India,New,2025-01-08,111.95,4121,190,7,517.31
CMP-1037,Organic_Video_Views_1,Organic,Awareness,Mobile,India,Lookalike,2025-01-08,0.0,5182,104,1,78.72
CMP-1026,Affiliate_Retarget_Convert_2,Affiliate,Conversion,Mobile,United Kingdom,Returning,2025-01-09,27.5,2107,50,2,170.08
CMP-1027,Affiliate_Product_Explainer_3,Affiliate,Consideration,Mobile,United States,New,2025-01-09,58.77,3390,64,1,85.65
CMP-1020,Email_Signup_Push_2,Email,Conversion,Mobile,United States,New,2025-01-09,2.6,320,43,2,176.19
CMP-1023,Email_Traffic_Push_5,Email,Consideration,Mobile,United Kingdom,New,2025-01-09,9.1,1864,186,6,287.9
CMP-1007,Facebook_Interest_Boost_1,Facebook,Consideration,Mobile,United States,New,2025-01-09,267.8,9515,225,6,431.98
CMP-1010,Facebook_Brand_Reach_4,Facebook,Awareness,Mobile,Canada,Retargeting,2025-01-09,122.03,13962,160,5,395.56
CMP-1002,GoogleAds_Signup_Push_2,Google Ads,Conversion,Desktop,United States,Returning,2025-01-09,317.79,4731,189,17,1574.15
CMP-1005,GoogleAds_Retarget_Convert_5,Google Ads,Conversion,Desktop,India,New,2025-01-09,28.78,2678,58,4,272.15
CMP-1037,Organic_Video_Views_1,Organic,Awareness,Mobile,India,Lookalike,2025-01-09,0.0,6416,78,1,82.66
CMP-1026,Affiliate_Retarget_Convert_2,Affiliate,Conversion,Mobile,United Kingdom,Returning,2025-01-10,14.92,1896,25,2,137.6
CMP-1027,Affiliate_Product_Explainer_3,Affiliate,Consideration,Mobile,United States,New,2025-01-10,51.4,2365,56,1,88.09
CMP-1020,Email_Signup_Push_2,Email,Conversion,Mobile,United States,New,2025-01-10,13.5,1173,171,9,559.77
CMP-1023,Email_Traffic_Push_5,Email,Consideration,Mobile,United Kingdom,New,2025-01-10,13.94,1858,216,7,380.02
CMP-1007,Facebook_Interest_Boost_1,Facebook,Consideration,Mobile,United States,New,2025-01-10,173.44,11755,156,4,459.97
CMP-1010,Facebook_Brand_Reach_4,Facebook,Awareness,Mobile,Canada,Retargeting,2025-01-10,123.3,14726,140,3,174.32
CMP-1002,GoogleAds_Signup_Push_2,Google Ads,Conversion,Desktop,United States,Returning,2025-01-10,132.53,2665,107,10,919.23
CMP-1005,GoogleAds_Retarget_Convert_5,Google Ads,Conversion,Desktop,India,New,2025-01-10,60.75,3365,124,11,1325.75
CMP-1037,Organic_Video_Views_1,Organic,Awareness,Mobile,India,Lookalike,2025-01-10,0.0,5407,69,0,0.0
CMP-1026,Affiliate_Retarget_Convert_2,Affiliate,Conversion,Mobile,United Kingdom,Returning,2025-01-11,35.52,1629,56,2,179.55
CMP-1027,Affiliate_Product_Explainer_3,Affiliate,Consideration,Mobile,United States,New,2025-01-11,32.17,1457,34,1,87.76
CMP-1020,Email_Signup_Push_2,Email,Conversion,Mobile,United States,New,2025-01-11,12.4,1269,151,11,765.13
CMP-1023,Email_Traffic_Push_5,Email,Consideration,Mobile,United Kingdom,New,2025-01-11,10.66,2643,297,13,939.62
CMP-1007,Facebook_Interest_Boost_1,Facebook,Consideration,Mobile,United States,New,2025-01-11,148.66,6380,121,2,171.61
CMP-1010,Facebook_Brand_Reach_4,Facebook,Awareness,Mobile,Canada,Retargeting,2025-01-11,104.45,13184,119,2,222.15
CMP-1002,GoogleAds_Signup_Push_2,Google Ads,Conversion,Desktop,United States,Returning,2025-01-11,160.51,2418,118,11,1202.45
CMP-1005,GoogleAds_Retarget_Convert_5,Google Ads,Conversion,Desktop,India,New,2025-01-11,75.35,3648,143,8,772.15
CMP-1037,Organic_Video_Views_1,Organic,Awareness,Mobile,India,Lookalike,2025-01-11,0.0,4984,66,1,83.93
CMP-1026,Affiliate_Retarget_Convert_2,Affiliate,Conversion,Mobile,United Kingdom,Returning,2025-01-12,23.13,1898,44,2,199.31
CMP-1027,Affiliate_Product_Explainer_3,Affiliate,Consideration,Mobile,United States,New,2025-01-12,36.16,1548,45,1,83.9
CMP-1020,Email_Signup_Push_2,Email,Conversion,Mobile,United States,New,2025-01-12,10.88,1306,180,16,1236.15
CMP-1023,Email_Traffic_Push_5,Email,Consideration,Mobile,United Kingdom,New,2025-01-12,12.69,1623,191,6,407.76
CMP-1007,Facebook_Interest_Boost_1,Facebook,Consideration,Mobile,United States,New,2025-01-12,30.67,2653,54,1,71.49
CMP-1010,Facebook_Brand_Reach_4,Facebook,Awareness,Mobile,Canada,Retargeting,2025-01-12,52.73,10270,97,2,155.19
CMP-1002,GoogleAds_Signup_Push_2,Google Ads,Conversion,Desktop,United States,Returning,2025-01-12,355.67,3947,185,19,2121.68
CMP-1005,GoogleAds_Retarget_Convert_5,Google Ads,Conversion,Desktop,India,New,2025-01-12,28.15,1243,42,3,294.86
CMP-1037,Organic_Video_Views_1,Organic,Awareness,Mobile,India,Lookalike,2025-01-12,0.0,5753,56,0,0.0
CMP-1026,Affiliate_Retarget_Convert_2,Affiliate,Conversion,Mobile,United Kingdom,Returning,2025-01-13,38.68,2232,64,4,354.58
CMP-1027,Affiliate_Product_Explainer_3,Affiliate,Consideration,Mobile,United States,New,2025-01-13,37.17,2652,56,1,69.19
CMP-1020,Email_Signup_Push_2,Email,Conversion,Mobile,United States,New,2025-01-13,13.45,1613,234,15,640.37
CMP-1023,Email_Traffic_Push_5,Email,Consideration,Mobile,United Kingdom,New,2025-01-13,12.42,2172,217,4,323.36
CMP-1007,Facebook_Interest_Boost_1,Facebook,Consideration,Mobile,United States,New,2025-01-13,67.69,6237,56,1,84.54
CMP-1010,Facebook_Brand_Reach_4,Facebook,Awareness,Mobile,Canada,Retargeting,2025-01-13,84.93,16172,99,1,83.4
CMP-1002,GoogleAds_Signup_Push_2,Google Ads,Conversion,Desktop,United States,Returning,2025-01-13,200.48,3963,141,17,1621.09
CMP-1005,GoogleAds_Retarget_Convert_5,Google Ads,Conversion,Desktop,India,New,2025-01-13,32.54,4157,82,2,173.77
CMP-1037,Organic_Video_Views_1,Organic,Awareness,Mobile,India,Lookalike,2025-01-13,0.0,8023,109,1,78.21
CMP-1026,Affiliate_Retarget_Convert_2,Affiliate,Conversion,Mobile,United Kingdom,Returning,2025-01-14,58.14,2575,77,3,230.13
CMP-1027,Affiliate_Product_Explainer_3,Affiliate,Consideration,Mobile,United States,New,2025-01-14,38.77,1901,51,1,73.83
CMP-1020,Email_Signup_Push_2,Email,Conversion,Mobile,United States,New,2025-01-14,9.46,1232,122,9,554.48
CMP-1023,Email_Traffic_Push_5,Email,Consideration,Mobile,United Kingdom,New,2025-01-14,7.37,1712,142,4,226.96
CMP-1007,Facebook_Interest_Boost_1,Facebook,Consideration,Mobile,United States,New,2025-01-14,223.78,9797,199,3,191.42
CMP-1010,Facebook_Brand_Reach_4,Facebook,Awareness,Mobile,Canada,Retargeting,2025-01-14,104.13,12464,120,2,167.22
CMP-1002,GoogleAds_Signup_Push_2,Google Ads,Conversion,Desktop,United States,Returning,2025-01-14,246.02,4494,114,8,669.71
CMP-1005,GoogleAds_Retarget_Convert_5,Google Ads,Conversion,Desktop,India,New,2025-01-14,118.53,5961,202,13,1158.78
CMP-1037,Organic_Video_Views_1,Organic,Awareness,Mobile,India,Lookalike,2025-01-14,0.0,8753,179,1,97.01
CMP-1026,Affiliate_Retarget_Convert_2,Affiliate,Conversion,Mobile,United Kingdom,Returning,2025-01-15,18.27,2117,35,2,165.46
CMP-1027,Affiliate_Product_Explainer_3,Affiliate,Consideration,Mobile,United States,New,2025-01-15,25.73,2710,32,0,0.0
CMP-1020,Email_Signup_Push_2,Email,Conversion,Mobile,United States,New,2025-01-15,12.57,1246,167,7,507.23
CMP-1023,Email_Traffic_Push_5,Email,Consideration,Mobile,United Kingdom,New,2025-01-15,12.17,1705,222,8,600.27
CMP-1007,Facebook_Interest_Boost_1,Facebook,Consideration,Mobile,United States,New,2025-01-15,282.04,8439,248,6,594.74
CMP-1010,Facebook_Brand_Reach_4,Facebook,Awareness,Mobile,Canada,Retargeting,2025-01-15,127.49,13757,147,4,291.36
CMP-1002,GoogleAds_Signup_Push_2,Google Ads,Conversion,Desktop,United States,Returning,2025-01-15,194.0,3697,125,8,800.27
CMP-1005,GoogleAds_Retarget_Convert_5,Google Ads,Conversion,Desktop,India,New,2025-01-15,39.92,3409,115,5,539.86
CMP-1037,Organic_Video_Views_1,Organic,Awareness,Mobile,India,Lookalike,2025-01-15,0.0,6636,75,1,89.1
CMP-1026,Affiliate_Retarget_Convert_2,Affiliate,Conversion,Mobile,United Kingdom,Returning,2025-01-16,20.24,1699,32,2,169.86
CMP-1027,Affiliate_Product_Explainer_3,Affiliate,Consideration,Mobile,United States,New,2025-01-16,35.19,4387,54,1,116.6
CMP-1020,Email_Signup_Push_2,Email,Conversion,Mobile,United States,New,2025-01-16,5.52,867,114,8,260.33
CMP-1023,Email_Traffic_Push_5,Email,Consideration,Mobile,United Kingdom,New,2025-01-16,8.91,1148,160,3,199.82
CMP-1007,Facebook_Interest_Boost_1,Facebook,Consideration,Mobile,United States,New,2025-01-16,214.24,7831,166,3,206.16
CMP-1010,Facebook_Brand_Reach_4,Facebook,Awareness,Mobile,Canada,Retargeting,2025-01-16,210.83,12636,189,3,203.35
CMP-1002,GoogleAds_Signup_Push_2,Google Ads,Conversion,Desktop,United States,Returning,2025-01-16,271.02,4201,163,11,915.83
CMP-1005,GoogleAds_Retarget_Convert_5,Google Ads,Conversion,Desktop,India,New,2025-01-16,79.48,4181,148,10,914.64
CMP-1037,Organic_Video_Views_1,Organic,Awareness,Mobile,India,Lookalike,2025-01-16,0.0,6761,139,1,62.91
CMP-1026,Affiliate_Retarget_Convert_2,Affiliate,Conversion,Mobile,United Kingdom,Returning,2025-01-17,46.74,1773,64,3,264.98
CMP-1027,Affiliate_Product_Explainer_3,Affiliate,Consideration,Mobile,United States,New,2025-01-17,14.38,1851,15,0,0.0
CMP-1020,Email_Signup_Push_2,Email,Conversion,Mobile,United States,New,2025-01-17,10.4,1234,199,13,728.57
CMP-1023,Email_Traffic_Push_5,Email,Consideration,Mobile,United Kingdom,New,2025-01-17,7.39,1214,102,3,169.37
CMP-1007,Facebook_Interest_Boost_1,Facebook,Consideration,Mobile,United States,New,2025-01-17,268.37,9351,237,3,255.11
CMP-1010,Facebook_Brand_Reach_4,Facebook,Awareness,Mobile,Canada,Retargeting,2025-01-17,89.03,12524,127,2,215.58
CMP-1002,GoogleAds_Signup_Push_2,Google Ads,Conversion,Desktop,United States,Returning,2025-01-17,282.45,4071,142,15,1379.65
CMP-1005,GoogleAds_Retarget_Convert_5,Google Ads,Conversion,Desktop,India,New,2025-01-17,104.16,5010,158,6,604.73
CMP-1037,Organic_Video_Views_1,Organic,Awareness,Mobile,India,Lookalike,2025-01-17,0.0,6107,84,1,100.0
CMP-1026,Affiliate_Retarget_Convert_2,Affiliate,Conversion,Mobile,United Kingdom,Returning,2025-01-18,15.56,1110,30,2,203.96
CMP-1027,Affiliate_Product_Explainer_3,Affiliate,Consideration,Mobile,United States,New,2025-01-18,55.21,2488,66,1,78.59
CMP-1020,Email_Signup_Push_2,Email,Conversion,Mobile,United States,New,2025-01-18,2.56,801,77,7,570.32
CMP-1023,Email_Traffic_Push_5,Email,Consideration,Mobile,United Kingdom,New,2025-01-18,15.15,1257,160,4,290.86
CMP-1007,Facebook_Interest_Boost_1,Facebook,Consideration,Mobile,United States,New,2025-01-18,129.24,7472,141,2,185.93
CMP-1010,Facebook_Brand_Reach_4,Facebook,Awareness,Mobile,Canada,Retargeting,2025-01-18,22.12,8441,29,1,92.09
CMP-1002,GoogleAds_Signup_Push_2,Google Ads,Conversion,Desktop,United States,Returning,2025-01-18,212.78,4268,134,17,1841.62
CMP-1005,GoogleAds_Retarget_Convert_5,Google Ads,Conversion,Desktop,India,New,2025-01-18,61.76,3350,110,8,710.03
CMP-1037,Organic_Video_Views_1,Organic,Awareness,Mobile,India,Lookalike,2025-01-18,0.0,6453,152,1,97.65
CMP-1026,Affiliate_Retarget_Convert_2,Affiliate,Conversion,Mobile,United Kingdom,Returning,2025-01-19,43.1,2565,55,2,178.32
CMP-1027,Affiliate_Product_Explainer_3,Affiliate,Consideration,Mobile,United States,New,2025-01-19,66.97,4299,112,2,173.01
CMP-1020,Email_Signup_Push_2,Email,Conversion,Mobile,United States,New,2025-01-19,6.12,629,81,5,401.38
CMP-1023,Email_Traffic_Push_5,Email,Consideration,Mobile,United Kingdom,New,2025-01-19,19.1,1883,267,14,940.69
CMP-1007,Facebook_Interest_Boost_1,Facebook,Consideration,Mobile,United States,New,2025-01-19,173.42,8792,155,4,333.61
CMP-1010,Facebook_Brand_Reach_4,Facebook,Awareness,Mobile,Canada,Retargeting,2025-01-19,58.21,12580,121,3,268.62
CMP-1002,GoogleAds_Signup_Push_2,Google Ads,Conversion,Desktop,United States,Returning,2025-01-19,215.35,4297,168,14,1158.69
CMP-1005,GoogleAds_Retarget_Convert_5,Google Ads,Conversion,Desktop,India,New,2025-01-19,57.02,2944,107,8,690.67
CMP-1037,Organic_Video_Views_1,Organic,Awareness,Mobile,India,Lookalike,2025-01-19,0.0,6322,81,1,86.7
CMP-1026,Affiliate_Retarget_Convert_2,Affiliate,Conversion,Mobile,United Kingdom,Returning,2025-01-20,25.7,1657,40,2,127.08
CMP-1027,Affiliate_Product_Explainer_3,Affiliate,Consideration,Mobile,United States,New,2025-01-20,95.32,3340,91,1,80.36
CMP-1020,Email_Signup_Push_2,Email,Conversion,Mobile,United States,New,2025-01-20,7.68,947,120,7,508.07
CMP-1023,Email_Traffic_Push_5,Email,Consideration,Mobile,United Kingdom,New,2025-01-20,17.08,2538,335,19,1145.69
CMP-1007,Facebook_Interest_Boost_1,Facebook,Consideration,Mobile,United States,New,2025-01-20,212.5,9172,183,3,237.98
CMP-1010,Facebook_Brand_Reach_4,Facebook,Awareness,Mobile,Canada,Retargeting,2025-01-20,296.48,20838,363,8,688.73
CMP-1002,GoogleAds_Signup_Push_2,Google Ads,Conversion,Desktop,United States,Returning,2025-01-20,105.08,2145,69,2,210.68
CMP-1005,GoogleAds_Retarget_Convert_5,Google Ads,Conversion,Desktop,India,New,2025-01-20,27.56,1435,59,3,206.1
CMP-1037,Organic_Video_Views_1,Organic,Awareness,Mobile,India,Lookalike,2025-01-20,0.0,8521,126,1,84.04
CMP-1026,Affiliate_Retarget_Convert_2,Affiliate,Conversion,Mobile,United Kingdom,Returning,2025-01-21,49.39,2474,81,3,229.19
CMP-1027,Affiliate_Product_Explainer_3,Affiliate,Consideration,Mobile,United States,New,2025-01-21,36.4,2694,48,1,101.43
CMP-1020,Email_Signup_Push_2,Email,Conversion,Mobile,United States,New,2025-01-21,18.74,1790,287,24,1891.15
CMP-1023,Email_Traffic_Push_5,Email,Consideration,Mobile,United Kingdom,New,2025-01-21,8.03,1107,124,3,205.54
CMP-1007,Facebook_Interest_Boost_1,Facebook,Consideration,Mobile,United States,New,2025-01-21,168.59,10377,144,4,312.61
CMP-1010,Facebook_Brand_Reach_4,Facebook,Awareness,Mobile,Canada,Retargeting,2025-01-21,107.09,10534,129,2,127.83
CMP-1002,GoogleAds_Signup_Push_2,Google Ads,Conversion,Desktop,United States,Returning,2025-01-21,69.43,1465,45,2,206.44
CMP-1005,GoogleAds_Retarget_Convert_5,Google Ads,Conversion,Desktop,India,New,2025-01-21,81.17,4594,156,7,414.74
CMP-1037,Organic_Video_Views_1,Organic,Awareness,Mobile,India,Lookalike,2025-01-21,0.0,3378,40,0,0.0
CMP-1026,Affiliate_Retarget_Convert_2,Affiliate,Conversion,Mobile,United Kingdom,Returning,2025-01-22,23.81,2100,67,3,262.62
CMP-1027,Affiliate_Product_Explainer_3,Affiliate,Consideration,Mobile,United States,New,2025-01-22,29.96,2869,53,1,80.28
CMP-1020,Email_Signup_Push_2,Email,Conversion,Mobile,United States,New,2025-01-22,7.41,1212,166,11,776.96
CMP-1023,Email_Traffic_Push_5,Email,Consideration,Mobile,United Kingdom,New,2025-01-22,11.35,1725,174,7,464.9
CMP-1007,Facebook_Interest_Boost_1,Facebook,Consideration,Mobile,United States,New,2025-01-22,125.11,8051,106,2,154.42
CMP-1010,Facebook_Brand_Reach_4,Facebook,Awareness,Mobile,Canada,Retargeting,2025-01-22,74.72,11961,92,2,191.87
CMP-1012,Facebook_Interest_Boost_6,Facebook,Consideration,Mobile,India,Retargeting,2025-01-22,29.71,4088,91,3,233.87
CMP-1002,GoogleAds_Signup_Push_2,Google Ads,Conversion,Desktop,United States,Returning,2025-01-22,234.44,4985,198,15,1142.83
CMP-1005,GoogleAds_Retarget_Convert_5,Google Ads,Conversion,Desktop,India,New,2025-01-22,61.85,3777,125,3,263.01
CMP-1037,Organic_Video_Views_1,Organic,Awareness,Mobile,India,Lookalike,2025-01-22,0.0,6025,77,1,56.48
CMP-1026,Affiliate_Retarget_Convert_2,Affiliate,Conversion,Mobile,United Kingdom,Returning,2025-01-23,18.59,2115,32,2,204.4
CMP-1027,Affiliate_Product_Explainer_3,Affiliate,Consideration,Mobile,United States,New,2025-01-23,43.17,3358,71,1,81.41
CMP-1020,Email_Signup_Push_2,Email,Conversion,Mobile,United States,New,2025-01-23,12.96,1371,246,12,897.58
CMP-1023,Email_Traffic_Push_5,Email,Consideration,Mobile,United Kingdom,New,2025-01-23,7.5,1317,160,4,264.48
CMP-1007,Facebook_Interest_Boost_1,Facebook,Consideration,Mobile,United States,New,2025-01-23,301.47,9144,222,5,349.52
CMP-1010,Facebook_Brand_Reach_4,Facebook,Awareness,Mobile,Canada,Retargeting,2025-01-23,126.97,10305,119,2,132.32
CMP-1012,Facebook_Interest_Boost_6,Facebook,Consideration,Mobile,India,Retargeting,2025-01-23,32.45,6616,86,4,369.26
CMP-1002,GoogleAds_Signup_Push_2,Google Ads,Conversion,Desktop,United States,Returning,2025-01-23,255.15,5187,172,14,1513.79
CMP-1005,GoogleAds_Retarget_Convert_5,Google Ads,Conversion,Desktop,India,New,2025-01-23,47.36,2803,106,6,557.61
CMP-1037,Organic_Video_Views_1,Organic,Awareness,Mobile,India,Lookalike,2025-01-23,0.0,6943,143,1,97.87
CMP-1034,TikTok_Interest_Boost_4,TikTok,Consideration,Mobile,India,Retargeting,2025-01-23,68.47,6769,204,6,435.15
CMP-1026,Affiliate_Retarget_Convert_2,Affiliate,Conversion,Mobile,United Kingdom,Returning,2025-01-24,47.18,1886,69,4,419.43
CMP-1027,Affiliate_Product_Explainer_3,Affiliate,Consideration,Mobile,United States,New,2025-01-24,132.78,4413,135,2,194.93
CMP-1020,Email_Signup_Push_2,Email,Conversion,Mobile,United States,New,2025-01-24,10.62,1133,174,18,1154.46
CMP-1023,Email_Traffic_Push_5,Email,Consideration,Mobile,United Kingdom,New,2025-01-24,10.02,1868,233,8,503.6
CMP-1007,Facebook_Interest_Boost_1,Facebook,Consideration,Mobile,United States,New,2025-01-24,154.91,6719,167,5,358.45
CMP-1010,Facebook_Brand_Reach_4,Facebook,Awareness,Mobile,Canada,Retargeting,2025-01-24,82.24,10172,80,1,81.98
CMP-1012,Facebook_Interest_Boost_6,Facebook,Consideration,Mobile,India,Retargeting,2025-01-24,33.48,8467,129,3,251.66
CMP-1002,GoogleAds_Signup_Push_2,Google Ads,Conversion,Desktop,United States,Returning,2025-01-24,147.38,2794,109,9,932.11
CMP-1005,GoogleAds_Retarget_Convert_5,Google Ads,Conversion,Desktop,India,New,2025-01-24,37.84,4037,77,4,282.81
CMP-1037,Organic_Video_Views_1,Organic,Awareness,Mobile,India,Lookalike,2025-01-24,0.0,6358,110,1,73.14
CMP-1034,TikTok_Interest_Boost_4,TikTok,Consideration,Mobile,India,Retargeting,2025-01-24,15.67,4543,65,2,124.24
CMP-1026,Affiliate_Retarget_Convert_2,Affiliate,Conversion,Mobile,United Kingdom,Returning,2025-01-25,38.43,1371,44,2,224.31
CMP-1027,Affiliate_Product_Explainer_3,Affiliate,Consideration,Mobile,United States,New,2025-01-25,76.82,2302,74,2,225.41
CMP-1020,Email_Signup_Push_2,Email,Conversion,Mobile,United States,New,2025-01-25,4.85,646,83,4,277.67
CMP-1023,Email_Traffic_Push_5,Email,Consideration,Mobile,United Kingdom,New,2025-01-25,15.78,2284,278,15,780.41
CMP-1007,Facebook_Interest_Boost_1,Facebook,Consideration,Mobile,United States,New,2025-01-25,85.18,5517,72,1,98.77
CMP-1010,Facebook_Brand_Reach_4,Facebook,Awareness,Mobile,Canada,Retargeting,2025-01-25,84.14,15008,93,1,54.98
CMP-1012,Facebook_Interest_Boost_6,Facebook,Consideration,Mobile,India,Retargeting,2025-01-25,46.29,5350,101,3,240.24
CMP-1002,GoogleAds_Signup_Push_2,Google Ads,Conversion,Desktop,United States,Returning,2025-01-25,120.74,1697,67,7,655.82
CMP-1005,GoogleAds_Retarget_Convert_5,Google Ads,Conversion,Desktop,India,New,2025-01-25,64.78,2941,121,4,365.72
CMP-1037,Organic_Video_Views_1,Organic,Awareness,Mobile,India,Lookalike,2025-01-25,0.0,4408,85,1,95.77
CMP-1034,TikTok_Interest_Boost_4,TikTok,Consideration,Mobile,India,Retargeting,2025-01-25,11.06,2354,54,1,62.41
CMP-1026,Affiliate_Retarget_Convert_2,Affiliate,Conversion,Mobile,United Kingdom,Returning,2025-01-26,22.04,1283,31,2,174.0
CMP-1027,Affiliate_Product_Explainer_3,Affiliate,Consideration,Mobile,United States,New,2025-01-26,51.64,2132,57,1,106.53
CMP-1020,Email_Signup_Push_2,Email,Conversion,Mobile,United States,New,2025-01-26,14.3,1444,207,13,783.38
CMP-1007,Facebook_Interest_Boost_1,Facebook,Consideration,Mobile,United States,New,2025-01-26,311.33,9672,221,2,152.95
CMP-1010,Facebook_Brand_Reach_4,Facebook,Awareness,Mobile,Canada,Retargeting,2025-01-26,64.23,8622,77,1,49.35
CMP-1012,Facebook_Interest_Boost_6,Facebook,Consideration,Mobile,India,Retargeting,2025-01-26,187.88,11137,360,12,1120.51
CMP-1002,GoogleAds_Signup_Push_2,Google Ads,Conversion,Desktop,United States,Returning,2025-01-26,148.38,3607,95,8,635.01
CMP-1005,GoogleAds_Retarget_Convert_5,Google Ads,Conversion,Desktop,India,New,2025-01-26,49.33,2995,110,8,743.12
CMP-1037,Organic_Video_Views_1,Organic,Awareness,Mobile,India,Lookalike,2025-01-26,0.0,3889,40,0,0.0
CMP-1034,TikTok_Interest_Boost_4,TikTok,Consideration,Mobile,India,Retargeting,2025-01-26,4.1,971,25,1,44.8
CMP-1026,Affiliate_Retarget_Convert_2,Affiliate,Conversion,Mobile,United Kingdom,Returning,2025-01-27,38.61,2886,49,3,290.04
CMP-1027,Affiliate_Product_Explainer_3,Affiliate,Consideration,Mobile,United States,New,2025-01-27,42.07,1851,44,0,0.0
CMP-1020,Email_Signup_Push_2,Email,Conversion,Mobile,United States,New,2025-01-27,5.8,594,77,5,417.33
CMP-1007,Facebook_Interest_Boost_1,Facebook,Consideration,Mobile,United States,New,2025-01-27,108.29,7766,136,4,267.87
CMP-1010,Facebook_Brand_Reach_4,Facebook,Awareness,Mobile,Canada,Retargeting,2025-01-27,109.63,10216,104,1,82.47
CMP-1012,Facebook_Interest_Boost_6,Facebook,Consideration,Mobile,India,Retargeting,2025-01-27,69.05,9105,178,6,406.44
CMP-1002,GoogleAds_Signup_Push_2,Google Ads,Conversion,Desktop,United States,Returning,2025-01-27,234.71,4908,159,20,1555.43
CMP-1005,GoogleAds_Retarget_Convert_5,Google Ads,Conversion,Desktop,India,New,2025-01-27,75.19,4557,169,9,506.67
CMP-1037,Organic_Video_Views_1,Organic,Awareness,Mobile,India,Lookalike,2025-01-27,0.0,7690,138,1,62.1
CMP-1034,TikTok_Interest_Boost_4,TikTok,Consideration,Mobile,India,Retargeting,2025-01-27,80.98,9780,187,3,207.02
CMP-1026,Affiliate_Retarget_Convert_2,Affiliate,Conversion,Mobile,United Kingdom,Returning,2025-01-28,30.73,2012,66,4,250.99
CMP-1027,Affiliate_Product_Explainer_3,Affiliate,Consideration,Mobile,United States,New,2025-01-28,87.38,3086,93,2,168.48
CMP-1020,Email_Signup_Push_2,Email,Conversion,Mobile,United States,New,2025-01-28,17.37,1120,177,12,1039.49
CMP-1007,Facebook_Interest_Boost_1,Facebook,Consideration,Mobile,United States,New,2025-01-28,208.36,8943,176,3,212.25
CMP-1010,Facebook_Brand_Reach_4,Facebook,Awareness,Mobile,Canada,Retargeting,2025-01-28,28.46,6653,32,0,0.0
CMP-1012,Facebook_Interest_Boost_6,Facebook,Consideration,Mobile,India,Retargeting,2025-01-28,61.92,9942,259,5,392.19
CMP-1002,GoogleAds_Signup_Push_2,Google Ads,Conversion,Desktop,United States,Returning,2025-01-28,446.48,5847,293,23,1911.22
CMP-1005,GoogleAds_Retarget_Convert_5,Google Ads,Conversion,Desktop,India,New,2025-01-28,44.25,2450,112,5,384.23
CMP-1037,Organic_Video_Views_1,Organic,Awareness,Mobile,India,Lookalike,2025-01-28,0.0,5189,61,0,0.0
CMP-1034,TikTok_Interest_Boost_4,TikTok,Consideration,Mobile,India,Retargeting,2025-01-28,21.6,5878,104,1,76.59
CMP-1026,Affiliate_Retarget_Convert_2,Affiliate,Conversion,Mobile,United Kingdom,Returning,2025-01-29,44.89,2560,73,3,274.73
CMP-1027,Affiliate_Product_Explainer_3,Affiliate,Consideration,Mobile,United States,New,2025-01-29,30.81,1829,37,1,85.71
CMP-1020,Email_Signup_Push_2,Email,Conversion,Mobile,United States,New,2025-01-29,9.28,1282,138,9,764.01
CMP-1007,Facebook_Interest_Boost_1,Facebook,Consideration,Mobile,United States,New,2025-01-29,158.46,7581,154,3,280.35
CMP-1010,Facebook_Brand_Reach_4,Facebook,Awareness,Mobile,Canada,Retargeting,2025-01-29,48.11,9309,63,1,50.07
CMP-1012,Facebook_Interest_Boost_6,Facebook,Consideration,Mobile,India,Retargeting,2025-01-29,90.65,8924,214,9,699.74
CMP-1002,GoogleAds_Signup_Push_2,Google Ads,Conversion,Desktop,United States,Returning,2025-01-29,187.08,4459,116,9,908.87
CMP-1005,GoogleAds_Retarget_Convert_5,Google Ads,Conversion,Desktop,India,New,2025-01-29,52.5,5035,95,5,493.72
CMP-1037,Organic_Video_Views_1,Organic,Awareness,Mobile,India,Lookalike,2025-01-29,0.0,3592,37,0,0.0
CMP-1034,TikTok_Interest_Boost_4,TikTok,Consideration,Mobile,India,Retargeting,2025-01-29,19.76,5228,107,1,61.37
CMP-1026,Affiliate_Retarget_Convert_2,Affiliate,Conversion,Mobile,United Kingdom,Returning,2025-01-30,32.84,2700,41,2,137.1
CMP-1027,Affiliate_Product_Explainer_3,Affiliate,Consideration,Mobile,United States,New,2025-01-30,40.59,2614,51,1,87.25
CMP-1020,Email_Signup_Push_2,Email,Conversion,Mobile,United States,New,2025-01-30,13.54,1375,164,10,630.05
CMP-1010,Facebook_Brand_Reach_4,Facebook,Awareness,Mobile,Canada,Retargeting,2025-01-30,38.58,6266,62,1,85.59
CMP-1012,Facebook_Interest_Boost_6,Facebook,Consideration,Mobile,India,Retargeting,2025-01-30,70.4,11039,219,10,741.7
CMP-1002,GoogleAds_Signup_Push_2,Google Ads,Conversion,Desktop,United States,Returning,2025-01-30,104.86,3497,61,7,533.22
CMP-1005,GoogleAds_Retarget_Convert_5,Google Ads,Conversion,Desktop,India,New,2025-01-30,24.93,2386,44,4,393.64
CMP-1037,Organic_Video_Views_1,Organic,Awareness,Mobile,India,Lookalike,2025-01-30,0.0,7771,127,1,76.97
CMP-1034,TikTok_Interest_Boost_4,TikTok,Consideration,Mobile,India,Retargeting,2025-01-30,40.62,5464,141,2,103.59
CMP-1026,Affiliate_Retarget_Convert_2,Affiliate,Conversion,Mobile,United Kingdom,Returning,2025-01-31,20.91,1727,41,2,168.09
CMP-1027,Affiliate_Product_Explainer_3,Affiliate,Consideration,Mobile,United States,New,2025-01-31,39.84,2243,48,1,72.04
CMP-1020,Email_Signup_Push_2,Email,Conversion,Mobile,United States,New,2025-01-31,8.89,1064,158,10,563.26
CMP-1010,Facebook_Brand_Reach_4,Facebook,Awareness,Mobile,Canada,Retargeting,2025-01-31,99.58,13755,121,4,431.06
CMP-1012,Facebook_Interest_Boost_6,Facebook,Consideration,Mobile,India,Retargeting,2025-01-31,25.33,5759,75,3,217.58
CMP-1002,GoogleAds_Signup_Push_2,Google Ads,Conversion,Desktop,United States,Returning,2025-01-31,74.39,2932,58,3,297.74
CMP-1005,GoogleAds_Retarget_Convert_5,Google Ads,Conversion,Desktop,India,New,2025-01-31,67.29,3182,125,9,656.06
CMP-1037,Organic_Video_Views_1,Organic,Awareness,Mobile,India,Lookalike,2025-01-31,0.0,7134,116,0,0.0
CMP-1034,TikTok_Interest_Boost_4,TikTok,Consideration,Mobile,India,Retargeting,2025-01-31,7.49,2614,47,1,56.31
CMP-1026,Affiliate_Retarget_Convert_2,Affiliate,Conversion,Mobile,United Kingdom,Returning,2025-02-01,70.44,1961,92,4,525.43
CMP-1027,Affiliate_Product_Explainer_3,Affiliate,Consideration,Mobile,United States,New,2025-02-01,49.12,3506,57,74,99.33
CMP-1020,Email_Signup_Push_2,Email,Conversion,Mobile,United States,New,2025-02-01,4.71,632,105,5,418.15
CMP-1010,Facebook_Brand_Reach_4,Facebook,Awareness,Mobile,Canada,Retargeting,2025-02-01,207.33,18623,205,3,292.53
CMP-1012,Facebook_Interest_Boost_6,Facebook,Consideration,Mobile,India,Retargeting,2025-02-01,19.54,1991,46,1,79.02
CMP-1002,GoogleAds_Signup_Push_2,Google Ads,Conversion,Desktop,United States,Returning,2025-02-01,166.54,3521,131,14,1000.11
CMP-1005,GoogleAds_Retarget_Convert_5,Google Ads,Conversion,Desktop,India,New,2025-02-01,119.66,5385,198,12,1135.49
CMP-1037,Organic_Video_Views_1,Organic,Awareness,Mobile,India,Lookalike,2025-02-01,0.0,5593,87,1,70.95
CMP-1034,TikTok_Interest_Boost_4,TikTok,Consideration,Mobile,India,Retargeting,2025-02-01,9.78,3308,48,1,53.61
CMP-1026,Affiliate_Retarget_Convert_2,Affiliate,Conversion,Mobile,United Kingdom,Returning,2025-02-02,33.02,1777,45,1,89.64
CMP-1027,Affiliate_Product_Explainer_3,Affiliate,Consideration,Mobile,United States,New,2025-02-02,30.5,2319,49,0,0.0
CMP-1020,Email_Signup_Push_2,Email,Conversion,Mobile,United States,New,2025-02-02,5.15,936,82,8,597.26
CMP-1010,Facebook_Brand_Reach_4,Facebook,Awareness,Mobile,Canada,Retargeting,2025-02-02,77.57,9504,62,1,74.39
CMP-1012,Facebook_Interest_Boost_6,Facebook,Consideration,Mobile,India,Retargeting,2025-02-02,24.38,5797,61,2,156.97
CMP-1002,GoogleAds_Signup_Push_2,Google Ads,Conversion,Desktop,United States,Returning,2025-02-02,220.24,3218,119,12,1063.45
CMP-1005,GoogleAds_Retarget_Convert_5,Google Ads,Conversion,Desktop,India,New,2025-02-02,93.0,4609,177,13,1416.1
CMP-1037,Organic_Video_Views_1,Organic,Awareness,Mobile,India,Lookalike,2025-02-02,0.0,4443,81,1,89.25
CMP-1034,TikTok_Interest_Boost_4,TikTok,Consideration,Mobile,India,Retargeting,2025-02-02,67.09,7115,199,5,271.18
CMP-1026,Affiliate_Retarget_Convert_2,Affiliate,Conversion,Mobile,United Kingdom,Returning,2025-02-03,18.1,1323,27,1,71.78
CMP-1027,Affiliate_Product_Explainer_3,Affiliate,Consideration,Mobile,United States,New,2025-02-03,43.91,3331,51,1,84.31
CMP-1020,Email_Signup_Push_2,Email,Conversion,Mobile,United States,New,2025-02-03,8.22,1057,179,11,792.24
CMP-1010,Facebook_Brand_Reach_4,Facebook,Awareness,Mobile,Canada,Retargeting,2025-02-03,68.57,6400,76,2,156.25
CMP-1012,Facebook_Interest_Boost_6,Facebook,Consideration,Mobile,India,Retargeting,2025-02-03,76.9,8450,220,6,379.68
CMP-1002,GoogleAds_Signup_Push_2,Google Ads,Conversion,Desktop,United States,Returning,2025-02-03,144.12,2800,100,9,844.34
CMP-1005,GoogleAds_Retarget_Convert_5,Google Ads,Conversion,Desktop,India,New,2025-02-03,71.86,4006,130,6,629.21
CMP-1037,Organic_Video_Views_1,Organic,Awareness,Mobile,India,Lookalike,2025-02-03,0.0,6218,117,1,105.21
CMP-1034,TikTok_Interest_Boost_4,TikTok,Consideration,Mobile,India,Retargeting,2025-02-03,43.09,6097,143,3,194.29
CMP-1026,Affiliate_Retarget_Convert_2,Affiliate,Conversion,Mobile,United Kingdom,Returning,2025-02-04,19.96,1850,34,2,182.48
CMP-1027,Affiliate_Product_Explainer_3,Affiliate,Consideration,Mobile,United States,New,2025-02-04,46.0,1663,47,1,65.55
CMP-1020,Email_Signup_Push_2,Email,Conversion,Mobile,United States,New,2025-02-04,9.55,1049,141,11,662.69
CMP-1010,Facebook_Brand_Reach_4,Facebook,Awareness,Mobile,Canada,Retargeting,2025-02-04,74.88,14613,97,2,180.93
CMP-1012,Facebook_Interest_Boost_6,Facebook,Consideration,Mobile,India,Retargeting,2025-02-04,49.1,7636,145,5,446.29
CMP-1002,GoogleAds_Signup_Push_2,Google Ads,Conversion,Desktop,United States,Returning,2025-02-04,343.97,6119,294,41,5432.15
CMP-1005,GoogleAds_Retarget_Convert_5,Google Ads,Conversion,Desktop,India,New,2025-02-04,67.56,2881,124,8,723.38
CMP-1037,Organic_Video_Views_1,Organic,Awareness,Mobile,India,Lookalike,2025-02-04,0.0,8345,176,2,98.34
CMP-1034,TikTok_Interest_Boost_4,TikTok,Consideration,Mobile,India,Retargeting,2025-02-04,24.64,3727,101,3,182.75
CMP-1026,Affiliate_Retarget_Convert_2,Affiliate,Conversion,Mobile,United Kingdom,Returning,2025-02-05,42.19,2268,85,3,231.27
CMP-1027,Affiliate_Product_Explainer_3,Affiliate,Consideration,Mobile,United States,New,2025-02-05,56.02,3110,79,2,171.91
CMP-1020,Email_Signup_Push_2,Email,Conversion,Mobile,United States,New,2025-02-05,8.72,1615,153,9,658.89
CMP-1010,Facebook_Brand_Reach_4,Facebook,Awareness,Mobile,Canada,Retargeting,2025-02-05,96.0,9407,136,3,281.26
CMP-1012,Facebook_Interest_Boost_6,Facebook,Consideration,Mobile,India,Retargeting,2025-02-05,14.47,7884,37,2,128.58
CMP-1002,GoogleAds_Signup_Push_2,Google Ads,Conversion,Desktop,United States,Returning,2025-02-05,118.74,5834,71,6,415.15
CMP-1005,GoogleAds_Retarget_Convert_5,Google Ads,Conversion,Desktop,India,New,2025-02-05,76.9,3327,151,10,842.5
CMP-1037,Organic_Video_Views_1,Organic,Awareness,Mobile,India,Lookalike,2025-02-05,0.0,3816,41,0,0.0
CMP-1034,TikTok_Interest_Boost_4,TikTok,Consideration,Mobile,India,Retargeting,2025-02-05,20.61,2955,76,1,68.48
CMP-1026,Affiliate_Retarget_Convert_2,Affiliate,Conversion,Mobile,United Kingdom,Returning,2025-02-06,45.63,1680,52,3,210.9
CMP-1027,Affiliate_Product_Explainer_3,Affiliate,Consideration,Mobile,United States,New,2025-02-06,42.2,1997,61,1,56.03
CMP-1020,Email_Signup_Push_2,Email,Conversion,Mobile,United States,New,2025-02-06,2.55,906,62,4,218.86
CMP-1010,Facebook_Brand_Reach_4,Facebook,Awareness,Mobile,Canada,Retargeting,2025-02-06,80.31,15891,82,2,146.35
CMP-1012,Facebook_Interest_Boost_6,Facebook,Consideration,Mobile,India,Retargeting,2025-02-06,57.84,9975,163,6,449.62
CMP-1002,GoogleAds_Signup_Push_2,Google Ads,Conversion,Desktop,United States,Returning,2025-02-06,348.94,5131,208,31,3607.67
CMP-1005,GoogleAds_Retarget_Convert_5,Google Ads,Conversion,Desktop,India,New,2025-02-06,77.04,3979,164,9,734.2
CMP-1037,Organic_Video_Views_1,Organic,Awareness,Mobile,India,Lookalike,2025-02-06,0.0,3898,83,1,82.93
CMP-1034,TikTok_Interest_Boost_4,TikTok,Consideration,Mobile,India,Retargeting,2025-02-06,33.86,4141,141,3,185.62
CMP-1026,Affiliate_Retarget_Convert_2,Affiliate,Conversion,Mobile,United Kingdom,Returning,2025-02-07,44.62,1774,62,4,468.71
CMP-1027,Affiliate_Product_Explainer_3,Affiliate,Consideration,Mobile,United States,New,2025-02-07,26.23,2645,32,0,0.0
CMP-1020,Email_Signup_Push_2,Email,Conversion,Mobile,United States,New,2025-02-07,13.09,1398,144,8,606.09
CMP-1010,Facebook_Brand_Reach_4,Facebook,Awareness,Mobile,Canada,Retargeting,2025-02-07,46.09,10831,75,2,156.96
CMP-1012,Facebook_Interest_Boost_6,Facebook,Consideration,Mobile,India,Retargeting,2025-02-07,52.91,8097,172,4,295.42
CMP-1002,GoogleAds_Signup_Push_2,Google Ads,Conversion,Desktop,United States,Returning,2025-02-07,168.6,2902,148,13,1228.26
CMP-1005,GoogleAds_Retarget_Convert_5,Google Ads,Conversion,Desktop,India,New,2025-02-07,97.48,3941,136,9,897.72
CMP-1037,Organic_Video_Views_1,Organic,Awareness,Mobile,India,Lookalike,2025-02-07,0.0,5396,122,1,88.36
CMP-1034,TikTok_Interest_Boost_4,TikTok,Consideration,Mobile,India,Retargeting,2025-02-07,32.96,4474,124,3,146.94
CMP-1026,Affiliate_Retarget_Convert_2,Affiliate,Conversion,Mobile,United Kingdom,Returning,2025-02-08,30.58,1670,45,1,101.32
CMP-1027,Affiliate_Product_Explainer_3,Affiliate,Consideration,Mobile,United States,New,2025-02-08,93.04,4358,146,4,305.54
CMP-1020,Email_Signup_Push_2,Email,Conversion,Mobile,United States,New,2025-02-08,10.06,1216,167,7,594.14
CMP-1010,Facebook_Brand_Reach_4,Facebook,Awareness,Mobile,Canada,Retargeting,2025-02-08,94.98,8740,97,2,164.44
CMP-1012,Facebook_Interest_Boost_6,Facebook,Consideration,Mobile,India,Retargeting,2025-02-08,48.61,8038,135,5,415.14
CMP-1002,GoogleAds_Signup_Push_2,Google Ads,Conversion,Desktop,United States,Returning,2025-02-08,185.66,4344,115,7,691.66
CMP-1005,GoogleAds_Retarget_Convert_5,Google Ads,Conversion,Desktop,India,New,2025-02-08,28.61,3421,60,3,285.69
CMP-1037,Organic_Video_Views_1,Organic,Awareness,Mobile,India,Lookalike,2025-02-08,0.0,5722,80,1,73.72
CMP-1034,TikTok_Interest_Boost_4,TikTok,Consideration,Mobile,India,Retargeting,2025-02-08,27.54,7574,126,4,211.09
CMP-1026,Affiliate_Retarget_Convert_2,Affiliate,Conversion,Mobile,United Kingdom,Returning,2025-02-09,54.68,2784,95,6,541.72
CMP-1027,Affiliate_Product_Explainer_3,Affiliate,Consideration,Mobile,United States,New,2025-02-09,22.75,3399,43,0,0.0
CMP-1020,Email_Signup_Push_2,Email,Conversion,Mobile,United States,New,2025-02-09,8.99,1451,198,12,1055.57
CMP-1010,Facebook_Brand_Reach_4,Facebook,Awareness,Mobile,Canada,Retargeting,2025-02-09,148.09,10047,145,3,257.33
CMP-1012,Facebook_Interest_Boost_6,Facebook,Consideration,Mobile,India,Retargeting,2025-02-09,42.97,4909,106,2,96.5
CMP-1002,GoogleAds_Signup_Push_2,Google Ads,Conversion,Desktop,United States,Returning,2025-02-09,241.65,4134,138,14,1315.44
CMP-1005,GoogleAds_Retarget_Convert_5,Google Ads,Conversion,Desktop,India,New,2025-02-09,70.01,3480,153,11,1126.65
CMP-1037,Organic_Video_Views_1,Organic,Awareness,Mobile,India,Lookalike,2025-02-09,0.0,5045,45,0,0.0
CMP-1034,TikTok_Interest_Boost_4,TikTok,Consideration,Mobile,India,Retargeting,2025-02-09,23.08,4218,100,2,104.25
CMP-1026,Affiliate_Retarget_Convert_2,Affiliate,Conversion,Mobile,United Kingdom,Returning,2025-02-10,12.12,957,19,0,0.0
CMP-1027,Affiliate_Product_Explainer_3,Affiliate,Consideration,Mobile,United States,New,2025-02-10,39.92,2893,43,1,113.76
CMP-1020,Email_Signup_Push_2,Email,Conversion,Mobile,United States,New,2025-02-10,15.29,1257,192,11,843.4
CMP-1010,Facebook_Brand_Reach_4,Facebook,Awareness,Mobile,Canada,Retargeting,2025-02-10,146.1,14158,152,2,152.26
CMP-1012,Facebook_Interest_Boost_6,Facebook,Consideration,Mobile,India,Retargeting,2025-02-10,26.3,5143,71,2,181.02
CMP-1002,GoogleAds_Signup_Push_2,Google Ads,Conversion,Desktop,United States,Returning,2025-02-10,216.62,4379,131,9,894.28
CMP-1005,GoogleAds_Retarget_Convert_5,Google Ads,Conversion,Desktop,India,New,2025-02-10,97.95,3668,176,13,1224.39
CMP-1037,Organic_Video_Views_1,Organic,Awareness,Mobile,India,Lookalike,2025-02-10,0.0,7429,75,1,82.77
CMP-1034,TikTok_Interest_Boost_4,TikTok,Consideration,Mobile,India,Retargeting,2025-02-10,12.13,3017,53,1,56.05
CMP-1026,Affiliate_Retarget_Convert_2,Affiliate,Conversion,Mobile,United Kingdom,Returning,2025-02-11,38.66,2222,59,2,160.49
CMP-1027,Affiliate_Product_Explainer_3,Affiliate,Consideration,Mobile,United States,New,2025-02-11,69.62,5666,104,2,187.5
CMP-1020,Email_Signup_Push_2,Email,Conversion,Mobile,United States,New,2025-02-11,11.24,1557,195,16,817.34
CMP-1010,Facebook_Brand_Reach_4,Facebook,Awareness,Mobile,Canada,Retargeting,2025-02-11,108.1,11006,126,2,152.63
CMP-1012,Facebook_Interest_Boost_6,Facebook,Consideration,Mobile,India,Retargeting,2025-02-11,34.74,10562,121,3,205.49
CMP-1002,GoogleAds_Signup_Push_2,Google Ads,Conversion,Desktop,United States,Returning,2025-02-11,258.47,5254,150,12,1073.46
CMP-1005,GoogleAds_Retarget_Convert_5,Google Ads,Conversion,Desktop,India,New,2025-02-11,54.02,2338,100,1,105.56
CMP-1037,Organic_Video_Views_1,Organic,Awareness,Mobile,India,Lookalike,2025-02-11,0.0,8142,111,1,64.89
CMP-1034,TikTok_Interest_Boost_4,TikTok,Consideration,Mobile,India,Retargeting,2025-02-11,19.89,4902,90,1,76.74
CMP-1026,Affiliate_Retarget_Convert_2,Affiliate,Conversion,Mobile,United Kingdom,Returning,2025-02-12,-33.7,1813,49,4,434.4
CMP-1027,Affiliate_Product_Explainer_3,Affiliate,Consideration,Mobile,United States,New,2025-02-12,49.95,2237,67,1,107.16
CMP-1020,Email_Signup_Push_2,Email,Conversion,Mobile,United States,New,2025-02-12,11.51,1244,140,6,422.49
CMP-1010,Facebook_Brand_Reach_4,Facebook,Awareness,Mobile,Canada,Retargeting,2025-02-12,99.13,10144,101,2,194.75
CMP-1012,Facebook_Interest_Boost_6,Facebook,Consideration,Mobile,India,Retargeting,2025-02-12,59.75,7535,133,4,380.51
CMP-1002,GoogleAds_Signup_Push_2,Google Ads,Conversion,Desktop,United States,Returning,2025-02-12,181.87,4588,155,17,1973.34
CMP-1005,GoogleAds_Retarget_Convert_5,Google Ads,Conversion,Desktop,India,New,2025-02-12,37.54,3340,96,8,748.53
CMP-1037,Organic_Video_Views_1,Organic,Awareness,Mobile,India,Lookalike,2025-02-12,0.0,6846,159,1,68.4
CMP-1034,TikTok_Interest_Boost_4,TikTok,Consideration,Mobile,India,Retargeting,2025-02-12,23.15,5441,68,1,78.41
CMP-1026,Affiliate_Retarget_Convert_2,Affiliate,Conversion,Mobile,United Kingdom,Returning,2025-02-13,41.09,1603,56,2,179.38
CMP-1027,Affiliate_Product_Explainer_3,Affiliate,Consideration,Mobile,United States,New,2025-02-13,59.86,3971,93,2,189.74
CMP-1020,Email_Signup_Push_2,Email,Conversion,Mobile,United States,New,2025-02-13,10.66,1441,185,10,941.9
CMP-1010,Facebook_Brand_Reach_4,Facebook,Awareness,Mobile,Canada,Retargeting,2025-02-13,72.63,11097,79,1,94.98
CMP-1012,Facebook_Interest_Boost_6,Facebook,Consideration,Mobile,India,Retargeting,2025-02-13,21.94,6087,111,5,356.43
CMP-1002,GoogleAds_Signup_Push_2,Google Ads,Conversion,Desktop,United States,Returning,2025-02-13,385.84,4702,235,26,2195.46
CMP-1037,Organic_Video_Views_1,Organic,Awareness,Mobile,India,Lookalike,2025-02-13,0.0,7297,113,1,97.06
CMP-1034,TikTok_Interest_Boost_4,TikTok,Consideration,Mobile,India,Retargeting,2025-02-13,17.71,2866,55,2,133.47
CMP-1026,Affiliate_Retarget_Convert_2,Affiliate,Conversion,Mobile,United Kingdom,Returning,2025-02-14,25.7,1799,49,2,75.67
CMP-1027,Affiliate_Product_Explainer_3,Affiliate,Consideration,Mobile,United States,New,2025-02-14,33.23,1723,35,1,102.21
CMP-1020,Email_Signup_Push_2,Email,Conversion,Mobile,United States,New,2025-02-14,6.8,812,113,6,344.21
CMP-1010,Facebook_Brand_Reach_4,Facebook,Awareness,Mobile,Canada,Retargeting,2025-02-14,50.82,7663,66,1,84.7
CMP-1012,Facebook_Interest_Boost_6,Facebook,Consideration,Mobile,India,Retargeting,2025-02-14,34.88,6091,99,4,309.26
CMP-1002,GoogleAds_Signup_Push_2,Google Ads,Conversion,Desktop,United States,Returning,2025-02-14,363.29,4590,247,20,2215.0
CMP-1037,Organic_Video_Views_1,Organic,Awareness,Mobile,India,Lookalike,2025-02-14,0.0,6835,89,1,57.65
CMP-1034,TikTok_Interest_Boost_4,TikTok,Consideration,Mobile,India,Retargeting,2025-02-14,28.58,5670,138,1,59.24
CMP-1026,Affiliate_Retarget_Convert_2,Affiliate,Conversion,Mobile,United Kingdom,Returning,2025-02-15,18.92,2080,44,3,366.12
CMP-1027,Affiliate_Product_Explainer_3,Affiliate,Consideration,Mobile,United States,New,2025-02-15,37.87,2517,43,1,113.41
CMP-1020,Email_Signup_Push_2,Email,Conversion,Mobile,United States,New,2025-02-15,4.11,398,57,5,336.38
CMP-1010,Facebook_Brand_Reach_4,Facebook,Awareness,Mobile,Canada,Retargeting,2025-02-15,91.16,11703,77,2,204.27
CMP-1012,Facebook_Interest_Boost_6,Facebook,Consideration,Mobile,India,Retargeting,2025-02-15,44.62,5432,131,6,629.22
CMP-1002,GoogleAds_Signup_Push_2,Google Ads,Conversion,Desktop,United States,Returning,2025-02-15,184.88,3842,130,16,1301.27
CMP-1037,Organic_Video_Views_1,Organic,Awareness,Mobile,India,Lookalike,2025-02-15,0.0,5774,74,1,86.35
CMP-1034,TikTok_Interest_Boost_4,TikTok,Consideration,Mobile,India,Retargeting,2025-02-15,24.62,6313,130,4,175.14
CMP-1026,Affiliate_Retarget_Convert_2,Affiliate,Conversion,Mobile,United Kingdom,Returning,2025-02-16,34.78,2108,54,1,87.8
CMP-1027,Affiliate_Product_Explainer_3,Affiliate,Consideration,Mobile,United States,New,2025-02-16,16.18,1689,23,0,0.0
CMP-1020,Email_Signup_Push_2,Email,Conversion,Mobile,United States,New,2025-02-16,11.55,1280,153,8,682.41
CMP-1010,Facebook_Brand_Reach_4,Facebook,Awareness,Mobile,Canada,Retargeting,2025-02-16,29.3,5414,35,1,72.57
CMP-1012,Facebook_Interest_Boost_6,Facebook,Consideration,Mobile,India,Retargeting,2025-02-16,28.65,5324,73,2,148.21
CMP-1002,GoogleAds_Signup_Push_2,Google Ads,Conversion,Desktop,United States,Returning,2025-02-16,171.6,1771,96,12,1092.03
CMP-1037,Organic_Video_Views_1,Organic,Awareness,Mobile,India,Lookalike,2025-02-16,0.0,3897,40,0,0.0
CMP-1034,TikTok_Interest_Boost_4,TikTok,Consideration,Mobile,India,Retargeting,2025-02-16,17.64,4708,68,2,120.59
CMP-1026,Affiliate_Retarget_Convert_2,Affiliate,Conversion,Mobile,United Kingdom,Returning,2025-02-17,10.96,2051,28,1,90.25
CMP-1027,Affiliate_Product_Explainer_3,Affiliate,Consideration,Mobile,United States,New,2025-02-17,51.28,3214,93,2,145.61
CMP-1020,Email_Signup_Push_2,Email,Conversion,Mobile,United States,New,2025-02-17,17.83,1440,229,17,1284.41
CMP-1010,Facebook_Brand_Reach_4,Facebook,Awareness,Mobile,Canada,Retargeting,2025-02-17,114.66,10312,113,2,201.57
CMP-1012,Facebook_Interest_Boost_6,Facebook,Consideration,Mobile,India,Retargeting,2025-02-17,39.1,4767,93,3,286.18
CMP-1002,GoogleAds_Signup_Push_2,Google Ads,Conversion,Desktop,United States,Returning,2025-02-17,288.88,3991,148,20,1484.97
CMP-1037,Organic_Video_Views_1,Organic,Awareness,Mobile,India,Lookalike,2025-02-17,0.0,4755,89,0,0.0
CMP-1034,TikTok_Interest_Boost_4,TikTok,Consideration,Mobile,India,Retargeting,2025-02-17,18.28,3672,44,1,49.75
CMP-1026,Affiliate_Retarget_Convert_2,Affiliate,Conversion,Mobile,United Kingdom,Returning,2025-02-18,14.11,2542,24,1,101.63
CMP-1027,Affiliate_Product_Explainer_3,Affiliate,Consideration,Mobile,United States,New,2025-02-18,56.28,3047,82,1,95.23
CMP-1020,Email_Signup_Push_2,Email,Conversion,Mobile,United States,New,2025-02-18,11.93,1455,180,14,1377.0
CMP-1010,Facebook_Brand_Reach_4,Facebook,Awareness,Mobile,Canada,Retargeting,2025-02-18,49.11,14163,96,1,85.62
CMP-1012,Facebook_Interest_Boost_6,Facebook,Consideration,Mobile,India,Retargeting,2025-02-18,36.23,4332,79,3,235.64
CMP-1002,GoogleAds_Signup_Push_2,Google Ads,Conversion,Desktop,United States,Returning,2025-02-18,356.47,3297,175,19,1891.17
CMP-1037,Organic_Video_Views_1,Organic,Awareness,Mobile,India,Lookalike,2025-02-18,0.0,4239,64,0,0.0
CMP-1034,TikTok_Interest_Boost_4,TikTok,Consideration,Mobile,India,Retargeting,2025-02-18,27.89,4119,139,2,150.05
CMP-1026,Affiliate_Retarget_Convert_2,Affiliate,Conversion,Mobile,United Kingdom,Returning,2025-02-19,46.1,2637,82,6,552.72
CMP-1027,Affiliate_Product_Explainer_3,Affiliate,Consideration,Mobile,United States,New,2025-02-19,69.29,2744,83,2,169.89
CMP-1020,Email_Signup_Push_2,Email,Conversion,Mobile,United States,New,2025-02-19,9.93,1129,133,8,472.24
CMP-1010,Facebook_Brand_Reach_4,Facebook,Awareness,Mobile,Canada,Retargeting,2025-02-19,149.82,12703,137,3,371.78
CMP-1012,Facebook_Interest_Boost_6,Facebook,Consideration,Mobile,India,Retargeting,2025-02-19,23.74,6943,71,2,167.66
CMP-1002,GoogleAds_Signup_Push_2,Google Ads,Conversion,Desktop,United States,Returning,2025-02-19,171.67,2514,90,12,1391.18
CMP-1037,Organic_Video_Views_1,Organic,Awareness,Mobile,India,Lookalike,2025-02-19,0.0,6162,145,1,66.26
CMP-1034,TikTok_Interest_Boost_4,TikTok,Consideration,Mobile,India,Retargeting,2025-02-19,13.21,2235,51,2,82.46
CMP-1026,Affiliate_Retarget_Convert_2,Affiliate,Conversion,Mobile,United Kingdom,Returning,2025-02-20,37.82,2392,54,2,192.86
CMP-1027,Affiliate_Product_Explainer_3,Affiliate,Consideration,Mobile,United States,New,2025-02-20,73.44,3910,95,2,176.74
CMP-1020,Email_Signup_Push_2,Email,Conversion,Mobile,United States,New,2025-02-20,17.37,1784,224,10,558.85
CMP-1010,Facebook_Brand_Reach_4,Facebook,Awareness,Mobile,Canada,Retargeting,2025-02-20,96.65,13622,86,1,61.26
CMP-1012,Facebook_Interest_Boost_6,Facebook,Consideration,Mobile,India,Retargeting,2025-02-20,29.55,6147,70,2,157.96
CMP-1002,GoogleAds_Signup_Push_2,Google Ads,Conversion,Desktop,United States,Returning,2025-02-20,330.46,5722,217,10,907.19
CMP-1037,Organic_Video_Views_1,Organic,Awareness,Mobile,India,Lookalike,2025-02-20,0.0,6772,121,1,63.73
CMP-1034,TikTok_Interest_Boost_4,TikTok,Consideration,Mobile,India,Retargeting,2025-02-20,21.25,4777,77,2,124.03
CMP-1026,Affiliate_Retarget_Convert_2,Affiliate,Conversion,Mobile,United Kingdom,Returning,2025-02-21,35.34,1654,39,2,157.03
CMP-1027,Affiliate_Product_Explainer_3,Affiliate,Consideration,Mobile,United States,New,2025-02-21,12.16,2527,16,0,0.0
CMP-1020,Email_Signup_Push_2,Email,Conversion,Mobile,United States,New,2025-02-21,13.13,1151,187,8,663.87
CMP-1010,Facebook_Brand_Reach_4,Facebook,Awareness,Mobile,Canada,Retargeting,2025-02-21,110.36,11525,123,3,204.96
CMP-1012,Facebook_Interest_Boost_6,Facebook,Consideration,Mobile,India,Retargeting,2025-02-21,68.06,9548,172,7,629.33
CMP-1037,Organic_Video_Views_1,Organic,Awareness,Mobile,India,Lookalike,2025-02-21,0.0,4081,76,1,77.31
CMP-1034,TikTok_Interest_Boost_4,TikTok,Consideration,Mobile,India,Retargeting,2025-02-21,34.41,5518,131,3,146.62
CMP-1026,Affiliate_Retarget_Convert_2,Affiliate,Conversion,Mobile,United Kingdom,Returning,2025-02-22,22.58,1996,62,2,132.37
CMP-1027,Affiliate_Product_Explainer_3,Affiliate,Consideration,Mobile,United States,New,2025-02-22,33.4,2945,43,1,75.88
CMP-1020,Email_Signup_Push_2,Email,Conversion,Mobile,United States,New,2025-02-22,11.41,1293,174,14,747.07
CMP-1010,Facebook_Brand_Reach_4,Facebook,Awareness,Mobile,Canada,Retargeting,2025-02-22,116.68,13929,119,2,167.76
CMP-1012,Facebook_Interest_Boost_6,Facebook,Consideration,Mobile,India,Retargeting,2025-02-22,53.13,7128,199,7,478.63
CMP-1037,Organic_Video_Views_1,Organic,Awareness,Mobile,India,Lookalike,2025-02-22,0.0,5865,85,1,68.93
CMP-1034,TikTok_Interest_Boost_4,TikTok,Consideration,Mobile,India,Retargeting,2025-02-22,25.82,3155,108,2,115.8
CMP-1026,Affiliate_Retarget_Convert_2,Affiliate,Conversion,Mobile,United Kingdom,Returning,2025-02-23,66.24,1998,70,2,178.58
CMP-1027,Affiliate_Product_Explainer_3,Affiliate,Consideration,Mobile,United States,New,2025-02-23,70.96,3315,82,1,109.8
CMP-1020,Email_Signup_Push_2,Email,Conversion,Mobile,United States,New,2025-02-23,7.87,1344,164,7,459.14
CMP-1010,Facebook_Brand_Reach_4,Facebook,Awareness,Mobile,Canada,Retargeting,2025-02-23,178.44,13223,182,5,417.89
CMP-1012,Facebook_Interest_Boost_6,Facebook,Consideration,Mobile,India,Retargeting,2025-02-23,75.6,7078,148,6,385.1
CMP-1037,Organic_Video_Views_1,Organic,Awareness,Mobile,India,Lookalike,2025-02-23,0.0,4500,50,0,0.0
CMP-1034,TikTok_Interest_Boost_4,TikTok,Consideration,Mobile,India,Retargeting,2025-02-23,63.68,7410,183,3,194.86
CMP-1026,Affiliate_Retarget_Convert_2,Affiliate,Conversion,Mobile,United Kingdom,Returning,2025-02-24,26.41,1508,44,3,320.71
CMP-1027,Affiliate_Product_Explainer_3,Affiliate,Consideration,Mobile,United States,New,2025-02-24,25.75,1764,35,1,68.17
CMP-1020,Email_Signup_Push_2,Email,Conversion,Mobile,United States,New,2025-02-24,22.37,1859,296,21,1411.13
CMP-1010,Facebook_Brand_Reach_4,Facebook,Awareness,Mobile,Canada,Retargeting,2025-02-24,112.36,13161,142,3,316.14
CMP-1012,Facebook_Interest_Boost_6,Facebook,Consideration,Mobile,India,Retargeting,2025-02-24,15.7,5847,55,3,207.1
CMP-1037,Organic_Video_Views_1,Organic,Awareness,Mobile,India,Lookalike,2025-02-24,0.0,4689,56,0,0.0
CMP-1034,TikTok_Interest_Boost_4,TikTok,Consideration,Mobile,India,Retargeting,2025-02-24,8.12,6320,27,1,68.67
CMP-1026,Affiliate_Retarget_Convert_2,Affiliate,Conversion,Mobile,United Kingdom,Returning,2025-02-25,28.58,1100,42,2,150.18
CMP-1027,Affiliate_Product_Explainer_3,Affiliate,Consideration,Mobile,United States,New,2025-02-25,35.88,2376,44,1,95.5
CMP-1020,Email_Signup_Push_2,Email,Conversion,Mobile,United States,New,2025-02-25,15.25,1197,224,15,1210.21
CMP-1010,Facebook_Brand_Reach_4,Facebook,Awareness,Mobile,Canada,Retargeting,2025-02-25,190.84,14701,195,3,205.85
CMP-1012,Facebook_Interest_Boost_6,Facebook,Consideration,Mobile,India,Retargeting,2025-02-25,6.98,7091,17,1,79.4
CMP-1037,Organic_Video_Views_1,Organic,Awareness,Mobile,India,Lookalike,2025-02-25,0.0,5399,55,1,83.38
CMP-1034,TikTok_Interest_Boost_4,TikTok,Consideration,Mobile,India,Retargeting,2025-02-25,24.2,2012,74,1,57.37
CMP-1026,Affiliate_Retarget_Convert_2,Affiliate,Conversion,Mobile,United Kingdom,Returning,2025-02-26,10.93,854,25,1,73.86
CMP-1027,Affiliate_Product_Explainer_3,Affiliate,Consideration,Mobile,United States,New,2025-02-26,27.38,3045,47,1,93.02
CMP-1020,Email_Signup_Push_2,Email,Conversion,Mobile,United States,New,2025-02-26,9.6,1088,155,11,830.71
CMP-1010,Facebook_Brand_Reach_4,Facebook,Awareness,Mobile,Canada,Retargeting,2025-02-26,84.93,14135,111,1,90.71
CMP-1012,Facebook_Interest_Boost_6,Facebook,Consideration,Mobile,India,Retargeting,2025-02-26,71.54,8055,175,9,674.1
CMP-1037,Organic_Video_Views_1,Organic,Awareness,Mobile,India,Lookalike,2025-02-26,0.0,4607,87,1,78.22
CMP-1034,TikTok_Interest_Boost_4,TikTok,Consideration,Mobile,India,Retargeting,2025-02-26,6.2,2046,20,0,0.0
CMP-1026,Affiliate_Retarget_Convert_2,Affiliate,Conversion,Mobile,United Kingdom,Returning,2025-02-27,41.58,1988,54,2,207.36
CMP-1027,Affiliate_Product_Explainer_3,Affiliate,Consideration,Mobile,United States,New,2025-02-27,113.31,3525,98,1,60.84
CMP-1020,Email_Signup_Push_2,Email,Conversion,Mobile,United States,New,2025-02-27,11.44,813,135,10,735.94
CMP-1010,Facebook_Brand_Reach_4,Facebook,Awareness,Mobile,Canada,Retargeting,2025-02-27,82.85,10327,104,2,188.64
CMP-1012,Facebook_Interest_Boost_6,Facebook,Consideration,Mobile,India,Retargeting,2025-02-27,61.77,8766,154,7,615.81
CMP-1037,Organic_Video_Views_1,Organic,Awareness,Mobile,India,Lookalike,2025-02-27,0.0,7371,103,1,69.89
CMP-1034,TikTok_Interest_Boost_4,TikTok,Consideration,Mobile,India,Retargeting,2025-02-27,21.8,3360,66,2,102.17
CMP-1026,Affiliate_Retarget_Convert_2,Affiliate,Conversion,Mobile,United Kingdom,Returning,2025-02-28,36.38,2111,57,2,156.01
CMP-1027,Affiliate_Product_Explainer_3,Affiliate,Consideration,Mobile,United States,New,2025-02-28,72.44,4184,104,1,72.29
CMP-1020,Email_Signup_Push_2,Email,Conversion,Mobile,United States,New,2025-02-28,14.08,1805,292,15,946.11
CMP-1010,Facebook_Brand_Reach_4,Facebook,Awareness,Mobile,Canada,Retargeting,2025-02-28,57.78,7433,54,1,87.89
CMP-1012,Facebook_Interest_Boost_6,Facebook,Consideration,Mobile,India,Retargeting,2025-02-28,59.0,7146,169,4,385.27
CMP-1037,Organic_Video_Views_1,Organic,Awareness,Mobile,India,Lookalike,2025-02-28,0.0,6131,117,1,89.27
CMP-1034,TikTok_Interest_Boost_4,TikTok,Consideration,Mobile,India,Retargeting,2025-02-28,40.71,7622,108,2,121.13
CMP-1026,Affiliate_Retarget_Convert_2,Affiliate,Conversion,Mobile,United Kingdom,Returning,2025-03-01,11.86,1179,19,1,78.72
CMP-1027,Affiliate_Product_Explainer_3,Affiliate,Consideration,Mobile,United States,New,2025-03-01,48.86,2538,63,2,149.72
CMP-1020,Email_Signup_Push_2,Email,Conversion,Mobile,United States,New,2025-03-01,14.35,1293,160,8,662.97
CMP-1010,Facebook_Brand_Reach_4,Facebook,Awareness,Mobile,Canada,Retargeting,2025-03-01,107.74,11771,103,2,129.02
CMP-1012,Facebook_Interest_Boost_6,Facebook,Consideration,Mobile,India,Retargeting,2025-03-01,50.85,8542,116,3,192.9
CMP-1037,Organic_Video_Views_1,Organic,Awareness,Mobile,India,Lookalike,2025-03-01,0.0,6934,110,1,78.39
CMP-1034,TikTok_Interest_Boost_4,TikTok,Consideration,Mobile,India,Retargeting,2025-03-01,34.91,5836,97,1,68.46
CMP-1026,Affiliate_Retarget_Convert_2,Affiliate,Conversion,Mobile,United Kingdom,Returning,2025-03-02,26.29,2265,72,2,158.58
CMP-1027,Affiliate_Product_Explainer_3,Affiliate,Consideration,Mobile,United States,New,2025-03-02,37.54,2463,45,58,0.0
CMP-1020,Email_Signup_Push_2,Email,Conversion,Mobile,United States,New,2025-03-02,12.16,1303,181,14,1641.87
CMP-1010,Facebook_Brand_Reach_4,Facebook,Awareness,Mobile,Canada,Retargeting,2025-03-02,86.72,12133,111,4,391.06
CMP-1012,Facebook_Interest_Boost_6,Facebook,Consideration,Mobile,India,Retargeting,2025-03-02,36.31,6614,131,4,270.78
CMP-1034,TikTok_Interest_Boost_4,TikTok,Consideration,Mobile,India,Retargeting,2025-03-02,67.03,6936,157,2,122.93
CMP-1026,Affiliate_Retarget_Convert_2,Affiliate,Conversion,Mobile,United Kingdom,Returning,2025-03-03,10.93,2032,17,1,84.01
CMP-1027,Affiliate_Product_Explainer_3,Affiliate,Consideration,Mobile,United States,New,2025-03-03,35.15,2273,52,1,79.38
CMP-1020,Email_Signup_Push_2,Email,Conversion,Mobile,United States,New,2025-03-03,18.02,2313,251,14,1070.46
CMP-1010,Facebook_Brand_Reach_4,Facebook,Awareness,Mobile,Canada,Retargeting,2025-03-03,93.24,15223,120,3,285.78
CMP-1012,Facebook_Interest_Boost_6,Facebook,Consideration,Mobile,India,Retargeting,2025-03-03,74.86,8919,198,6,347.01
CMP-1034,TikTok_Interest_Boost_4,TikTok,Consideration,Mobile,India,Retargeting,2025-03-03,15.14,5017,43,1,52.47
CMP-1026,Affiliate_Retarget_Convert_2,Affiliate,Conversion,Mobile,United Kingdom,Returning,2025-03-04,42.71,2681,57,2,121.85
CMP-1027,Affiliate_Product_Explainer_3,Affiliate,Consideration,Mobile,United States,New,2025-03-04,34.21,3275,46,1,83.69
CMP-1020,Email_Signup_Push_2,Email,Conversion,Mobile,United States,New,2025-03-04,11.63,1406,187,4,276.88
CMP-1010,Facebook_Brand_Reach_4,Facebook,Awareness,Mobile,Canada,Retargeting,2025-03-04,45.08,8737,57,1,86.42
CMP-1012,Facebook_Interest_Boost_6,Facebook,Consideration,Mobile,India,Retargeting,2025-03-04,34.44,6354,100,4,426.03
CMP-1034,TikTok_Interest_Boost_4,TikTok,Consideration,Mobile,India,Retargeting,2025-03-04,21.36,4651,95,2,110.17
CMP-1026,Affiliate_Retarget_Convert_2,Affiliate,Conversion,Mobile,United Kingdom,Returning,2025-03-05,32.99,2151,55,2,153.5
CMP-1027,Affiliate_Product_Explainer_3,Affiliate,Consideration,Mobile,United States,New,2025-03-05,43.02,2752,58,1,62.7
CMP-1020,Email_Signup_Push_2,Email,Conversion,Mobile,United States,New,2025-03-05,4.86,877,108,8,416.91
CMP-1010,Facebook_Brand_Reach_4,Facebook,Awareness,Mobile,Canada,Retargeting,2025-03-05,53.42,8833,53,1,80.87
CMP-1012,Facebook_Interest_Boost_6,Facebook,Consideration,Mobile,India,Retargeting,2025-03-05,19.87,3708,59,3,246.83
CMP-1034,TikTok_Interest_Boost_4,TikTok,Consideration,Mobile,India,Retargeting,2025-03-05,26.5,2921,81,2,137.21
CMP-1026,Affiliate_Retarget_Convert_2,Affiliate,Conversion,Mobile,United Kingdom,Returning,2025-03-06,21.45,1372,27,1,88.52
CMP-1027,Affiliate_Product_Explainer_3,Affiliate,Consideration,Mobile,United States,New,2025-03-06,11.29,2772,19,0,0.0
CMP-1020,Email_Signup_Push_2,Email,Conversion,Mobile,United States,New,2025-03-06,10.43,1236,159,8,481.58
CMP-1010,Facebook_Brand_Reach_4,Facebook,Awareness,Mobile,Canada,Retargeting,2025-03-06,33.81,13205,46,1,81.17
CMP-1012,Facebook_Interest_Boost_6,Facebook,Consideration,Mobile,India,Retargeting,2025-03-06,58.84,7870,143,7,593.15
CMP-1034,TikTok_Interest_Boost_4,TikTok,Consideration,Mobile,India,Retargeting,2025-03-06,28.3,5583,89,1,46.6
CMP-1026,Affiliate_Retarget_Convert_2,Affiliate,Conversion,Mobile,United Kingdom,Returning,2025-03-07,38.65,2198,49,2,176.83
CMP-1027,Affiliate_Product_Explainer_3,Affiliate,Consideration,Mobile,United States,New,2025-03-07,30.1,2922,37,1,86.09
CMP-1020,Email_Signup_Push_2,Email,Conversion,Mobile,United States,New,2025-03-07,8.57,983,119,9,588.46
CMP-1010,Facebook_Brand_Reach_4,Facebook,Awareness,Mobile,Canada,Retargeting,2025-03-07,75.89,11506,80,1,76.89
CMP-1012,Facebook_Interest_Boost_6,Facebook,Consideration,Mobile,India,Retargeting,2025-03-07,82.85,8784,182,8,473.47
CMP-1034,TikTok_Interest_Boost_4,TikTok,Consideration,Mobile,India,Retargeting,2025-03-07,23.58,4673,59,2,96.28
CMP-1026,Affiliate_Retarget_Convert_2,Affiliate,Conversion,Mobile,United Kingdom,Returning,2025-03-08,42.98,2082,79,3,308.15
CMP-1027,Affiliate_Product_Explainer_3,Affiliate,Consideration,Mobile,United States,New,2025-03-08,29.47,3114,62,2,185.27
CMP-1020,Email_Signup_Push_2,Email,Conversion,Mobile,United States,New,2025-03-08,10.57,1054,138,12,737.48
CMP-1010,Facebook_Brand_Reach_4,Facebook,Awareness,Mobile,Canada,Retargeting,2025-03-08,60.61,5129,60,2,173.99
CMP-1012,Facebook_Interest_Boost_6,Facebook,Consideration,Mobile,India,Retargeting,2025-03-08,49.23,7636,137,5,389.92
CMP-1034,TikTok_Interest_Boost_4,TikTok,Consideration,Mobile,India,Retargeting,2025-03-08,17.2,4148,84,1,64.28
CMP-1026,Affiliate_Retarget_Convert_2,Affiliate,Conversion,Mobile,United Kingdom,Returning,2025-03-09,41.78,1488,49,2,226.29
CMP-1027,Affiliate_Product_Explainer_3,Affiliate,Consideration,Mobile,United States,New,2025-03-09,85.19,2277,83,1,76.73
CMP-1020,Email_Signup_Push_2,Email,Conversion,Mobile,United States,New,2025-03-09,10.24,1052,158,10,678.03
CMP-1010,Facebook_Brand_Reach_4,Facebook,Awareness,Mobile,Canada,Retargeting,2025-03-09,56.23,11640,64,1,78.44
CMP-1012,Facebook_Interest_Boost_6,Facebook,Consideration,Mobile,India,Retargeting,2025-03-09,73.11,7360,168,3,255.45
CMP-1034,TikTok_Interest_Boost_4,TikTok,Consideration,Mobile,India,Retargeting,2025-03-09,40.3,6927,131,3,160.25
CMP-1026,Affiliate_Retarget_Convert_2,Affiliate,Conversion,Mobile,United Kingdom,Returning,2025-03-10,15.33,1169,24,2,216.28
CMP-1027,Affiliate_Product_Explainer_3,Affiliate,Consideration,Mobile,United States,New,2025-03-10,22.64,2357,26,0,0.0
CMP-1020,Email_Signup_Push_2,Email,Conversion,Mobile,United States,New,2025-03-10,5.69,1109,150,12,1077.16
CMP-1010,Facebook_Brand_Reach_4,Facebook,Awareness,Mobile,Canada,Retargeting,2025-03-10,37.86,5806,36,1,66.09
CMP-1012,Facebook_Interest_Boost_6,Facebook,Consideration,Mobile,India,Retargeting,2025-03-10,40.13,6636,104,4,297.81
CMP-1034,TikTok_Interest_Boost_4,TikTok,Consideration,Mobile,India,Retargeting,2025-03-10,18.59,4789,83,2,85.66
CMP-1026,Affiliate_Retarget_Convert_2,Affiliate,Conversion,Mobile,United Kingdom,Returning,2025-03-11,28.13,2004,44,3,296.98
CMP-1027,Affiliate_Product_Explainer_3,Affiliate,Consideration,Mobile,United States,New,2025-03-11,41.46,3360,49,1,114.26
CMP-1020,Email_Signup_Push_2,Email,Conversion,Mobile,United States,New,2025-03-11,3.78,847,81,5,416.33
CMP-1010,Facebook_Brand_Reach_4,Facebook,Awareness,Mobile,Canada,Retargeting,2025-03-11,108.95,8709,129,3,189.83
CMP-1012,Facebook_Interest_Boost_6,Facebook,Consideration,Mobile,India,Retargeting,2025-03-11,20.95,5720,65,2,186.21
CMP-1034,TikTok_Interest_Boost_4,TikTok,Consideration,Mobile,India,Retargeting,2025-03-11,30.46,7218,100,3,216.31
CMP-1026,Affiliate_Retarget_Convert_2,Affiliate,Conversion,Mobile,United Kingdom,Returning,2025-03-12,14.86,1408,23,1,82.72
CMP-1027,Affiliate_Product_Explainer_3,Affiliate,Consideration,Mobile,United States,New,2025-03-12,5.07,479,11,0,0.0
CMP-1020,Email_Signup_Push_2,Email,Conversion,Mobile,United States,New,2025-03-12,20.94,1818,220,20,1321.12
CMP-1010,Facebook_Brand_Reach_4,Facebook,Awareness,Mobile,Canada,Retargeting,2025-03-12,112.51,16059,131,4,269.77
CMP-1012,Facebook_Interest_Boost_6,Facebook,Consideration,Mobile,India,Retargeting,2025-03-12,85.8,8437,235,9,994.12
CMP-1034,TikTok_Interest_Boost_4,TikTok,Consideration,Mobile,India,Retargeting,2025-03-12,14.56,2353,57,1,46.52
CMP-1026,Affiliate_Retarget_Convert_2,Affiliate,Conversion,Mobile,United Kingdom,Returning,2025-03-13,49.44,2557,77,3,226.4
CMP-1027,Affiliate_Product_Explainer_3,Affiliate,Consideration,Mobile,United States,New,2025-03-13,49.74,2497,81,1,89.26
CMP-1020,Email_Signup_Push_2,Email,Conversion,Mobile,United States,New,2025-03-13,7.6,1397,144,7,372.47
CMP-1010,Facebook_Brand_Reach_4,Facebook,Awareness,Mobile,Canada,Retargeting,2025-03-13,139.59,17573,189,4,324.47
CMP-1012,Facebook_Interest_Boost_6,Facebook,Consideration,Mobile,India,Retargeting,2025-03-13,44.56,8186,123,7,452.92
CMP-1034,TikTok_Interest_Boost_4,TikTok,Consideration,Mobile,India,Retargeting,2025-03-13,70.45,9480,233,8,447.34
CMP-1026,Affiliate_Retarget_Convert_2,Affiliate,Conversion,Mobile,United Kingdom,Returning,2025-03-14,11.05,1729,41,1,85.27
CMP-1027,Affiliate_Product_Explainer_3,Affiliate,Consideration,Mobile,United States,New,2025-03-14,45.48,2041,47,1,66.46
CMP-1020,Email_Signup_Push_2,Email,Conversion,Mobile,United States,New,2025-03-14,15.27,1227,176,11,928.06
CMP-1012,Facebook_Interest_Boost_6,Facebook,Consideration,Mobile,India,Retargeting,2025-03-14,31.53,6212,94,5,318.25
CMP-1034,TikTok_Interest_Boost_4,TikTok,Consideration,Mobile,India,Retargeting,2025-03-14,11.19,4378,64,2,103.06
CMP-1026,Affiliate_Retarget_Convert_2,Affiliate,Conversion,Mobile,United Kingdom,Returning,2025-03-15,18.21,2596,30,2,187.92
CMP-1027,Affiliate_Product_Explainer_3,Affiliate,Consideration,Mobile,United States,New,2025-03-15,133.01,3602,94,2,157.61
CMP-1020,Email_Signup_Push_2,Email,Conversion,Mobile,United States,New,2025-03-15,11.42,1392,208,16,1078.39
CMP-1012,Facebook_Interest_Boost_6,Facebook,Consideration,Mobile,India,Retargeting,2025-03-15,62.54,8597,152,7,459.73
CMP-1034,TikTok_Interest_Boost_4,TikTok,Consideration,Mobile,India,Retargeting,2025-03-15,27.82,5561,86,3,164.68
CMP-1026,Affiliate_Retarget_Convert_2,Affiliate,Conversion,Mobile,United Kingdom,Returning,2025-03-16,8.44,719,19,1,97.58
CMP-1027,Affiliate_Product_Explainer_3,Affiliate,Consideration,Mobile,United States,New,2025-03-16,43.99,2369,47,1,75.24
CMP-1020,Email_Signup_Push_2,Email,Conversion,Mobile,United States,New,2025-03-16,12.23,1308,188,12,562.41
CMP-1012,Facebook_Interest_Boost_6,Facebook,Consideration,Mobile,India,Retargeting,2025-03-16,36.65,5011,92,3,301.65
CMP-1034,TikTok_Interest_Boost_4,TikTok,Consideration,Mobile,India,Retargeting,2025-03-16,36.06,5799,127,3,146.29
CMP-1026,Affiliate_Retarget_Convert_2,Affiliate,Conversion,Mobile,United Kingdom,Returning,2025-03-17,48.85,2023,57,3,283.6
CMP-1027,Affiliate_Product_Explainer_3,Affiliate,Consideration,Mobile,United States,New,2025-03-17,43.7,2533,48,1,69.91
CMP-1020,Email_Signup_Push_2,Email,Conversion,Mobile,United States,New,2025-03-17,12.68,1390,167,14,1074.08
CMP-1012,Facebook_Interest_Boost_6,Facebook,Consideration,Mobile,India,Retargeting,2025-03-17,27.24,6166,99,3,277.9
CMP-1034,TikTok_Interest_Boost_4,TikTok,Consideration,Mobile,India,Retargeting,2025-03-17,17.66,4171,63,1,65.46
CMP-1026,Affiliate_Retarget_Convert_2,Affiliate,Conversion,Mobile,United Kingdom,Returning,2025-03-18,74.07,2724,87,6,498.88
CMP-1027,Affiliate_Product_Explainer_3,Affiliate,Consideration,Mobile,United States,New,2025-03-18,55.45,2959,67,1,85.54
CMP-1020,Email_Signup_Push_2,Email,Conversion,Mobile,United States,New,2025-03-18,12.36,1523,219,13,1047.21
CMP-1012,Facebook_Interest_Boost_6,Facebook,Consideration,Mobile,India,Retargeting,2025-03-18,51.49,10606,190,7,532.68
CMP-1034,TikTok_Interest_Boost_4,TikTok,Consideration,Mobile,India,Retargeting,2025-03-18,56.23,6365,140,4,236.63
CMP-1026,Affiliate_Retarget_Convert_2,Affiliate,Conversion,Mobile,United Kingdom,Returning,2025-03-19,27.0,1468,36,2,194.08
CMP-1027,Affiliate_Product_Explainer_3,Affiliate,Consideration,Mobile,United States,New,2025-03-19,27.23,2504,45,1,45.71
CMP-1020,Email_Signup_Push_2,Email,Conversion,Mobile,United States,New,2025-03-19,15.22,1344,171,17,651.22
CMP-1012,Facebook_Interest_Boost_6,Facebook,Consideration,Mobile,India,Retargeting,2025-03-19,66.2,9070,161,5,392.57
CMP-1034,TikTok_Interest_Boost_4,TikTok,Consideration,Mobile,India,Retargeting,2025-03-19,46.88,6452,192,5,341.35
CMP-1026,Affiliate_Retarget_Convert_2,Affiliate,Conversion,Mobile,United Kingdom,Returning,2025-03-20,25.18,1864,42,2,208.58
CMP-1027,Affiliate_Product_Explainer_3,Affiliate,Consideration,Mobile,United States,New,2025-03-20,63.26,2664,70,1,80.17
CMP-1020,Email_Signup_Push_2,Email,Conversion,Mobile,United States,New,2025-03-20,11.65,1518,170,17,984.43
CMP-1012,Facebook_Interest_Boost_6,Facebook,Consideration,Mobile,India,Retargeting,2025-03-20,40.93,6617,125,5,332.68
CMP-1034,TikTok_Interest_Boost_4,TikTok,Consideration,Mobile,India,Retargeting,2025-03-20,23.16,3811,79,2,103.28
CMP-1027,Affiliate_Product_Explainer_3,Affiliate,Consideration,Mobile,United States,New,2025-03-21,21.44,3081,38,0,0.0
CMP-1012,Facebook_Interest_Boost_6,Facebook,Consideration,Mobile,India,Retargeting,2025-03-21,19.74,7908,49,2,180.99
CMP-1034,TikTok_Interest_Boost_4,TikTok,Consideration,Mobile,India,Retargeting,2025-03-21,14.67,3831,53,1,80.27
CMP-1027,Affiliate_Product_Explainer_3,Affiliate,Consideration,Mobile,United States,New,2025-03-22,35.52,2383,65,1,64.2
CMP-1012,Facebook_Interest_Boost_6,Facebook,Consideration,Mobile,India,Retargeting,2025-03-22,82.26,6879,189,5,363.33
CMP-1034,TikTok_Interest_Boost_4,TikTok,Consideration,Mobile,India,Retargeting,2025-03-22,30.32,4568,107,2,76.23
CMP-1027,Affiliate_Product_Explainer_3,Affiliate,Consideration,Mobile,United States,New,2025-03-23,28.42,2378,53,1,108.15
CMP-1012,Facebook_Interest_Boost_6,Facebook,Consideration,Mobile,India,Retargeting,2025-03-23,8.6,1658,29,1,74.35
CMP-1034,TikTok_Interest_Boost_4,TikTok,Consideration,Mobile,India,Retargeting,2025-03-23,36.12,4327,86,3,124.35
CMP-1027,Affiliate_Product_Explainer_3,Affiliate,Consideration,Mobile,United States,New,2025-03-24,40.53,2158,45,0,0.0
CMP-1012,Facebook_Interest_Boost_6,Facebook,Consideration,Mobile,India,Retargeting,2025-03-24,33.03,5520,115,4,346.19
CMP-1034,TikTok_Interest_Boost_4,TikTok,Consideration,Mobile,India,Retargeting,2025-03-24,40.32,7322,147,5,381.51
CMP-1027,Affiliate_Product_Explainer_3,Affiliate,Consideration,Mobile,United States,New,2025-03-25,18.33,2039,25,0,0.0
CMP-1012,Facebook_Interest_Boost_6,Facebook,Consideration,Mobile,India,Retargeting,2025-03-25,39.64,7232,80,2,150.72
CMP-1034,TikTok_Interest_Boost_4,TikTok,Consideration,Mobile,India,Retargeting,2025-03-25,34.06,6171,147,3,188.85
CMP-1027,Affiliate_Product_Explainer_3,Affiliate,Consideration,Mobile,United States,New,2025-03-26,37.18,3051,49,1,75.94
CMP-1012,Facebook_Interest_Boost_6,Facebook,Consideration,Mobile,India,Retargeting,2025-03-26,42.25,6620,104,4,298.8
CMP-1032,TikTok_Traffic_Push_2,TikTok,Consideration,Mobile,Australia,New,2025-03-26,109.84,4550,101,1,57.0
CMP-1034,TikTok_Interest_Boost_4,TikTok,Consideration,Mobile,India,Retargeting,2025-03-26,48.74,4883,123,2,123.13
CMP-1027,Affiliate_Product_Explainer_3,Affiliate,Consideration,Mobile,United States,New,2025-03-27,70.3,3256,95,1,83.75
CMP-1012,Facebook_Interest_Boost_6,Facebook,Consideration,Mobile,India,Retargeting,2025-03-27,40.73,7828,115,5,390.74
CMP-1032,TikTok_Traffic_Push_2,TikTok,Consideration,Mobile,Australia,New,2025-03-27,16.66,3843,33,0,0.0
CMP-1034,TikTok_Interest_Boost_4,TikTok,Consideration,Mobile,India,Retargeting,2025-03-27,31.65,6010,127,2,125.01
CMP-1027,Affiliate_Product_Explainer_3,Affiliate,Consideration,Mobile,United States,New,2025-03-28,21.29,1810,38,1,105.01
CMP-1012,Facebook_Interest_Boost_6,Facebook,Consideration,Mobile,India,Retargeting,2025-03-28,77.63,9592,243,12,1070.0
CMP-1032,TikTok_Traffic_Push_2,TikTok,Consideration,Mobile,Australia,New,2025-03-28,30.24,4095,54,1,79.02
CMP-1034,TikTok_Interest_Boost_4,TikTok,Consideration,Mobile,India,Retargeting,2025-03-28,5.33,1589,33,1,63.96
CMP-1027,Affiliate_Product_Explainer_3,Affiliate,Consideration,Mobile,United States,New,2025-03-29,48.81,3270,77,2,245.67
CMP-1012,Facebook_Interest_Boost_6,Facebook,Consideration,Mobile,India,Retargeting,2025-03-29,31.67,6021,91,3,303.35
CMP-1032,TikTok_Traffic_Push_2,TikTok,Consideration,Mobile,Australia,New,2025-03-29,31.78,4200,63,1,62.77
CMP-1034,TikTok_Interest_Boost_4,TikTok,Consideration,Mobile,India,Retargeting,2025-03-29,26.18,3577,119,2,122.26
CMP-1027,Affiliate_Product_Explainer_3,Affiliate,Consideration,Mobile,United States,New,2025-03-30,35.31,3273,55,1,96.41
CMP-1012,Facebook_Interest_Boost_6,Facebook,Consideration,Mobile,India,Retargeting,2025-03-30,30.82,4696,102,5,431.1
CMP-1032,TikTok_Traffic_Push_2,TikTok,Consideration,Mobile,Australia,New,2025-03-30,140.43,5765,153,2,101.45
CMP-1034,TikTok_Interest_Boost_4,TikTok,Consideration,Mobile,India,Retargeting,2025-03-30,25.83,4932,139,4,191.66
CMP-1027,Affiliate_Product_Explainer_3,Affiliate,Consideration,Mobile,United States,New,2025-03-31,42.73,3812,83,1,101.65
CMP-1012,Facebook_Interest_Boost_6,Facebook,Consideration,Mobile,India,Retargeting,2025-03-31,52.17,7983,118,5,446.39
CMP-1032,TikTok_Traffic_Push_2,TikTok,Consideration,Mobile,Australia,New,2025-03-31,85.57,4189,108,1,64.75
CMP-1034,TikTok_Interest_Boost_4,TikTok,Consideration,Mobile,India,Retargeting,2025-03-31,26.43,6859,178,4,266.17
CMP-1027,Affiliate_Product_Explainer_3,Affiliate,Consideration,Mobile,United States,New,2025-04-01,29.74,3250,45,1,111.26
CMP-1012,Facebook_Interest_Boost_6,Facebook,Consideration,Mobile,India,Retargeting,2025-04-01,34.66,6680,105,3,225.58
CMP-1032,TikTok_Traffic_Push_2,TikTok,Consideration,Mobile,Australia,New,2025-04-01,49.61,4518,87,1,58.1
CMP-1034,TikTok_Interest_Boost_4,TikTok,Consideration,Mobile,India,Retargeting,2025-04-01,28.48,5333,116,2,129.79
CMP-1027,Affiliate_Product_Explainer_3,Affiliate,Consideration,Mobile,United States,New,2025-04-02,45.39,3531,80,1,88.81
CMP-1012,Facebook_Interest_Boost_6,Facebook,Consideration,Mobile,India,Retargeting,2025-04-02,53.85,7021,118,3,204.19
CMP-1032,TikTok_Traffic_Push_2,TikTok,Consideration,Mobile,Australia,New,2025-04-02,54.33,5950,105,1,55.49
CMP-1034,TikTok_Interest_Boost_4,TikTok,Consideration,Mobile,India,Retargeting,2025-04-02,29.44,7430,111,4,291.65
CMP-1027,Affiliate_Product_Explainer_3,Affiliate,Consideration,Mobile,United States,New,2025-04-03,97.82,4821,117,2,218.05
CMP-1012,Facebook_Interest_Boost_6,Facebook,Consideration,Mobile,India,Retargeting,2025-04-03,58.65,6750,165,8,697.46
CMP-1032,TikTok_Traffic_Push_2,TikTok,Consideration,Mobile,Australia,New,2025-04-03,104.84,4669,118,2,98.01
CMP-1034,TikTok_Interest_Boost_4,TikTok,Consideration,Mobile,India,Retargeting,2025-04-03,62.59,6447,179,2,152.84
CMP-1027,Affiliate_Product_Explainer_3,Affiliate,Consideration,Mobile,United States,New,2025-04-04,56.07,2749,66,1,97.12
CMP-1012,Facebook_Interest_Boost_6,Facebook,Consideration,Mobile,India,Retargeting,2025-04-04,31.52,11817,101,5,402.02
CMP-1032,TikTok_Traffic_Push_2,TikTok,Consideration,Mobile,Australia,New,2025-04-04,70.53,6861,98,1,53.15
CMP-1034,TikTok_Interest_Boost_4,TikTok,Consideration,Mobile,India,Retargeting,2025-04-04,28.75,4186,92,3,184.35
CMP-1027,Affiliate_Product_Explainer_3,Affiliate,Consideration,Mobile,United States,New,2025-04-05,17.05,1916,32,1,87.2
CMP-1012,Facebook_Interest_Boost_6,Facebook,Consideration,Mobile,India,Retargeting,2025-04-05,10.26,2567,29,1,58.03
CMP-1032,TikTok_Traffic_Push_2,TikTok,Consideration,Mobile,Australia,New,2025-04-05,66.06,3121,74,0,0.0
CMP-1034,TikTok_Interest_Boost_4,TikTok,Consideration,Mobile,India,Retargeting,2025-04-05,23.21,4290,75,2,90.37
CMP-1027,Affiliate_Product_Explainer_3,Affiliate,Consideration,Mobile,United States,New,2025-04-06,21.53,1549,31,1,90.36
CMP-1012,Facebook_Interest_Boost_6,Facebook,Consideration,Mobile,India,Retargeting,2025-04-06,10.06,5901,49,3,220.18
CMP-1032,TikTok_Traffic_Push_2,TikTok,Consideration,Mobile,Australia,New,2025-04-06,42.25,2795,65,1,66.39
CMP-1034,TikTok_Interest_Boost_4,TikTok,Consideration,Mobile,India,Retargeting,2025-04-06,20.97,5113,100,1,76.51
CMP-1027,Affiliate_Product_Explainer_3,Affiliate,Consideration,Mobile,United States,New,2025-04-07,117.88,4463,113,2,114.26
CMP-1012,Facebook_Interest_Boost_6,Facebook,Consideration,Mobile,India,Retargeting,2025-04-07,34.44,7326,92,5,384.18
CMP-1032,TikTok_Traffic_Push_2,TikTok,Consideration,Mobile,Australia,New,2025-04-07,79.65,5508,107,2,126.67
CMP-1034,TikTok_Interest_Boost_4,TikTok,Consideration,Mobile,India,Retargeting,2025-04-07,21.43,4252,65,2,94.74
CMP-1027,Affiliate_Product_Explainer_3,Affiliate,Consideration,Mobile,United States,New,2025-04-08,54.28,4474,93,1,89.47
CMP-1012,Facebook_Interest_Boost_6,Facebook,Consideration,Mobile,India,Retargeting,2025-04-08,29.68,5771,80,4,283.33
CMP-1032,TikTok_Traffic_Push_2,TikTok,Consideration,Mobile,Australia,New,2025-04-08,94.37,5674,133,1,77.06
CMP-1027,Affiliate_Product_Explainer_3,Affiliate,Consideration,Mobile,United States,New,2025-04-09,36.52,2230,45,1,61.38
CMP-1012,Facebook_Interest_Boost_6,Facebook,Consideration,Mobile,India,Retargeting,2025-04-09,39.87,9133,91,3,296.41
CMP-1032,TikTok_Traffic_Push_2,TikTok,Consideration,Mobile,Australia,New,2025-04-09,42.89,3558,77,1,65.04
CMP-1027,Affiliate_Product_Explainer_3,Affiliate,Consideration,Mobile,United States,New,2025-04-10,60.77,2394,80,1,60.13
CMP-1012,Facebook_Interest_Boost_6,Facebook,Consideration,Mobile,India,Retargeting,2025-04-10,32.66,8960,128,7,593.16
CMP-1032,TikTok_Traffic_Push_2,TikTok,Consideration,Mobile,Australia,New,2025-04-10,110.7,7239,174,2,124.86
CMP-1027,Affiliate_Product_Explainer_3,Affiliate,Consideration,Mobile,United States,New,2025-04-11,40.46,2730,44,1,87.95
CMP-1012,Facebook_Interest_Boost_6,Facebook,Consideration,Mobile,India,Retargeting,2025-04-11,26.27,7238,57,2,194.56
CMP-1032,TikTok_Traffic_Push_2,TikTok,Consideration,Mobile,Australia,New,2025-04-11,49.71,8208,107,1,54.8
CMP-1027,Affiliate_Product_Explainer_3,Affiliate,Consideration,Mobile,United States,New,2025-04-12,81.41,3618,103,1,67.95
CMP-1009,Facebook_Sale_Drive_3,Facebook,Conversion,Desktop,United Kingdom,New,2025-04-12,67.21,2974,66,2,151.23
CMP-1012,Facebook_Interest_Boost_6,Facebook,Consideration,Mobile,India,Retargeting,2025-04-12,34.59,6113,79,3,245.1
CMP-1032,TikTok_Traffic_Push_2,TikTok,Consideration,Mobile,Australia,New,2025-04-12,65.25,3558,88,1,47.17
CMP-1027,Affiliate_Product_Explainer_3,Affiliate,Consideration,Mobile,United States,New,2025-04-13,17.49,1735,26,0,0.0
CMP-1009,Facebook_Sale_Drive_3,Facebook,Conversion,Desktop,United Kingdom,New,2025-04-13,104.3,5771,128,6,584.36
CMP-1012,Facebook_Interest_Boost_6,Facebook,Consideration,Mobile,India,Retargeting,2025-04-13,71.92,6398,154,5,395.71
CMP-1032,TikTok_Traffic_Push_2,TikTok,Consideration,Mobile,Australia,New,2025-04-13,143.77,6731,183,1,52.05
CMP-1027,Affiliate_Product_Explainer_3,Affiliate,Consideration,Mobile,United States,New,2025-04-14,26.37,1361,35,1,87.12
CMP-1009,Facebook_Sale_Drive_3,Facebook,Conversion,Desktop,United Kingdom,New,2025-04-14,136.04,6152,145,7,710.78
CMP-1012,Facebook_Interest_Boost_6,Facebook,Consideration,Mobile,India,Retargeting,2025-04-14,54.19,7124,143,6,389.1
CMP-1032,TikTok_Traffic_Push_2,TikTok,Consideration,Mobile,Australia,New,2025-04-14,19.76,1030,24,0,0.0
CMP-1027,Affiliate_Product_Explainer_3,Affiliate,Consideration,Mobile,United States,New,2025-04-15,95.22,4806,126,3,263.4
CMP-1009,Facebook_Sale_Drive_3,Facebook,Conversion,Desktop,United Kingdom,New,2025-04-15,137.73,5465,124,7,616.5
CMP-1012,Facebook_Interest_Boost_6,Facebook,Consideration,Mobile,India,Retargeting,2025-04-15,61.33,7177,136,3,234.5
CMP-1032,TikTok_Traffic_Push_2,TikTok,Consideration,Mobile,Australia,New,2025-04-15,128.59,6794,167,2,62.53
CMP-1027,Affiliate_Product_Explainer_3,Affiliate,Consideration,Mobile,United States,New,2025-04-16,45.11,3260,62,1,71.17
CMP-1009,Facebook_Sale_Drive_3,Facebook,Conversion,Desktop,United Kingdom,New,2025-04-16,115.43,7331,116,4,245.15
CMP-1012,Facebook_Interest_Boost_6,Facebook,Consideration,Mobile,India,Retargeting,2025-04-16,25.49,6957,90,4,312.73
CMP-1032,TikTok_Traffic_Push_2,TikTok,Consideration,Mobile,Australia,New,2025-04-16,46.64,3570,73,1,47.47
CMP-1027,Affiliate_Product_Explainer_3,Affiliate,Consideration,Mobile,United States,New,2025-04-17,26.44,3379,50,1,98.75
CMP-1009,Facebook_Sale_Drive_3,Facebook,Conversion,Desktop,United Kingdom,New,2025-04-17,42.56,4521,58,2,169.78
CMP-1012,Facebook_Interest_Boost_6,Facebook,Consideration,Mobile,India,Retargeting,2025-04-17,34.88,7838,81,2,117.61
CMP-1032,TikTok_Traffic_Push_2,TikTok,Consideration,Mobile,Australia,New,2025-04-17,160.31,6627,175,2,149.45
CMP-1027,Affiliate_Product_Explainer_3,Affiliate,Consideration,Mobile,United States,New,2025-04-18,27.37,2829,29,1,83.63
CMP-1009,Facebook_Sale_Drive_3,Facebook,Conversion,Desktop,United Kingdom,New,2025-04-18,168.15,8708,224,2,179.89
CMP-1012,Facebook_Interest_Boost_6,Facebook,Consideration,Mobile,India,Retargeting,2025-04-18,36.02,8840,109,5,352.13
CMP-1032,TikTok_Traffic_Push_2,TikTok,Consideration,Mobile,Australia,New,2025-04-18,58.93,3398,73,1,61.85
CMP-1027,Affiliate_Product_Explainer_3,Affiliate,Consideration,Mobile,United States,New,2025-04-19,51.25,3049,56,1,91.75
CMP-1009,Facebook_Sale_Drive_3,Facebook,Conversion,Desktop,United Kingdom,New,2025-04-19,65.05,4024,88,3,264.57
CMP-1012,Facebook_Interest_Boost_6,Facebook,Consideration,Mobile,India,Retargeting,2025-04-19,21.14,4386,78,3,220.38
CMP-1032,TikTok_Traffic_Push_2,TikTok,Consideration,Mobile,Australia,New,2025-04-19,55.12,4397,62,1,54.07
CMP-1027,Affiliate_Product_Explainer_3,Affiliate,Consideration,Mobile,United States,New,2025-04-20,22.36,1564,39,1,66.69
CMP-1009,Facebook_Sale_Drive_3,Facebook,Conversion,Desktop,United Kingdom,New,2025-04-20,132.78,4589,125,5,445.1
CMP-1012,Facebook_Interest_Boost_6,Facebook,Consideration,Mobile,India,Retargeting,2025-04-20,32.2,4709,105,4,335.22
CMP-1032,TikTok_Traffic_Push_2,TikTok,Consideration,Mobile,Australia,New,2025-04-20,76.45,3285,85,1,62.16
CMP-1027,Affiliate_Product_Explainer_3,Affiliate,Consideration,Mobile,United States,New,2025-04-21,24.98,2299,36,1,82.27
CMP-1009,Facebook_Sale_Drive_3,Facebook,Conversion,Desktop,United Kingdom,New,2025-04-21,116.02,4250,87,3,249.3
CMP-1012,Facebook_Interest_Boost_6,Facebook,Consideration,Mobile,India,Retargeting,2025-04-21,32.93,3836,86,3,253.43
CMP-1032,TikTok_Traffic_Push_2,TikTok,Consideration,Mobile,Australia,New,2025-04-21,33.24,4644,52,0,0.0
CMP-1027,Affiliate_Product_Explainer_3,Affiliate,Consideration,Mobile,United States,New,2025-04-22,49.42,3088,70,2,203.58
CMP-1009,Facebook_Sale_Drive_3,Facebook,Conversion,Desktop,United Kingdom,New,2025-04-22,80.03,5251,66,3,230.95
CMP-1012,Facebook_Interest_Boost_6,Facebook,Consideration,Mobile,India,Retargeting,2025-04-22,62.76,9066,192,7,488.87
CMP-1016,Instagram_Impression_Blitz_4,Instagram,Awareness,Mobile,United States,Retargeting,2025-04-22,159.63,14505,159,2,136.45
CMP-1032,TikTok_Traffic_Push_2,TikTok,Consideration,Mobile,Australia,New,2025-04-22,132.49,8050,183,1,60.95
CMP-1027,Affiliate_Product_Explainer_3,Affiliate,Consideration,Mobile,United States,New,2025-04-23,8.33,1108,15,0,0.0
CMP-1009,Facebook_Sale_Drive_3,Facebook,Conversion,Desktop,United Kingdom,New,2025-04-23,100.17,5853,154,7,486.21
CMP-1012,Facebook_Interest_Boost_6,Facebook,Consideration,Mobile,India,Retargeting,2025-04-23,45.68,7834,112,7,592.08
CMP-1016,Instagram_Impression_Blitz_4,Instagram,Awareness,Mobile,United States,Retargeting,2025-04-23,59.36,7695,47,1,73.47
CMP-1032,TikTok_Traffic_Push_2,TikTok,Consideration,Mobile,Australia,New,2025-04-23,70.9,4820,90,1,71.34
CMP-1027,Affiliate_Product_Explainer_3,Affiliate,Consideration,Mobile,United States,New,2025-04-24,25.08,2748,57,1,72.8
CMP-1009,Facebook_Sale_Drive_3,Facebook,Conversion,Desktop,United Kingdom,New,2025-04-24,105.15,4619,86,1,51.35
CMP-1012,Facebook_Interest_Boost_6,Facebook,Consideration,Mobile,India,Retargeting,2025-04-24,39.33,8344,151,8,603.55
CMP-1004,GoogleAds_Video_Views_4,Google Ads,Awareness,Desktop,India,Retargeting,2025-04-24,100.74,12783,245,11,1074.21
CMP-1016,Instagram_Impression_Blitz_4,Instagram,Awareness,Mobile,United States,Retargeting,2025-04-24,119.35,10559,89,1,73.59
CMP-1032,TikTok_Traffic_Push_2,TikTok,Consideration,Mobile,Australia,New,2025-04-24,-73.38,8517,156,2,113.47
CMP-1027,Affiliate_Product_Explainer_3,Affiliate,Consideration,Mobile,United States,New,2025-04-25,25.99,2697,41,1,76.65
CMP-1009,Facebook_Sale_Drive_3,Facebook,Conversion,Desktop,United Kingdom,New,2025-04-25,182.24,7076,160,7,579.38
CMP-1012,Facebook_Interest_Boost_6,Facebook,Consideration,Mobile,India,Retargeting,2025-04-25,17.44,4474,73,3,113.13
CMP-1004,GoogleAds_Video_Views_4,Google Ads,Awareness,Desktop,India,Retargeting,2025-04-25,46.19,3812,99,4,367.14
CMP-1016,Instagram_Impression_Blitz_4,Instagram,Awareness,Mobile,United States,Retargeting,2025-04-25,77.86,9567,61,1,96.48
CMP-1032,TikTok_Traffic_Push_2,TikTok,Consideration,Mobile,Australia,New,2025-04-25,45.51,4357,96,1,39.5
CMP-1027,Affiliate_Product_Explainer_3,Affiliate,Consideration,Mobile,United States,New,2025-04-26,36.29,2473,53,1,69.87
CMP-1009,Facebook_Sale_Drive_3,Facebook,Conversion,Desktop,United Kingdom,New,2025-04-26,55.45,4570,78,3,241.84
CMP-1012,Facebook_Interest_Boost_6,Facebook,Consideration,Mobile,India,Retargeting,2025-04-26,79.35,9813,167,6,427.17
CMP-1004,GoogleAds_Video_Views_4,Google Ads,Awareness,Desktop,India,Retargeting,2025-04-26,34.6,3806,75,3,203.79
CMP-1016,Instagram_Impression_Blitz_4,Instagram,Awareness,Mobile,United States,Retargeting,2025-04-26,64.52,8954,63,0,0.0
CMP-1032,TikTok_Traffic_Push_2,TikTok,Consideration,Mobile,Australia,New,2025-04-26,50.35,6738,113,2,107.36
CMP-1027,Affiliate_Product_Explainer_3,Affiliate,Consideration,Mobile,United States,New,2025-04-27,21.89,2287,43,1,74.96
CMP-1009,Facebook_Sale_Drive_3,Facebook,Conversion,Desktop,United Kingdom,New,2025-04-27,128.6,4606,139,7,600.8
CMP-1012,Facebook_Interest_Boost_6,Facebook,Consideration,Mobile,India,Retargeting,2025-04-27,68.74,5504,155,7,652.04
CMP-1004,GoogleAds_Video_Views_4,Google Ads,Awareness,Desktop,India,Retargeting,2025-04-27,106.98,10550,168,7,497.66
CMP-1016,Instagram_Impression_Blitz_4,Instagram,Awareness,Mobile,United States,Retargeting,2025-04-27,67.82,4815,55,1,61.25
CMP-1032,TikTok_Traffic_Push_2,TikTok,Consideration,Mobile,Australia,New,2025-04-27,32.11,2061,50,1,71.36
CMP-1027,Affiliate_Product_Explainer_3,Affiliate,Consideration,Mobile,United States,New,2025-04-28,24.68,2170,32,1,63.59
CMP-1009,Facebook_Sale_Drive_3,Facebook,Conversion,Desktop,United Kingdom,New,2025-04-28,65.32,3585,56,2,118.44
CMP-1012,Facebook_Interest_Boost_6,Facebook,Consideration,Mobile,India,Retargeting,2025-04-28,21.82,7670,70,4,217.55
CMP-1004,GoogleAds_Video_Views_4,Google Ads,Awareness,Desktop,India,Retargeting,2025-04-28,82.08,9761,150,5,462.44
CMP-1016,Instagram_Impression_Blitz_4,Instagram,Awareness,Mobile,United States,Retargeting,2025-04-28,132.59,14272,121,2,148.15
CMP-1032,TikTok_Traffic_Push_2,TikTok,Consideration,Mobile,Australia,New,2025-04-28,58.69,4522,97,1,60.7
CMP-1027,Affiliate_Product_Explainer_3,Affiliate,Consideration,Mobile,United States,New,2025-04-29,25.13,1482,27,0,0.0
CMP-1009,Facebook_Sale_Drive_3,Facebook,Conversion,Desktop,United Kingdom,New,2025-04-29,107.24,5311,100,4,348.22
CMP-1004,GoogleAds_Video_Views_4,Google Ads,Awareness,Desktop,India,Retargeting,2025-04-29,80.75,10268,162,4,436.15
CMP-1016,Instagram_Impression_Blitz_4,Instagram,Awareness,Mobile,United States,Retargeting,2025-04-29,45.64,7862,55,1,59.54
CMP-1032,TikTok_Traffic_Push_2,TikTok,Consideration,Mobile,Australia,New,2025-04-29,30.04,4106,71,1,43.19
CMP-1027,Affiliate_Product_Explainer_3,Affiliate,Consideration,Mobile,United States,New,2025-04-30,44.83,3121,51,1,94.69
CMP-1009,Facebook_Sale_Drive_3,Facebook,Conversion,Desktop,United Kingdom,New,2025-04-30,73.66,4592,98,4,427.38
CMP-1004,GoogleAds_Video_Views_4,Google Ads,Awareness,Desktop,India,Retargeting,2025-04-30,56.24,6063,100,3,166.0
CMP-1016,Instagram_Impression_Blitz_4,Instagram,Awareness,Mobile,United States,Retargeting,2025-04-30,91.22,13143,75,1,70.56
CMP-1032,TikTok_Traffic_Push_2,TikTok,Consideration,Mobile,Australia,New,2025-04-30,150.62,7563,220,2,165.44
CMP-1027,Affiliate_Product_Explainer_3,Affiliate,Consideration,Mobile,United States,New,2025-05-01,28.16,2750,39,1,72.99
CMP-1009,Facebook_Sale_Drive_3,Facebook,Conversion,Desktop,United Kingdom,New,2025-05-01,61.72,3976,57,3,237.3
CMP-1004,GoogleAds_Video_Views_4,Google Ads,Awareness,Desktop,India,Retargeting,2025-05-01,49.83,9538,152,3,293.18
CMP-1016,Instagram_Impression_Blitz_4,Instagram,Awareness,Mobile,United States,Retargeting,2025-05-01,37.73,8311,34,0,0.0
CMP-1027,Affiliate_Product_Explainer_3,Affiliate,Consideration,Mobile,United States,New,2025-05-02,23.55,1854,53,1,83.61
CMP-1009,Facebook_Sale_Drive_3,Facebook,Conversion,Desktop,United Kingdom,New,2025-05-02,51.75,3757,85,4,308.54
CMP-1004,GoogleAds_Video_Views_4,Google Ads,Awareness,Desktop,India,Retargeting,2025-05-02,165.9,14943,323,12,1340.4
CMP-1016,Instagram_Impression_Blitz_4,Instagram,Awareness,Mobile,United States,Retargeting,2025-05-02,73.84,8299,46,1,65.24
CMP-1009,Facebook_Sale_Drive_3,Facebook,Conversion,Desktop,United Kingdom,New,2025-05-03,208.47,7416,222,9,741.05
CMP-1004,GoogleAds_Video_Views_4,Google Ads,Awareness,Desktop,India,Retargeting,2025-05-03,73.91,10618,106,4,357.86
CMP-1016,Instagram_Impression_Blitz_4,Instagram,Awareness,Mobile,United States,Retargeting,2025-05-03,144.39,12323,105,1,74.86
CMP-1009,Facebook_Sale_Drive_3,Facebook,Conversion,Desktop,United Kingdom,New,2025-05-04,83.34,3982,71,2,213.07
CMP-1004,GoogleAds_Video_Views_4,Google Ads,Awareness,Desktop,India,Retargeting,2025-05-04,102.71,9047,194,6,606.67
CMP-1016,Instagram_Impression_Blitz_4,Instagram,Awareness,Mobile,United States,Retargeting,2025-05-04,149.33,11744,122,2,164.73
CMP-1009,Facebook_Sale_Drive_3,Facebook,Conversion,Desktop,United Kingdom,New,2025-05-05,64.72,2873,66,2,127.26
CMP-1004,GoogleAds_Video_Views_4,Google Ads,Awareness,Desktop,India,Retargeting,2025-05-05,70.16,8429,134,1,80.36
CMP-1016,Instagram_Impression_Blitz_4,Instagram,Awareness,Mobile,United States,Retargeting,2025-05-05,-84.78,10745,75,2,141.71
CMP-1009,Facebook_Sale_Drive_3,Facebook,Conversion,Desktop,United Kingdom,New,2025-05-06,16.94,3859,19,1,80.85
CMP-1004,GoogleAds_Video_Views_4,Google Ads,Awareness,Desktop,India,Retargeting,2025-05-06,93.53,8548,165,4,360.09
CMP-1016,Instagram_Impression_Blitz_4,Instagram,Awareness,Mobile,United States,Retargeting,2025-05-06,161.41,12366,145,3,203.89
CMP-1009,Facebook_Sale_Drive_3,Facebook,Conversion,Desktop,United Kingdom,New,2025-05-07,108.57,4700,96,4,267.09
CMP-1004,GoogleAds_Video_Views_4,Google Ads,Awareness,Desktop,India,Retargeting,2025-05-07,29.91,3922,50,2,130.32
CMP-1016,Instagram_Impression_Blitz_4,Instagram,Awareness,Mobile,United States,Retargeting,2025-05-07,54.36,9287,62,1,71.79
CMP-1009,Facebook_Sale_Drive_3,Facebook,Conversion,Desktop,United Kingdom,New,2025-05-08,119.15,5477,104,4,281.28
CMP-1004,GoogleAds_Video_Views_4,Google Ads,Awareness,Desktop,India,Retargeting,2025-05-08,81.39,10287,241,7,372.24
CMP-1016,Instagram_Impression_Blitz_4,Instagram,Awareness,Mobile,United States,Retargeting,2025-05-08,56.77,10109,78,1,73.9
CMP-1009,Facebook_Sale_Drive_3,Facebook,Conversion,Desktop,United Kingdom,New,2025-05-09,105.91,5488,88,5,386.52
CMP-1004,GoogleAds_Video_Views_4,Google Ads,Awareness,Desktop,India,Retargeting,2025-05-09,100.31,11855,274,11,1183.73
CMP-1016,Instagram_Impression_Blitz_4,Instagram,Awareness,Mobile,United States,Retargeting,2025-05-09,43.36,8193,48,1,50.82
CMP-1009,Facebook_Sale_Drive_3,Facebook,Conversion,Desktop,United Kingdom,New,2025-05-10,154.58,5082,137,6,581.5
CMP-1004,GoogleAds_Video_Views_4,Google Ads,Awareness,Desktop,India,Retargeting,2025-05-10,56.86,4859,106,2,151.38
CMP-1016,Instagram_Impression_Blitz_4,Instagram,Awareness,Mobile,United States,Retargeting,2025-05-10,128.44,11507,120,2,160.3
CMP-1042,Organic_Impression_Blitz_6,Organic,Awareness,Mobile,India,New,2025-05-10,0.0,4062,62,0,0.0
CMP-1009,Facebook_Sale_Drive_3,Facebook,Conversion,Desktop,United Kingdom,New,2025-05-11,77.99,3536,67,2,206.57
CMP-1004,GoogleAds_Video_Views_4,Google Ads,Awareness,Desktop,India,Retargeting,2025-05-11,34.89,7053,77,4,337.83
CMP-1016,Instagram_Impression_Blitz_4,Instagram,Awareness,Mobile,United States,Retargeting,2025-05-11,61.44,7289,94,1,67.99
CMP-1042,Organic_Impression_Blitz_6,Organic,Awareness,Mobile,India,New,2025-05-11,0.0,5957,132,1,92.91
CMP-1029,Affiliate_Impression_Blitz_5,Affiliate,Awareness,Desktop,United States,Retargeting,2025-05-12,48.58,4705,51,1,80.86
CMP-1009,Facebook_Sale_Drive_3,Facebook,Conversion,Desktop,United Kingdom,New,2025-05-12,113.7,5209,103,4,337.17
CMP-1004,GoogleAds_Video_Views_4,Google Ads,Awareness,Desktop,India,Retargeting,2025-05-12,87.71,6513,138,5,345.2
CMP-1016,Instagram_Impression_Blitz_4,Instagram,Awareness,Mobile,United States,Retargeting,2025-05-12,61.1,14490,63,1,90.8
CMP-1042,Organic_Impression_Blitz_6,Organic,Awareness,Mobile,India,New,2025-05-12,0.0,6714,105,1,93.56
CMP-1029,Affiliate_Impression_Blitz_5,Affiliate,Awareness,Desktop,United States,Retargeting,2025-05-13,24.29,4068,50,1,110.19
CMP-1009,Facebook_Sale_Drive_3,Facebook,Conversion,Desktop,United Kingdom,New,2025-05-13,68.56,3628,67,3,218.14
CMP-1004,GoogleAds_Video_Views_4,Google Ads,Awareness,Desktop,India,Retargeting,2025-05-13,66.52,7026,136,5,343.25
CMP-1016,Instagram_Impression_Blitz_4,Instagram,Awareness,Mobile,United States,Retargeting,2025-05-13,71.06,9207,69,1,81.87
CMP-1042,Organic_Impression_Blitz_6,Organic,Awareness,Mobile,India,New,2025-05-13,0.0,5616,50,0,0.0
CMP-1029,Affiliate_Impression_Blitz_5,Affiliate,Awareness,Desktop,United States,Retargeting,2025-05-14,73.25,5265,85,0,0.0
CMP-1009,Facebook_Sale_Drive_3,Facebook,Conversion,Desktop,United Kingdom,New,2025-05-14,37.73,3961,38,2,226.0
CMP-1004,GoogleAds_Video_Views_4,Google Ads,Awareness,Desktop,India,Retargeting,2025-05-14,35.37,9743,103,6,534.73
CMP-1016,Instagram_Impression_Blitz_4,Instagram,Awareness,Mobile,United States,Retargeting,2025-05-14,116.07,10193,112,3,268.76
CMP-1042,Organic_Impression_Blitz_6,Organic,Awareness,Mobile,India,New,2025-05-14,0.0,9304,166,1,93.94
CMP-1029,Affiliate_Impression_Blitz_5,Affiliate,Awareness,Desktop,United States,Retargeting,2025-05-15,74.58,7317,105,3,169.15
CMP-1009,Facebook_Sale_Drive_3,Facebook,Conversion,Desktop,United Kingdom,New,2025-05-15,47.77,3574,51,3,215.99
CMP-1004,GoogleAds_Video_Views_4,Google Ads,Awareness,Desktop,India,Retargeting,2025-05-15,28.64,4042,71,4,319.67
CMP-1016,Instagram_Impression_Blitz_4,Instagram,Awareness,Mobile,United States,Retargeting,2025-05-15,59.6,12359,63,1,60.53
CMP-1042,Organic_Impression_Blitz_6,Organic,Awareness,Mobile,India,New,2025-05-15,0.0,7345,124,1,57.3
CMP-1029,Affiliate_Impression_Blitz_5,Affiliate,Awareness,Desktop,United States,Retargeting,2025-05-16,25.88,4306,29,1,95.07
CMP-1009,Facebook_Sale_Drive_3,Facebook,Conversion,Desktop,United Kingdom,New,2025-05-16,65.31,3222,85,3,209.94
CMP-1004,GoogleAds_Video_Views_4,Google Ads,Awareness,Desktop,India,Retargeting,2025-05-16,58.33,11238,216,7,687.81
CMP-1016,Instagram_Impression_Blitz_4,Instagram,Awareness,Mobile,United States,Retargeting,2025-05-16,98.05,10203,97,2,138.11
CMP-1042,Organic_Impression_Blitz_6,Organic,Awareness,Mobile,India,New,2025-05-16,0.0,8339,129,1,78.45
CMP-1029,Affiliate_Impression_Blitz_5,Affiliate,Awareness,Desktop,United States,Retargeting,2025-05-17,42.68,4961,70,1,73.56
CMP-1009,Facebook_Sale_Drive_3,Facebook,Conversion,Desktop,United Kingdom,New,2025-05-17,38.2,5535,47,2,106.16
CMP-1004,GoogleAds_Video_Views_4,Google Ads,Awareness,Desktop,India,Retargeting,2025-05-17,103.75,10449,209,6,596.96
CMP-1016,Instagram_Impression_Blitz_4,Instagram,Awareness,Mobile,United States,Retargeting,2025-05-17,130.05,8334,91,1,57.45
CMP-1042,Organic_Impression_Blitz_6,Organic,Awareness,Mobile,India,New,2025-05-17,0.0,7086,102,1,59.63
CMP-1029,Affiliate_Impression_Blitz_5,Affiliate,Awareness,Desktop,United States,Retargeting,2025-05-18,40.31,4349,54,1,95.58
CMP-1009,Facebook_Sale_Drive_3,Facebook,Conversion,Desktop,United Kingdom,New,2025-05-18,77.09,5096,83,4,390.4
CMP-1004,GoogleAds_Video_Views_4,Google Ads,Awareness,Desktop,India,Retargeting,2025-05-18,74.08,8037,148,5,486.57
CMP-1016,Instagram_Impression_Blitz_4,Instagram,Awareness,Mobile,United States,Retargeting,2025-05-18,92.27,9041,76,1,64.61
CMP-1042,Organic_Impression_Blitz_6,Organic,Awareness,Mobile,India,New,2025-05-18,0.0,5544,40,0,0.0
CMP-1029,Affiliate_Impression_Blitz_5,Affiliate,Awareness,Desktop,United States,Retargeting,2025-05-19,41.38,4832,57,1,74.44
CMP-1009,Facebook_Sale_Drive_3,Facebook,Conversion,Desktop,United Kingdom,New,2025-05-19,113.13,6036,111,5,457.97
CMP-1004,GoogleAds_Video_Views_4,Google Ads,Awareness,Desktop,India,Retargeting,2025-05-19,26.84,2985,56,2,191.9
CMP-1016,Instagram_Impression_Blitz_4,Instagram,Awareness,Mobile,United States,Retargeting,2025-05-19,116.95,12755,121,2,181.36
CMP-1042,Organic_Impression_Blitz_6,Organic,Awareness,Mobile,India,New,2025-05-19,0.0,6089,48,0,0.0
CMP-1029,Affiliate_Impression_Blitz_5,Affiliate,Awareness,Desktop,United States,Retargeting,2025-05-20,31.91,4580,55,1,84.19
CMP-1009,Facebook_Sale_Drive_3,Facebook,Conversion,Desktop,United Kingdom,New,2025-05-20,181.45,4818,148,6,671.68
CMP-1004,GoogleAds_Video_Views_4,Google Ads,Awareness,Desktop,India,Retargeting,2025-05-20,102.64,6943,167,6,708.77
CMP-1016,Instagram_Impression_Blitz_4,Instagram,Awareness,Mobile,United States,Retargeting,2025-05-20,105.55,8189,99,2,187.63
CMP-1042,Organic_Impression_Blitz_6,Organic,Awareness,Mobile,India,New,2025-05-20,0.0,5924,129,1,95.74
CMP-1029,Affiliate_Impression_Blitz_5,Affiliate,Awareness,Desktop,United States,Retargeting,2025-05-21,25.15,3657,47,1,76.78
CMP-1009,Facebook_Sale_Drive_3,Facebook,Conversion,Desktop,United Kingdom,New,2025-05-21,140.69,5777,145,4,233.96
CMP-1004,GoogleAds_Video_Views_4,Google Ads,Awareness,Desktop,India,Retargeting,2025-05-21,185.11,12888,296,10,743.21
CMP-1016,Instagram_Impression_Blitz_4,Instagram,Awareness,Mobile,United States,Retargeting,2025-05-21,131.06,9763,122,1,58.71
CMP-1042,Organic_Impression_Blitz_6,Organic,Awareness,Mobile,India,New,2025-05-21,0.0,7490,98,1,89.54
CMP-1029,Affiliate_Impression_Blitz_5,Affiliate,Awareness,Desktop,United States,Retargeting,2025-05-22,33.72,5247,52,1,85.05
CMP-1009,Facebook_Sale_Drive_3,Facebook,Conversion,Desktop,United Kingdom,New,2025-05-22,49.48,2477,43,2,196.95
CMP-1004,GoogleAds_Video_Views_4,Google Ads,Awareness,Desktop,India,Retargeting,2025-05-22,5.52,2192,11,1,91.09
CMP-1016,Instagram_Impression_Blitz_4,Instagram,Awareness,Mobile,United States,Retargeting,2025-05-22,75.81,10164,82,1,67.9
CMP-1042,Organic_Impression_Blitz_6,Organic,Awareness,Mobile,India,New,2025-05-22,0.0,5359,102,1,77.38
CMP-1029,Affiliate_Impression_Blitz_5,Affiliate,Awareness,Desktop,United States,Retargeting,2025-05-23,38.94,4415,51,1,76.32
CMP-1009,Facebook_Sale_Drive_3,Facebook,Conversion,Desktop,United Kingdom,New,2025-05-23,193.17,5889,166,5,394.92
CMP-1004,GoogleAds_Video_Views_4,Google Ads,Awareness,Desktop,India,Retargeting,2025-05-23,45.88,8673,141,5,553.79
CMP-1016,Instagram_Impression_Blitz_4,Instagram,Awareness,Mobile,United States,Retargeting,2025-05-23,83.18,12669,90,1,72.99
CMP-1042,Organic_Impression_Blitz_6,Organic,Awareness,Mobile,India,New,2025-05-23,0.0,9160,85,0,0.0
CMP-1029,Affiliate_Impression_Blitz_5,Affiliate,Awareness,Desktop,United States,Retargeting,2025-05-24,32.23,3234,52,2,163.16
CMP-1009,Facebook_Sale_Drive_3,Facebook,Conversion,Desktop,United Kingdom,New,2025-05-24,69.38,4497,74,2,178.64
CMP-1004,GoogleAds_Video_Views_4,Google Ads,Awareness,Desktop,India,Retargeting,2025-05-24,56.16,5808,98,6,677.64
CMP-1016,Instagram_Impression_Blitz_4,Instagram,Awareness,Mobile,United States,Retargeting,2025-05-24,70.65,8856,55,1,81.8
CMP-1042,Organic_Impression_Blitz_6,Organic,Awareness,Mobile,India,New,2025-05-24,0.0,4686,53,0,0.0
CMP-1029,Affiliate_Impression_Blitz_5,Affiliate,Awareness,Desktop,United States,Retargeting,2025-05-25,37.21,5537,54,1,67.01
CMP-1009,Facebook_Sale_Drive_3,Facebook,Conversion,Desktop,United Kingdom,New,2025-05-25,143.65,5024,133,5,274.33
CMP-1004,GoogleAds_Video_Views_4,Google Ads,Awareness,Desktop,India,Retargeting,2025-05-25,59.59,10571,105,4,273.82
CMP-1016,Instagram_Impression_Blitz_4,Instagram,Awareness,Mobile,United States,Retargeting,2025-05-25,143.28,13894,144,3,151.68
CMP-1042,Organic_Impression_Blitz_6,Organic,Awareness,Mobile,India,New,2025-05-25,0.0,6069,109,1,95.99
CMP-1029,Affiliate_Impression_Blitz_5,Affiliate,Awareness,Desktop,United States,Retargeting,2025-05-26,18.79,4932,43,1,92.51
CMP-1009,Facebook_Sale_Drive_3,Facebook,Conversion,Desktop,United Kingdom,New,2025-05-26,63.61,5261,68,2,197.22
CMP-1004,GoogleAds_Video_Views_4,Google Ads,Awareness,Desktop,India,Retargeting,2025-05-26,76.89,7800,141,8,694.62
CMP-1016,Instagram_Impression_Blitz_4,Instagram,Awareness,Mobile,United States,Retargeting,2025-05-26,43.77,9674,51,1,52.65
CMP-1042,Organic_Impression_Blitz_6,Organic,Awareness,Mobile,India,New,2025-05-26,0.0,6033,91,1,85.9
CMP-1029,Affiliate_Impression_Blitz_5,Affiliate,Awareness,Desktop,United States,Retargeting,2025-05-27,36.17,4496,53,1,87.68
CMP-1009,Facebook_Sale_Drive_3,Facebook,Conversion,Desktop,United Kingdom,New,2025-05-27,113.32,3483,94,5,445.21
CMP-1004,GoogleAds_Video_Views_4,Google Ads,Awareness,Desktop,India,Retargeting,2025-05-27,149.64,10677,247,10,1144.9
CMP-1016,Instagram_Impression_Blitz_4,Instagram,Awareness,Mobile,United States,Retargeting,2025-05-27,78.2,9436,73,1,80.52
CMP-1042,Organic_Impression_Blitz_6,Organic,Awareness,Mobile,India,New,2025-05-27,0.0,5679,99,1,57.17
CMP-1029,Affiliate_Impression_Blitz_5,Affiliate,Awareness,Desktop,United States,Retargeting,2025-05-28,49.96,6587,55,1,60.27
CMP-1009,Facebook_Sale_Drive_3,Facebook,Conversion,Desktop,United Kingdom,New,2025-05-28,56.53,2819,52,3,232.36
CMP-1004,GoogleAds_Video_Views_4,Google Ads,Awareness,Desktop,India,Retargeting,2025-05-28,58.6,11108,142,6,602.48
CMP-1016,Instagram_Impression_Blitz_4,Instagram,Awareness,Mobile,United States,Retargeting,2025-05-28,90.52,9632,82,1,48.04
CMP-1042,Organic_Impression_Blitz_6,Organic,Awareness,Mobile,India,New,2025-05-28,0.0,9876,152,1,81.51
CMP-1029,Affiliate_Impression_Blitz_5,Affiliate,Awareness,Desktop,United States,Retargeting,2025-05-29,12.85,2352,15,0,0.0
CMP-1009,Facebook_Sale_Drive_3,Facebook,Conversion,Desktop,United Kingdom,New,2025-05-29,44.01,3841,57,2,174.11
CMP-1004,GoogleAds_Video_Views_4,Google Ads,Awareness,Desktop,India,Retargeting,2025-05-29,193.43,14497,277,8,761.87
CMP-1016,Instagram_Impression_Blitz_4,Instagram,Awareness,Mobile,United States,Retargeting,2025-05-29,30.62,6271,45,1,68.05
CMP-1042,Organic_Impression_Blitz_6,Organic,Awareness,Mobile,India,New,2025-05-29,0.0,5698,83,1,52.45
CMP-1029,Affiliate_Impression_Blitz_5,Affiliate,Awareness,Desktop,United States,Retargeting,2025-05-30,51.72,6497,71,1,82.3
CMP-1009,Facebook_Sale_Drive_3,Facebook,Conversion,Desktop,United Kingdom,New,2025-05-30,107.57,5501,107,4,269.01
CMP-1004,GoogleAds_Video_Views_4,Google Ads,Awareness,Desktop,India,Retargeting,2025-05-30,53.03,9059,123,3,265.19
CMP-1016,Instagram_Impression_Blitz_4,Instagram,Awareness,Mobile,United States,Retargeting,2025-05-30,67.52,7092,63,2,152.32
CMP-1042,Organic_Impression_Blitz_6,Organic,Awareness,Mobile,India,New,2025-05-30,0.0,5912,76,1,91.58
CMP-1029,Affiliate_Impression_Blitz_5,Affiliate,Awareness,Desktop,United States,Retargeting,2025-05-31,43.01,3264,55,1,87.47
CMP-1009,Facebook_Sale_Drive_3,Facebook,Conversion,Desktop,United Kingdom,New,2025-05-31,143.85,5097,114,2,139.73
CMP-1004,GoogleAds_Video_Views_4,Google Ads,Awareness,Desktop,India,Retargeting,2025-05-31,81.89,9543,140,6,513.87
CMP-1016,Instagram_Impression_Blitz_4,Instagram,Awareness,Mobile,United States,Retargeting,2025-05-31,134.37,7719,107,2,159.07
CMP-1042,Organic_Impression_Blitz_6,Organic,Awareness,Mobile,India,New,2025-05-31,0.0,4804,52,0,0.0
CMP-1029,Affiliate_Impression_Blitz_5,Affiliate,Awareness,Desktop,United States,Retargeting,2025-06-01,33.46,4574,55,2,193.4
CMP-1009,Facebook_Sale_Drive_3,Facebook,Conversion,Desktop,United Kingdom,New,2025-06-01,45.42,2690,48,2,142.99
CMP-1004,GoogleAds_Video_Views_4,Google Ads,Awareness,Desktop,India,Retargeting,2025-06-01,44.61,5076,122,6,580.64
CMP-1016,Instagram_Impression_Blitz_4,Instagram,Awareness,Mobile,United States,Retargeting,2025-06-01,113.62,12119,97,1,72.11
CMP-1042,Organic_Impression_Blitz_6,Organic,Awareness,Mobile,India,New,2025-06-01,0.0,5819,121,1,62.39
CMP-1029,Affiliate_Impression_Blitz_5,Affiliate,Awareness,Desktop,United States,Retargeting,2025-06-02,51.29,4016,51,2,180.04
CMP-1009,Facebook_Sale_Drive_3,Facebook,Conversion,Desktop,United Kingdom,New,2025-06-02,87.54,3491,83,4,207.95
CMP-1004,GoogleAds_Video_Views_4,Google Ads,Awareness,Desktop,India,Retargeting,2025-06-02,84.15,12774,194,7,614.74
CMP-1016,Instagram_Impression_Blitz_4,Instagram,Awareness,Mobile,United States,Retargeting,2025-06-02,111.8,10036,73,1,69.13
CMP-1042,Organic_Impression_Blitz_6,Organic,Awareness,Mobile,India,New,2025-06-02,0.0,6238,134,1,91.78
CMP-1029,Affiliate_Impression_Blitz_5,Affiliate,Awareness,Desktop,United States,Retargeting,2025-06-03,19.39,3569,18,0,0.0
CMP-1009,Facebook_Sale_Drive_3,Facebook,Conversion,Desktop,United Kingdom,New,2025-06-03,70.73,3826,66,4,360.4
CMP-1004,GoogleAds_Video_Views_4,Google Ads,Awareness,Desktop,India,Retargeting,2025-06-03,97.44,7572,149,4,365.18
CMP-1016,Instagram_Impression_Blitz_4,Instagram,Awareness,Mobile,United States,Retargeting,2025-06-03,-121.33,8712,91,1,85.25
CMP-1042,Organic_Impression_Blitz_6,Organic,Awareness,Mobile,India,New,2025-06-03,0.0,4609,53,0,0.0
CMP-1029,Affiliate_Impression_Blitz_5,Affiliate,Awareness,Desktop,United States,Retargeting,2025-06-04,68.46,6552,89,1,80.51
CMP-1009,Facebook_Sale_Drive_3,Facebook,Conversion,Desktop,United Kingdom,New,2025-06-04,83.06,4302,104,4,378.92
CMP-1004,GoogleAds_Video_Views_4,Google Ads,Awareness,Desktop,India,Retargeting,2025-06-04,37.55,8105,76,2,186.6
CMP-1016,Instagram_Impression_Blitz_4,Instagram,Awareness,Mobile,United States,Retargeting,2025-06-04,166.18,13731,121,1,77.8
CMP-1042,Organic_Impression_Blitz_6,Organic,Awareness,Mobile,India,New,2025-06-04,0.0,5721,64,0,0.0
CMP-1029,Affiliate_Impression_Blitz_5,Affiliate,Awareness,Desktop,United States,Retargeting,2025-06-05,104.6,7275,90,2,201.65
CMP-1009,Facebook_Sale_Drive_3,Facebook,Conversion,Desktop,United Kingdom,New,2025-06-05,74.59,2996,70,4,272.61
CMP-1004,GoogleAds_Video_Views_4,Google Ads,Awareness,Desktop,India,Retargeting,2025-06-05,145.9,9541,246,6,484.63
CMP-1016,Instagram_Impression_Blitz_4,Instagram,Awareness,Mobile,United States,Retargeting,2025-06-05,276.7,14683,168,4,261.53
CMP-1042,Organic_Impression_Blitz_6,Organic,Awareness,Mobile,India,New,2025-06-05,0.0,7375,104,1,111.56
CMP-1029,Affiliate_Impression_Blitz_5,Affiliate,Awareness,Desktop,United States,Retargeting,2025-06-06,28.45,4505,45,1,86.88
CMP-1009,Facebook_Sale_Drive_3,Facebook,Conversion,Desktop,United Kingdom,New,2025-06-06,43.49,2918,59,1,82.89
CMP-1004,GoogleAds_Video_Views_4,Google Ads,Awareness,Desktop,India,Retargeting,2025-06-06,59.27,5432,110,2,201.62
CMP-1016,Instagram_Impression_Blitz_4,Instagram,Awareness,Mobile,United States,Retargeting,2025-06-06,146.79,13816,119,2,149.0
CMP-1042,Organic_Impression_Blitz_6,Organic,Awareness,Mobile,India,New,2025-06-06,0.0,8043,134,1,89.14
CMP-1029,Affiliate_Impression_Blitz_5,Affiliate,Awareness,Desktop,United States,Retargeting,2025-06-07,32.39,4723,60,1,92.77
CMP-1009,Facebook_Sale_Drive_3,Facebook,Conversion,Desktop,United Kingdom,New,2025-06-07,52.17,3328,60,2,148.54
CMP-1004,GoogleAds_Video_Views_4,Google Ads,Awareness,Desktop,India,Retargeting,2025-06-07,78.24,9189,154,6,841.56
CMP-1016,Instagram_Impression_Blitz_4,Instagram,Awareness,Mobile,United States,Retargeting,2025-06-07,58.99,6868,53,1,79.1
CMP-1042,Organic_Impression_Blitz_6,Organic,Awareness,Mobile,India,New,2025-06-07,0.0,5795,85,1,70.71
CMP-1029,Affiliate_Impression_Blitz_5,Affiliate,Awareness,Desktop,United States,Retargeting,2025-06-08,35.14,4388,56,1,91.18
CMP-1009,Facebook_Sale_Drive_3,Facebook,Conversion,Desktop,United Kingdom,New,2025-06-08,110.49,4391,95,5,413.04
CMP-1004,GoogleAds_Video_Views_4,Google Ads,Awareness,Desktop,India,Retargeting,2025-06-08,141.49,10962,221,10,625.73
CMP-1016,Instagram_Impression_Blitz_4,Instagram,Awareness,Mobile,United States,Retargeting,2025-06-08,43.42,7813,34,1,96.89
CMP-1042,Organic_Impression_Blitz_6,Organic,Awareness,Mobile,India,New,2025-06-08,0.0,5845,101,0,0.0
CMP-1029,Affiliate_Impression_Blitz_5,Affiliate,Awareness,Desktop,United States,Retargeting,2025-06-09,43.12,7107,61,1,103.98
CMP-1009,Facebook_Sale_Drive_3,Facebook,Conversion,Desktop,United Kingdom,New,2025-06-09,80.01,3232,77,5,345.94
CMP-1004,GoogleAds_Video_Views_4,Google Ads,Awareness,Desktop,India,Retargeting,2025-06-09,58.55,10381,118,4,389.46
CMP-1016,Instagram_Impression_Blitz_4,Instagram,Awareness,Mobile,United States,Retargeting,2025-06-09,69.61,15454,72,1,84.47
CMP-1042,Organic_Impression_Blitz_6,Organic,Awareness,Mobile,India,New,2025-06-09,0.0,5822,89,1,75.88
CMP-1029,Affiliate_Impression_Blitz_5,Affiliate,Awareness,Desktop,United States,Retargeting,2025-06-10,29.04,1982,26,1,96.04
CMP-1009,Facebook_Sale_Drive_3,Facebook,Conversion,Desktop,United Kingdom,New,2025-06-10,138.75,4616,150,8,524.77
CMP-1004,GoogleAds_Video_Views_4,Google Ads,Awareness,Desktop,India,Retargeting,2025-06-10,43.58,5363,122,2,158.82
CMP-1016,Instagram_Impression_Blitz_4,Instagram,Awareness,Mobile,United States,Retargeting,2025-06-10,50.68,10841,46,1,90.18
CMP-1042,Organic_Impression_Blitz_6,Organic,Awareness,Mobile,India,New,2025-06-10,0.0,5596,84,1,98.24
CMP-1029,Affiliate_Impression_Blitz_5,Affiliate,Awareness,Desktop,United States,Retargeting,2025-06-11,59.24,5303,85,2,156.45
CMP-1009,Facebook_Sale_Drive_3,Facebook,Conversion,Desktop,United Kingdom,New,2025-06-11,168.72,6143,160,7,649.4
CMP-1004,GoogleAds_Video_Views_4,Google Ads,Awareness,Desktop,India,Retargeting,2025-06-11,66.78,9270,150,5,507.81
CMP-1016,Instagram_Impression_Blitz_4,Instagram,Awareness,Mobile,United States,Retargeting,2025-06-11,80.65,9348,85,0,0.0
CMP-1042,Organic_Impression_Blitz_6,Organic,Awareness,Mobile,India,New,2025-06-11,0.0,4929,122,1,84.05
CMP-1029,Affiliate_Impression_Blitz_5,Affiliate,Awareness,Desktop,United States,Retargeting,2025-06-12,25.94,3830,43,1,75.19
CMP-1009,Facebook_Sale_Drive_3,Facebook,Conversion,Desktop,United Kingdom,New,2025-06-12,78.34,3074,81,1,77.1
CMP-1004,GoogleAds_Video_Views_4,Google Ads,Awareness,Desktop,India,Retargeting,2025-06-12,109.45,11579,193,7,649.4
CMP-1016,Instagram_Impression_Blitz_4,Instagram,Awareness,Mobile,United States,Retargeting,2025-06-12,74.28,12240,64,1,67.02
CMP-1042,Organic_Impression_Blitz_6,Organic,Awareness,Mobile,India,New,2025-06-12,0.0,3909,52,0,0.0
CMP-1029,Affiliate_Impression_Blitz_5,Affiliate,Awareness,Desktop,United States,Retargeting,2025-06-13,8.95,1659,15,0,0.0
CMP-1009,Facebook_Sale_Drive_3,Facebook,Conversion,Desktop,United Kingdom,New,2025-06-13,169.48,4498,173,3,319.17
CMP-1004,GoogleAds_Video_Views_4,Google Ads,Awareness,Desktop,India,Retargeting,2025-06-13,39.27,4592,71,4,418.47
CMP-1016,Instagram_Impression_Blitz_4,Instagram,Awareness,Mobile,United States,Retargeting,2025-06-13,136.51,13088,144,2,141.73
CMP-1042,Organic_Impression_Blitz_6,Organic,Awareness,Mobile,India,New,2025-06-13,0.0,5276,115,1,59.23
CMP-1029,Affiliate_Impression_Blitz_5,Affiliate,Awareness,Desktop,United States,Retargeting,2025-06-14,41.72,3887,45,1,73.37
CMP-1009,Facebook_Sale_Drive_3,Facebook,Conversion,Desktop,United Kingdom,New,2025-06-14,141.8,5489,130,6,471.9
CMP-1004,GoogleAds_Video_Views_4,Google Ads,Awareness,Desktop,India,Retargeting,2025-06-14,34.26,6061,91,2,222.93
CMP-1016,Instagram_Impression_Blitz_4,Instagram,Awareness,Mobile,United States,Retargeting,2025-06-14,59.28,7611,63,1,72.09
CMP-1042,Organic_Impression_Blitz_6,Organic,Awareness,Mobile,India,New,2025-06-14,0.0,7062,148,1,80.88
CMP-1029,Affiliate_Impression_Blitz_5,Affiliate,Awareness,Desktop,United States,Retargeting,2025-06-15,88.6,6538,98,2,137.8
CMP-1009,Facebook_Sale_Drive_3,Facebook,Conversion,Desktop,United Kingdom,New,2025-06-15,75.83,3801,89,4,259.99
CMP-1004,GoogleAds_Video_Views_4,Google Ads,Awareness,Desktop,India,Retargeting,2025-06-15,100.41,10744,222,7,666.31
CMP-1016,Instagram_Impression_Blitz_4,Instagram,Awareness,Mobile,United States,Retargeting,2025-06-15,87.28,9699,75,2,121.15
CMP-1042,Organic_Impression_Blitz_6,Organic,Awareness,Mobile,India,New,2025-06-15,0.0,5149,89,1,79.19
CMP-1029,Affiliate_Impression_Blitz_5,Affiliate,Awareness,Desktop,United States,Retargeting,2025-06-16,21.24,3925,32,1,52.44
CMP-1009,Facebook_Sale_Drive_3,Facebook,Conversion,Desktop,United Kingdom,New,2025-06-16,98.45,4021,100,3,285.68
CMP-1004,GoogleAds_Video_Views_4,Google Ads,Awareness,Desktop,India,Retargeting,2025-06-16,89.77,10320,193,10,1107.47
CMP-1016,Instagram_Impression_Blitz_4,Instagram,Awareness,Mobile,United States,Retargeting,2025-06-16,86.27,12851,82,1,90.86
CMP-1042,Organic_Impression_Blitz_6,Organic,Awareness,Mobile,India,New,2025-06-16,0.0,5846,47,0,0.0
CMP-1029,Affiliate_Impression_Blitz_5,Affiliate,Awareness,Desktop,United States,Retargeting,2025-06-17,35.97,5854,82,2,122.59
CMP-1009,Facebook_Sale_Drive_3,Facebook,Conversion,Desktop,United Kingdom,New,2025-06-17,86.82,6279,94,4,347.43
CMP-1004,GoogleAds_Video_Views_4,Google Ads,Awareness,Desktop,India,Retargeting,2025-06-17,106.13,10699,219,9,478.61
CMP-1016,Instagram_Impression_Blitz_4,Instagram,Awareness,Mobile,United States,Retargeting,2025-06-17,44.83,6730,65,1,85.77
CMP-1042,Organic_Impression_Blitz_6,Organic,Awareness,Mobile,India,New,2025-06-17,0.0,5815,90,1,76.81
CMP-1029,Affiliate_Impression_Blitz_5,Affiliate,Awareness,Desktop,United States,Retargeting,2025-06-18,35.26,6398,63,2,230.75
CMP-1009,Facebook_Sale_Drive_3,Facebook,Conversion,Desktop,United Kingdom,New,2025-06-18,55.61,4369,79,4,352.82
CMP-1004,GoogleAds_Video_Views_4,Google Ads,Awareness,Desktop,India,Retargeting,2025-06-18,100.78,14559,256,11,1301.72
CMP-1016,Instagram_Impression_Blitz_4,Instagram,Awareness,Mobile,United States,Retargeting,2025-06-18,51.83,10170,66,1,69.93
CMP-1042,Organic_Impression_Blitz_6,Organic,Awareness,Mobile,India,New,2025-06-18,0.0,8392,113,0,0.0
CMP-1029,Affiliate_Impression_Blitz_5,Affiliate,Awareness,Desktop,United States,Retargeting,2025-06-19,63.32,4783,62,2,149.91
CMP-1009,Facebook_Sale_Drive_3,Facebook,Conversion,Desktop,United Kingdom,New,2025-06-19,90.06,6203,110,6,568.3
CMP-1004,GoogleAds_Video_Views_4,Google Ads,Awareness,Desktop,India,Retargeting,2025-06-19,99.1,10849,215,8,785.69
CMP-1016,Instagram_Impression_Blitz_4,Instagram,Awareness,Mobile,United States,Retargeting,2025-06-19,35.6,6864,42,0,0.0
CMP-1042,Organic_Impression_Blitz_6,Organic,Awareness,Mobile,India,New,2025-06-19,0.0,4915,76,1,79.94
CMP-1029,Affiliate_Impression_Blitz_5,Affiliate,Awareness,Desktop,United States,Retargeting,2025-06-20,43.56,4961,51,1,114.12
CMP-1009,Facebook_Sale_Drive_3,Facebook,Conversion,Desktop,United Kingdom,New,2025-06-20,162.24,5324,130,6,413.01
CMP-1004,GoogleAds_Video_Views_4,Google Ads,Awareness,Desktop,India,Retargeting,2025-06-20,80.89,11354,179,7,768.94
CMP-1016,Instagram_Impression_Blitz_4,Instagram,Awareness,Mobile,United States,Retargeting,2025-06-20,71.19,7248,79,1,76.97
CMP-1042,Organic_Impression_Blitz_6,Organic,Awareness,Mobile,India,New,2025-06-20,0.0,6843,77,1,59.67
CMP-1029,Affiliate_Impression_Blitz_5,Affiliate,Awareness,Desktop,United States,Retargeting,2025-06-21,17.32,2260,23,1,91.17
CMP-1009,Facebook_Sale_Drive_3,Facebook,Conversion,Desktop,United Kingdom,New,2025-06-21,80.38,3889,77,5,381.07
CMP-1004,GoogleAds_Video_Views_4,Google Ads,Awareness,Desktop,India,Retargeting,2025-06-21,243.58,15146,415,18,1292.38
CMP-1016,Instagram_Impression_Blitz_4,Instagram,Awareness,Mobile,United States,Retargeting,2025-06-21,80.31,7633,69,1,83.59
CMP-1042,Organic_Impression_Blitz_6,Organic,Awareness,Mobile,India,New,2025-06-21,0.0,5661,104,1,76.07
CMP-1029,Affiliate_Impression_Blitz_5,Affiliate,Awareness,Desktop,United States,Retargeting,2025-06-22,61.67,3461,59,2,168.48
CMP-1009,Facebook_Sale_Drive_3,Facebook,Conversion,Desktop,United Kingdom,New,2025-06-22,77.91,4851,104,5,377.96
CMP-1004,GoogleAds_Video_Views_4,Google Ads,Awareness,Desktop,India,Retargeting,2025-06-22,51.36,8127,87,2,156.48
CMP-1016,Instagram_Impression_Blitz_4,Instagram,Awareness,Mobile,United States,Retargeting,2025-06-22,89.95,10380,80,2,112.19
CMP-1042,Organic_Impression_Blitz_6,Organic,Awareness,Mobile,India,New,2025-06-22,0.0,5858,112,1,73.26
CMP-1029,Affiliate_Impression_Blitz_5,Affiliate,Awareness,Desktop,United States,Retargeting,2025-06-23,47.69,6009,45,1,62.04
CMP-1009,Facebook_Sale_Drive_3,Facebook,Conversion,Desktop,United Kingdom,New,2025-06-23,99.65,5183,140,6,359.27
CMP-1004,GoogleAds_Video_Views_4,Google Ads,Awareness,Desktop,India,Retargeting,2025-06-23,87.26,7472,173,8,755.33
CMP-1016,Instagram_Impression_Blitz_4,Instagram,Awareness,Mobile,United States,Retargeting,2025-06-23,115.32,9189,89,2,144.12
CMP-1042,Organic_Impression_Blitz_6,Organic,Awareness,Mobile,India,New,2025-06-23,0.0,6791,135,1,82.79
CMP-1029,Affiliate_Impression_Blitz_5,Affiliate,Awareness,Desktop,United States,Retargeting,2025-06-24,49.36,4881,67,2,170.14
CMP-1009,Facebook_Sale_Drive_3,Facebook,Conversion,Desktop,United Kingdom,New,2025-06-24,149.47,6094,156,9,668.69
CMP-1004,GoogleAds_Video_Views_4,Google Ads,Awareness,Desktop,India,Retargeting,2025-06-24,122.48,10741,254,6,550.31
CMP-1016,Instagram_Impression_Blitz_4,Instagram,Awareness,Mobile,United States,Retargeting,2025-06-24,83.81,8231,68,1,73.23
CMP-1042,Organic_Impression_Blitz_6,Organic,Awareness,Mobile,India,New,2025-06-24,0.0,6491,90,0,0.0
CMP-1029,Affiliate_Impression_Blitz_5,Affiliate,Awareness,Desktop,United States,Retargeting,2025-06-25,69.53,5290,94,4,455.8
CMP-1009,Facebook_Sale_Drive_3,Facebook,Conversion,Desktop,United Kingdom,New,2025-06-25,99.74,4054,80,3,290.29
CMP-1004,GoogleAds_Video_Views_4,Google Ads,Awareness,Desktop,India,Retargeting,2025-06-25,78.98,10771,149,6,580.13
CMP-1016,Instagram_Impression_Blitz_4,Instagram,Awareness,Mobile,United States,Retargeting,2025-06-25,121.92,10285,94,2,164.61
CMP-1042,Organic_Impression_Blitz_6,Organic,Awareness,Mobile,India,New,2025-06-25,0.0,7669,87,1,74.07
CMP-1029,Affiliate_Impression_Blitz_5,Affiliate,Awareness,Desktop,United States,Retargeting,2025-06-26,46.02,4978,71,1,108.83
CMP-1009,Facebook_Sale_Drive_3,Facebook,Conversion,Desktop,United Kingdom,New,2025-06-26,76.57,4820,81,6,487.99
CMP-1004,GoogleAds_Video_Views_4,Google Ads,Awareness,Desktop,India,Retargeting,2025-06-26,99.9,8195,225,9,989.64
CMP-1016,Instagram_Impression_Blitz_4,Instagram,Awareness,Mobile,United States,Retargeting,2025-06-26,52.94,6769,44,1,65.63
CMP-1029,Affiliate_Impression_Blitz_5,Affiliate,Awareness,Desktop,United States,Retargeting,2025-06-27,41.78,7723,60,2,178.39
CMP-1009,Facebook_Sale_Drive_3,Facebook,Conversion,Desktop,United Kingdom,New,2025-06-27,153.98,4687,128,6,354.61
CMP-1004,GoogleAds_Video_Views_4,Google Ads,Awareness,Desktop,India,Retargeting,2025-06-27,62.14,6847,150,5,313.84
CMP-1016,Instagram_Impression_Blitz_4,Instagram,Awareness,Mobile,United States,Retargeting,2025-06-27,163.88,11391,146,3,122.1
CMP-1029,Affiliate_Impression_Blitz_5,Affiliate,Awareness,Desktop,United States,Retargeting,2025-06-28,15.05,3803,30,1,67.43
CMP-1009,Facebook_Sale_Drive_3,Facebook,Conversion,Desktop,United Kingdom,New,2025-06-28,133.93,5114,129,6,336.94
CMP-1004,GoogleAds_Video_Views_4,Google Ads,Awareness,Desktop,India,Retargeting,2025-06-28,134.19,14184,310,11,1189.39
CMP-1016,Instagram_Impression_Blitz_4,Instagram,Awareness,Mobile,United States,Retargeting,2025-06-28,109.42,12107,84,2,119.18
CMP-1036,TikTok_Sale_Drive_6,TikTok,Conversion,Mobile,United States,Returning,2025-06-28,32.99,2403,69,2,99.54
CMP-1029,Affiliate_Impression_Blitz_5,Affiliate,Awareness,Desktop,United States,Retargeting,2025-06-29,30.06,6246,60,2,140.71
CMP-1009,Facebook_Sale_Drive_3,Facebook,Conversion,Desktop,United Kingdom,New,2025-06-29,37.06,3091,35,2,202.75
CMP-1004,GoogleAds_Video_Views_4,Google Ads,Awareness,Desktop,India,Retargeting,2025-06-29,76.88,9424,167,5,460.69
CMP-1016,Instagram_Impression_Blitz_4,Instagram,Awareness,Mobile,United States,Retargeting,2025-06-29,131.68,8911,104,2,146.37
CMP-1036,TikTok_Sale_Drive_6,TikTok,Conversion,Mobile,United States,Returning,2025-06-29,51.2,3324,58,2,151.04
CMP-1029,Affiliate_Impression_Blitz_5,Affiliate,Awareness,Desktop,United States,Retargeting,2025-06-30,29.2,4978,63,1,71.96
CMP-1009,Facebook_Sale_Drive_3,Facebook,Conversion,Desktop,United Kingdom,New,2025-06-30,85.92,6089,115,8,613.86
CMP-1004,GoogleAds_Video_Views_4,Google Ads,Awareness,Desktop,India,Retargeting,2025-06-30,52.42,7647,127,3,265.88
CMP-1016,Instagram_Impression_Blitz_4,Instagram,Awareness,Mobile,United States,Retargeting,2025-06-30,86.71,9539,75,1,74.85
CMP-1036,TikTok_Sale_Drive_6,TikTok,Conversion,Mobile,United States,Returning,2025-06-30,76.15,4613,100,3,156.69
CMP-1029,Affiliate_Impression_Blitz_5,Affiliate,Awareness,Desktop,United States,Retargeting,2025-07-01,83.55,7059,91,3,313.67
CMP-1009,Facebook_Sale_Drive_3,Facebook,Conversion,Desktop,United Kingdom,New,2025-07-01,132.15,5373,116,6,413.46
CMP-1004,GoogleAds_Video_Views_4,Google Ads,Awareness,Desktop,India,Retargeting,2025-07-01,106.95,12042,201,7,473.47
CMP-1016,Instagram_Impression_Blitz_4,Instagram,Awareness,Mobile,United States,Retargeting,2025-07-01,151.13,11229,113,3,289.28
CMP-1036,TikTok_Sale_Drive_6,TikTok,Conversion,Mobile,United States,Returning,2025-07-01,47.48,4484,91,2,71.54
CMP-1029,Affiliate_Impression_Blitz_5,Affiliate,Awareness,Desktop,United States,Retargeting,2025-07-02,12.24,3167,25,1,109.97
CMP-1009,Facebook_Sale_Drive_3,Facebook,Conversion,Desktop,United Kingdom,New,2025-07-02,70.82,3055,77,2,148.31
CMP-1004,GoogleAds_Video_Views_4,Google Ads,Awareness,Desktop,India,Retargeting,2025-07-02,104.97,9309,180,5,501.65
CMP-1016,Instagram_Impression_Blitz_4,Instagram,Awareness,Mobile,United States,Retargeting,2025-07-02,24.8,4183,41,1,81.76
CMP-1036,TikTok_Sale_Drive_6,TikTok,Conversion,Mobile,United States,Returning,2025-07-02,50.24,2638,78,2,91.65
CMP-1029,Affiliate_Impression_Blitz_5,Affiliate,Awareness,Desktop,United States,Retargeting,2025-07-03,49.74,5046,47,1,88.0
CMP-1009,Facebook_Sale_Drive_3,Facebook,Conversion,Desktop,United Kingdom,New,2025-07-03,184.73,6337,164,10,572.59
CMP-1004,GoogleAds_Video_Views_4,Google Ads,Awareness,Desktop,India,Retargeting,2025-07-03,79.43,8926,212,8,416.18
CMP-1016,Instagram_Impression_Blitz_4,Instagram,Awareness,Mobile,United States,Retargeting,2025-07-03,128.67,11708,126,2,150.17
CMP-1036,TikTok_Sale_Drive_6,TikTok,Conversion,Mobile,United States,Returning,2025-07-03,33.22,1637,38,2,135.37
CMP-1029,Affiliate_Impression_Blitz_5,Affiliate,Awareness,Desktop,United States,Retargeting,2025-07-04,24.97,4275,40,1,80.36
CMP-1009,Facebook_Sale_Drive_3,Facebook,Conversion,Desktop,United Kingdom,New,2025-07-04,143.14,7671,171,7,685.86
CMP-1004,GoogleAds_Video_Views_4,Google Ads,Awareness,Desktop,India,Retargeting,2025-07-04,106.03,11099,204,5,513.69
CMP-1016,Instagram_Impression_Blitz_4,Instagram,Awareness,Mobile,United States,Retargeting,2025-07-04,125.22,19232,123,3,220.71
CMP-1039,Organic_Interest_Boost_3,Organic,Consideration,Desktop,India,New,2025-07-04,0.0,3857,122,2,167.52
CMP-1036,TikTok_Sale_Drive_6,TikTok,Conversion,Mobile,United States,Returning,2025-07-04,36.19,1823,57,2,110.73
CMP-1029,Affiliate_Impression_Blitz_5,Affiliate,Awareness,Desktop,United States,Retargeting,2025-07-05,53.25,4487,52,0,0.0
CMP-1009,Facebook_Sale_Drive_3,Facebook,Conversion,Desktop,United Kingdom,New,2025-07-05,132.05,5462,131,6,434.89
CMP-1004,GoogleAds_Video_Views_4,Google Ads,Awareness,Desktop,India,Retargeting,2025-07-05,37.33,5539,75,3,201.87
CMP-1016,Instagram_Impression_Blitz_4,Instagram,Awareness,Mobile,United States,Retargeting,2025-07-05,122.15,8796,93,2,177.42
CMP-1039,Organic_Interest_Boost_3,Organic,Consideration,Desktop,India,New,2025-07-05,0.0,3197,85,2,194.48
CMP-1036,TikTok_Sale_Drive_6,TikTok,Conversion,Mobile,United States,Returning,2025-07-05,36.23,2621,42,1,56.6
CMP-1029,Affiliate_Impression_Blitz_5,Affiliate,Awareness,Desktop,United States,Retargeting,2025-07-06,73.8,5787,108,2,140.06
CMP-1009,Facebook_Sale_Drive_3,Facebook,Conversion,Desktop,United Kingdom,New,2025-07-06,130.82,5960,126,4,388.79
CMP-1016,Instagram_Impression_Blitz_4,Instagram,Awareness,Mobile,United States,Retargeting,2025-07-06,151.01,8806,108,2,132.28
CMP-1039,Organic_Interest_Boost_3,Organic,Consideration,Desktop,India,New,2025-07-06,0.0,2350,46,1,55.46
CMP-1036,TikTok_Sale_Drive_6,TikTok,Conversion,Mobile,United States,Returning,2025-07-06,120.66,4351,104,2,140.43
CMP-1029,Affiliate_Impression_Blitz_5,Affiliate,Awareness,Desktop,United States,Retargeting,2025-07-07,23.46,5305,48,1,85.79
CMP-1009,Facebook_Sale_Drive_3,Facebook,Conversion,Desktop,United Kingdom,New,2025-07-07,77.98,4878,82,4,314.9
CMP-1016,Instagram_Impression_Blitz_4,Instagram,Awareness,Mobile,United States,Retargeting,2025-07-07,74.7,12315,95,1,72.13
CMP-1039,Organic_Interest_Boost_3,Organic,Consideration,Desktop,India,New,2025-07-07,0.0,2546,82,2,147.15
CMP-1036,TikTok_Sale_Drive_6,TikTok,Conversion,Mobile,United States,Returning,2025-07-07,42.23,2461,50,2,99.77
CMP-1029,Affiliate_Impression_Blitz_5,Affiliate,Awareness,Desktop,United States,Retargeting,2025-07-08,54.18,6427,57,1,92.08
CMP-1009,Facebook_Sale_Drive_3,Facebook,Conversion,Desktop,United Kingdom,New,2025-07-08,52.36,2607,50,2,196.14
CMP-1016,Instagram_Impression_Blitz_4,Instagram,Awareness,Mobile,United States,Retargeting,2025-07-08,170.72,14960,125,3,178.47
CMP-1039,Organic_Interest_Boost_3,Organic,Consideration,Desktop,India,New,2025-07-08,0.0,3194,80,1,109.06
CMP-1036,TikTok_Sale_Drive_6,TikTok,Conversion,Mobile,United States,Returning,2025-07-08,21.14,2604,41,1,64.6
CMP-1029,Affiliate_Impression_Blitz_5,Affiliate,Awareness,Desktop,United States,Retargeting,2025-07-09,32.0,3906,33,1,71.8
CMP-1009,Facebook_Sale_Drive_3,Facebook,Conversion,Desktop,United Kingdom,New,2025-07-09,45.65,2369,49,2,163.21
CMP-1016,Instagram_Impression_Blitz_4,Instagram,Awareness,Mobile,United States,Retargeting,2025-07-09,77.54,12993,92,2,185.8
CMP-1039,Organic_Interest_Boost_3,Organic,Consideration,Desktop,India,New,2025-07-09,0.0,3359,99,2,168.62
CMP-1036,TikTok_Sale_Drive_6,TikTok,Conversion,Mobile,United States,Returning,2025-07-09,38.95,2582,61,2,102.05
CMP-1029,Affiliate_Impression_Blitz_5,Affiliate,Awareness,Desktop,United States,Retargeting,2025-07-10,31.57,3703,53,2,150.54
CMP-1009,Facebook_Sale_Drive_3,Facebook,Conversion,Desktop,United Kingdom,New,2025-07-10,90.88,5098,105,4,359.92
CMP-1016,Instagram_Impression_Blitz_4,Instagram,Awareness,Mobile,United States,Retargeting,2025-07-10,24.62,3810,29,1,79.23
CMP-1039,Organic_Interest_Boost_3,Organic,Consideration,Desktop,India,New,2025-07-10,0.0,4283,116,2,127.48
CMP-1036,TikTok_Sale_Drive_6,TikTok,Conversion,Mobile,United States,Returning,2025-07-10,72.96,2674,97,3,192.04
CMP-1029,Affiliate_Impression_Blitz_5,Affiliate,Awareness,Desktop,United States,Retargeting,2025-07-11,39.95,4821,58,1,74.08
CMP-1009,Facebook_Sale_Drive_3,Facebook,Conversion,Desktop,United Kingdom,New,2025-07-11,48.92,3997,39,3,264.29
CMP-1016,Instagram_Impression_Blitz_4,Instagram,Awareness,Mobile,United States,Retargeting,2025-07-11,146.62,11786,142,2,129.15
CMP-1039,Organic_Interest_Boost_3,Organic,Consideration,Desktop,India,New,2025-07-11,0.0,5044,173,4,326.76
CMP-1036,TikTok_Sale_Drive_6,TikTok,Conversion,Mobile,United States,Returning,2025-07-11,43.58,3238,59,2,107.83
CMP-1029,Affiliate_Impression_Blitz_5,Affiliate,Awareness,Desktop,United States,Retargeting,2025-07-12,23.23,4274,39,1,106.68
CMP-1009,Facebook_Sale_Drive_3,Facebook,Conversion,Desktop,United Kingdom,New,2025-07-12,68.35,3220,59,4,347.0
CMP-1016,Instagram_Impression_Blitz_4,Instagram,Awareness,Mobile,United States,Retargeting,2025-07-12,97.49,15910,96,2,144.95
CMP-1039,Organic_Interest_Boost_3,Organic,Consideration,Desktop,India,New,2025-07-12,0.0,4062,120,2,189.42
CMP-1036,TikTok_Sale_Drive_6,TikTok,Conversion,Mobile,United States,Returning,2025-07-12,32.79,1677,39,1,55.48
CMP-1029,Affiliate_Impression_Blitz_5,Affiliate,Awareness,Desktop,United States,Retargeting,2025-07-13,32.53,4097,45,1,114.29
CMP-1009,Facebook_Sale_Drive_3,Facebook,Conversion,Desktop,United Kingdom,New,2025-07-13,75.32,4217,89,4,331.54
CMP-1016,Instagram_Impression_Blitz_4,Instagram,Awareness,Mobile,United States,Retargeting,2025-07-13,50.45,10763,66,1,80.79
CMP-1039,Organic_Interest_Boost_3,Organic,Consideration,Desktop,India,New,2025-07-13,0.0,4275,93,1,43.33
CMP-1036,TikTok_Sale_Drive_6,TikTok,Conversion,Mobile,United States,Returning,2025-07-13,52.4,3982,60,2,133.12
CMP-1029,Affiliate_Impression_Blitz_5,Affiliate,Awareness,Desktop,United States,Retargeting,2025-07-14,25.08,3522,33,1,86.76
CMP-1009,Facebook_Sale_Drive_3,Facebook,Conversion,Desktop,United Kingdom,New,2025-07-14,114.01,5567,106,5,373.65
CMP-1016,Instagram_Impression_Blitz_4,Instagram,Awareness,Mobile,United States,Retargeting,2025-07-14,96.93,6747,80,1,70.66
CMP-1039,Organic_Interest_Boost_3,Organic,Consideration,Desktop,India,New,2025-07-14,0.0,3733,113,2,165.08
CMP-1036,TikTok_Sale_Drive_6,TikTok,Conversion,Mobile,United States,Returning,2025-07-14,51.06,3093,44,2,131.62
CMP-1029,Affiliate_Impression_Blitz_5,Affiliate,Awareness,Desktop,United States,Retargeting,2025-07-15,57.59,6398,84,2,161.79
CMP-1009,Facebook_Sale_Drive_3,Facebook,Conversion,Desktop,United Kingdom,New,2025-07-15,46.72,2878,55,2,209.79
CMP-1016,Instagram_Impression_Blitz_4,Instagram,Awareness,Mobile,United States,Retargeting,2025-07-15,127.85,10960,105,2,133.76
CMP-1039,Organic_Interest_Boost_3,Organic,Consideration,Desktop,India,New,2025-07-15,0.0,4603,140,2,149.27
CMP-1036,TikTok_Sale_Drive_6,TikTok,Conversion,Mobile,United States,Returning,2025-07-15,89.83,5936,111,4,225.09
CMP-1029,Affiliate_Impression_Blitz_5,Affiliate,Awareness,Desktop,United States,Retargeting,2025-07-16,40.31,4316,90,2,151.64
CMP-1009,Facebook_Sale_Drive_3,Facebook,Conversion,Desktop,United Kingdom,New,2025-07-16,75.77,4183,98,6,391.6
CMP-1016,Instagram_Impression_Blitz_4,Instagram,Awareness,Mobile,United States,Retargeting,2025-07-16,106.06,6377,82,1,65.29
CMP-1039,Organic_Interest_Boost_3,Organic,Consideration,Desktop,India,New,2025-07-16,0.0,3852,122,2,112.71
CMP-1036,TikTok_Sale_Drive_6,TikTok,Conversion,Mobile,United States,Returning,2025-07-16,24.22,1979,42,2,106.15
CMP-1029,Affiliate_Impression_Blitz_5,Affiliate,Awareness,Desktop,United States,Retargeting,2025-07-17,60.3,6701,93,1,85.03
CMP-1009,Facebook_Sale_Drive_3,Facebook,Conversion,Desktop,United Kingdom,New,2025-07-17,113.27,6729,98,4,312.24
CMP-1039,Organic_Interest_Boost_3,Organic,Consideration,Desktop,India,New,2025-07-17,0.0,3559,125,1,81.18
CMP-1036,TikTok_Sale_Drive_6,TikTok,Conversion,Mobile,United States,Returning,2025-07-17,110.63,4972,106,2,149.39
CMP-1029,Affiliate_Impression_Blitz_5,Affiliate,Awareness,Desktop,United States,Retargeting,2025-07-18,48.82,4817,57,1,76.58
CMP-1009,Facebook_Sale_Drive_3,Facebook,Conversion,Desktop,United Kingdom,New,2025-07-18,25.97,3369,38,1,78.21
CMP-1039,Organic_Interest_Boost_3,Organic,Consideration,Desktop,India,New,2025-07-18,0.0,5897,140,3,234.1
CMP-1036,TikTok_Sale_Drive_6,TikTok,Conversion,Mobile,United States,Returning,2025-07-18,114.04,4757,107,2,128.31
CMP-1029,Affiliate_Impression_Blitz_5,Affiliate,Awareness,Desktop,United States,Retargeting,2025-07-19,35.43,5098,50,1,83.52
CMP-1009,Facebook_Sale_Drive_3,Facebook,Conversion,Desktop,United Kingdom,New,2025-07-19,112.6,5308,99,6,501.9
CMP-1039,Organic_Interest_Boost_3,Organic,Consideration,Desktop,India,New,2025-07-19,0.0,1503,49,1,79.65
CMP-1036,TikTok_Sale_Drive_6,TikTok,Conversion,Mobile,United States,Returning,2025-07-19,27.43,2524,32,1,53.92
CMP-1029,Affiliate_Impression_Blitz_5,Affiliate,Awareness,Desktop,United States,Retargeting,2025-07-20,26.2,4989,38,1,91.32
CMP-1009,Facebook_Sale_Drive_3,Facebook,Conversion,Desktop,United Kingdom,New,2025-07-20,86.85,3723,93,3,215.91
CMP-1039,Organic_Interest_Boost_3,Organic,Consideration,Desktop,India,New,2025-07-20,0.0,1914,30,1,74.99
CMP-1036,TikTok_Sale_Drive_6,TikTok,Conversion,Mobile,United States,Returning,2025-07-20,38.01,2540,50,2,102.36
CMP-1029,Affiliate_Impression_Blitz_5,Affiliate,Awareness,Desktop,United States,Retargeting,2025-07-21,31.95,3701,54,1,78.8
CMP-1009,Facebook_Sale_Drive_3,Facebook,Conversion,Desktop,United Kingdom,New,2025-07-21,156.21,5476,166,7,576.93
CMP-1039,Organic_Interest_Boost_3,Organic,Consideration,Desktop,India,New,2025-07-21,0.0,4383,119,2,130.59
CMP-1036,TikTok_Sale_Drive_6,TikTok,Conversion,Mobile,United States,Returning,2025-07-21,58.04,2252,62,2,137.4
CMP-1029,Affiliate_Impression_Blitz_5,Affiliate,Awareness,Desktop,United States,Retargeting,2025-07-22,48.92,5290,76,1,82.1
CMP-1009,Facebook_Sale_Drive_3,Facebook,Conversion,Desktop,United Kingdom,New,2025-07-22,163.52,6193,156,4,302.52
CMP-1039,Organic_Interest_Boost_3,Organic,Consideration,Desktop,India,New,2025-07-22,0.0,3735,97,1,59.05
CMP-1036,TikTok_Sale_Drive_6,TikTok,Conversion,Mobile,United States,Returning,2025-07-22,25.32,2264,33,1,59.2
CMP-1029,Affiliate_Impression_Blitz_5,Affiliate,Awareness,Desktop,United States,Retargeting,2025-07-23,75.72,7371,78,2,164.33
CMP-1009,Facebook_Sale_Drive_3,Facebook,Conversion,Desktop,United Kingdom,New,2025-07-23,75.44,5730,70,4,223.16
CMP-1039,Organic_Interest_Boost_3,Organic,Consideration,Desktop,India,New,2025-07-23,0.0,2563,98,2,140.11
CMP-1036,TikTok_Sale_Drive_6,TikTok,Conversion,Mobile,United States,Returning,2025-07-23,27.95,3249,71,0,0.0
CMP-1029,Affiliate_Impression_Blitz_5,Affiliate,Awareness,Desktop,United States,Retargeting,2025-07-24,46.3,5135,83,2,160.28
CMP-1009,Facebook_Sale_Drive_3,Facebook,Conversion,Desktop,United Kingdom,New,2025-07-24,96.02,5949,115,8,625.07
CMP-1039,Organic_Interest_Boost_3,Organic,Consideration,Desktop,India,New,2025-07-24,0.0,2945,79,1,92.37
CMP-1036,TikTok_Sale_Drive_6,TikTok,Conversion,Mobile,United States,Returning,2025-07-24,79.47,3272,86,4,236.8
CMP-1029,Affiliate_Impression_Blitz_5,Affiliate,Awareness,Desktop,United States,Retargeting,2025-07-25,62.73,6002,73,2,156.49
CMP-1009,Facebook_Sale_Drive_3,Facebook,Conversion,Desktop,United Kingdom,New,2025-07-25,80.4,3270,73,4,250.19
CMP-1039,Organic_Interest_Boost_3,Organic,Consideration,Desktop,India,New,2025-07-25,0.0,3076,99,2,166.71
CMP-1036,TikTok_Sale_Drive_6,TikTok,Conversion,Mobile,United States,Returning,2025-07-25,27.74,1514,28,1,61.53
CMP-1029,Affiliate_Impression_Blitz_5,Affiliate,Awareness,Desktop,United States,Retargeting,2025-07-26,57.01,5152,76,2,193.32
CMP-1009,Facebook_Sale_Drive_3,Facebook,Conversion,Desktop,United Kingdom,New,2025-07-26,120.64,5593,121,8,429.19
CMP-1039,Organic_Interest_Boost_3,Organic,Consideration,Desktop,India,New,2025-07-26,0.0,4403,69,1,79.0
CMP-1036,TikTok_Sale_Drive_6,TikTok,Conversion,Mobile,United States,Returning,2025-07-26,150.95,5161,137,2,114.82
CMP-1029,Affiliate_Impression_Blitz_5,Affiliate,Awareness,Desktop,United States,Retargeting,2025-07-27,47.71,4688,61,1,57.91
CMP-1009,Facebook_Sale_Drive_3,Facebook,Conversion,Desktop,United Kingdom,New,2025-07-27,59.34,3292,78,3,239.77
CMP-1039,Organic_Interest_Boost_3,Organic,Consideration,Desktop,India,New,2025-07-27,0.0,4691,120,2,130.05
CMP-1036,TikTok_Sale_Drive_6,TikTok,Conversion,Mobile,United States,Returning,2025-07-27,23.83,2672,36,1,70.57
CMP-1029,Affiliate_Impression_Blitz_5,Affiliate,Awareness,Desktop,United States,Retargeting,2025-07-28,36.18,5049,58,1,109.09
CMP-1039,Organic_Interest_Boost_3,Organic,Consideration,Desktop,India,New,2025-07-28,0.0,5640,125,2,149.23
CMP-1036,TikTok_Sale_Drive_6,TikTok,Conversion,Mobile,United States,Returning,2025-07-28,86.44,3321,101,3,213.44
CMP-1029,Affiliate_Impression_Blitz_5,Affiliate,Awareness,Desktop,United States,Retargeting,2025-07-29,33.59,5530,49,1,87.07
CMP-1039,Organic_Interest_Boost_3,Organic,Consideration,Desktop,India,New,2025-07-29,0.0,2411,109,1,90.62
CMP-1036,TikTok_Sale_Drive_6,TikTok,Conversion,Mobile,United States,Returning,2025-07-29,59.35,2572,69,2,127.11
CMP-1029,Affiliate_Impression_Blitz_5,Affiliate,Awareness,Desktop,United States,Retargeting,2025-07-30,50.43,5818,68,2,188.67
CMP-1039,Organic_Interest_Boost_3,Organic,Consideration,Desktop,India,New,2025-07-30,0.0,2633,61,1,87.27
CMP-1036,TikTok_Sale_Drive_6,TikTok,Conversion,Mobile,United States,Returning,2025-07-30,60.39,2961,73,3,217.06
CMP-1029,Affiliate_Impression_Blitz_5,Affiliate,Awareness,Desktop,United States,Retargeting,2025-07-31,29.62,2997,45,1,96.09
CMP-1039,Organic_Interest_Boost_3,Organic,Consideration,Desktop,India,New,2025-07-31,0.0,2564,73,1,73.13
CMP-1036,TikTok_Sale_Drive_6,TikTok,Conversion,Mobile,United States,Returning,2025-07-31,75.83,2862,91,3,174.27
CMP-1029,Affiliate_Impression_Blitz_5,Affiliate,Awareness,Desktop,United States,Retargeting,2025-08-01,42.2,5130,53,2,148.33
CMP-1039,Organic_Interest_Boost_3,Organic,Consideration,Desktop,India,New,2025-08-01,0.0,5289,153,3,127.19
CMP-1036,TikTok_Sale_Drive_6,TikTok,Conversion,Mobile,United States,Returning,2025-08-01,58.04,3247,71,1,65.21
CMP-1029,Affiliate_Impression_Blitz_5,Affiliate,Awareness,Desktop,United States,Retargeting,2025-08-02,45.73,4099,56,1,71.01
CMP-1039,Organic_Interest_Boost_3,Organic,Consideration,Desktop,India,New,2025-08-02,0.0,3976,67,2,140.56
CMP-1036,TikTok_Sale_Drive_6,TikTok,Conversion,Mobile,United States,Returning,2025-08-02,49.47,2911,58,2,136.97
CMP-1029,Affiliate_Impression_Blitz_5,Affiliate,Awareness,Desktop,United States,Retargeting,2025-08-03,36.12,3850,33,1,69.21
CMP-1039,Organic_Interest_Boost_3,Organic,Consideration,Desktop,India,New,2025-08-03,0.0,3672,89,1,73.05
CMP-1036,TikTok_Sale_Drive_6,TikTok,Conversion,Mobile,United States,Returning,2025-08-03,120.0,3710,125,2,137.28
CMP-1029,Affiliate_Impression_Blitz_5,Affiliate,Awareness,Desktop,United States,Retargeting,2025-08-04,75.61,6528,96,2,162.44
CMP-1039,Organic_Interest_Boost_3,Organic,Consideration,Desktop,India,New,2025-08-04,0.0,4230,130,2,133.88
CMP-1036,TikTok_Sale_Drive_6,TikTok,Conversion,Mobile,United States,Returning,2025-08-04,136.37,3496,129,5,337.82
CMP-1029,Affiliate_Impression_Blitz_5,Affiliate,Awareness,Desktop,United States,Retargeting,2025-08-05,21.64,3822,50,1,95.7
CMP-1039,Organic_Interest_Boost_3,Organic,Consideration,Desktop,India,New,2025-08-05,0.0,3943,113,3,222.15
CMP-1036,TikTok_Sale_Drive_6,TikTok,Conversion,Mobile,United States,Returning,2025-08-05,51.23,4013,78,3,193.77
CMP-1029,Affiliate_Impression_Blitz_5,Affiliate,Awareness,Desktop,United States,Retargeting,2025-08-06,22.34,2940,24,1,76.07
CMP-1039,Organic_Interest_Boost_3,Organic,Consideration,Desktop,India,New,2025-08-06,0.0,2879,34,0,0.0
CMP-1036,TikTok_Sale_Drive_6,TikTok,Conversion,Mobile,United States,Returning,2025-08-06,58.91,3239,76,1,78.43
CMP-1029,Affiliate_Impression_Blitz_5,Affiliate,Awareness,Desktop,United States,Retargeting,2025-08-07,47.53,5861,67,2,188.6
CMP-1036,TikTok_Sale_Drive_6,TikTok,Conversion,Mobile,United States,Returning,2025-08-07,79.69,3501,110,3,157.1
CMP-1029,Affiliate_Impression_Blitz_5,Affiliate,Awareness,Desktop,United States,Retargeting,2025-08-08,47.01,2906,44,1,48.77
CMP-1036,TikTok_Sale_Drive_6,TikTok,Conversion,Mobile,United States,Returning,2025-08-08,49.38,2989,71,2,112.76
CMP-1029,Affiliate_Impression_Blitz_5,Affiliate,Awareness,Desktop,United States,Retargeting,2025-08-09,15.69,2006,16,0,0.0
CMP-1036,TikTok_Sale_Drive_6,TikTok,Conversion,Mobile,United States,Returning,2025-08-09,53.1,3903,110,3,167.28
CMP-1029,Affiliate_Impression_Blitz_5,Affiliate,Awareness,Desktop,United States,Retargeting,2025-08-10,30.39,5410,46,2,205.71
CMP-1036,TikTok_Sale_Drive_6,TikTok,Conversion,Mobile,United States,Returning,2025-08-10,78.23,3240,96,3,162.47
CMP-1029,Affiliate_Impression_Blitz_5,Affiliate,Awareness,Desktop,United States,Retargeting,2025-08-11,50.71,5012,59,1,82.38
CMP-1036,TikTok_Sale_Drive_6,TikTok,Conversion,Mobile,United States,Returning,2025-08-11,56.24,3079,62,2,74.47
CMP-1029,Affiliate_Impression_Blitz_5,Affiliate,Awareness,Desktop,United States,Retargeting,2025-08-12,67.21,5430,104,4,289.26
CMP-1036,TikTok_Sale_Drive_6,TikTok,Conversion,Mobile,United States,Returning,2025-08-12,63.84,3046,82,3,217.06
CMP-1029,Affiliate_Impression_Blitz_5,Affiliate,Awareness,Desktop,United States,Retargeting,2025-08-13,31.2,4210,42,1,74.95
CMP-1036,TikTok_Sale_Drive_6,TikTok,Conversion,Mobile,United States,Returning,2025-08-13,61.42,3132,76,3,141.86
CMP-1029,Affiliate_Impression_Blitz_5,Affiliate,Awareness,Desktop,United States,Retargeting,2025-08-14,34.93,2954,41,1,38.67
CMP-1036,TikTok_Sale_Drive_6,TikTok,Conversion,Mobile,United States,Returning,2025-08-14,46.53,3283,52,2,119.55
CMP-1029,Affiliate_Impression_Blitz_5,Affiliate,Awareness,Desktop,United States,Retargeting,2025-08-15,47.06,3927,51,1,69.52
CMP-1036,TikTok_Sale_Drive_6,TikTok,Conversion,Mobile,United States,Returning,2025-08-15,73.42,3891,67,1,43.16
CMP-1029,Affiliate_Impression_Blitz_5,Affiliate,Awareness,Desktop,United States,Retargeting,2025-08-16,43.49,4872,49,1,101.18
CMP-1036,TikTok_Sale_Drive_6,TikTok,Conversion,Mobile,United States,Returning,2025-08-16,41.32,2904,57,3,193.44
CMP-1029,Affiliate_Impression_Blitz_5,Affiliate,Awareness,Desktop,United States,Retargeting,2025-08-17,32.45,3408,43,0,0.0
CMP-1036,TikTok_Sale_Drive_6,TikTok,Conversion,Mobile,United States,Returning,2025-08-17,78.47,4478,137,6,298.8
CMP-1029,Affiliate_Impression_Blitz_5,Affiliate,Awareness,Desktop,United States,Retargeting,2025-08-18,77.85,6355,68,1,77.89
CMP-1036,TikTok_Sale_Drive_6,TikTok,Conversion,Mobile,United States,Returning,2025-08-18,123.5,5059,156,7,322.98
CMP-1029,Affiliate_Impression_Blitz_5,Affiliate,Awareness,Desktop,United States,Retargeting,2025-08-19,38.27,5104,56,1,49.32
CMP-1036,TikTok_Sale_Drive_6,TikTok,Conversion,Mobile,United States,Returning,2025-08-19,220.41,6323,185,5,300.14
CMP-1029,Affiliate_Impression_Blitz_5,Affiliate,Awareness,Desktop,United States,Retargeting,2025-08-20,19.77,6157,41,1,60.05
CMP-1036,TikTok_Sale_Drive_6,TikTok,Conversion,Mobile,United States,Returning,2025-08-20,49.44,3167,86,2,101.37
CMP-1029,Affiliate_Impression_Blitz_5,Affiliate,Awareness,Desktop,United States,Retargeting,2025-08-21,37.47,6108,73,2,206.42
CMP-1036,TikTok_Sale_Drive_6,TikTok,Conversion,Mobile,United States,Returning,2025-08-21,123.36,4846,131,3,156.02
CMP-1029,Affiliate_Impression_Blitz_5,Affiliate,Awareness,Desktop,United States,Retargeting,2025-08-22,96.17,6485,98,2,188.89
CMP-1036,TikTok_Sale_Drive_6,TikTok,Conversion,Mobile,United States,Returning,2025-08-22,39.69,1442,38,1,59.79
CMP-1029,Affiliate_Impression_Blitz_5,Affiliate,Awareness,Desktop,United States,Retargeting,2025-08-23,54.03,6002,74,1,65.15
CMP-1036,TikTok_Sale_Drive_6,TikTok,Conversion,Mobile,United States,Returning,2025-08-23,40.71,4555,123,4,265.41
CMP-1029,Affiliate_Impression_Blitz_5,Affiliate,Awareness,Desktop,United States,Retargeting,2025-08-24,57.62,4767,75,2,150.7
CMP-1036,TikTok_Sale_Drive_6,TikTok,Conversion,Mobile,United States,Returning,2025-08-24,44.65,1836,50,2,98.91
CMP-1029,Affiliate_Impression_Blitz_5,Affiliate,Awareness,Desktop,United States,Retargeting,2025-08-25,56.3,6155,86,2,169.11
CMP-1036,TikTok_Sale_Drive_6,TikTok,Conversion,Mobile,United States,Returning,2025-08-25,36.36,2664,39,2,95.3
CMP-1029,Affiliate_Impression_Blitz_5,Affiliate,Awareness,Desktop,United States,Retargeting,2025-08-26,49.52,6240,74,2,133.4
CMP-1036,TikTok_Sale_Drive_6,TikTok,Conversion,Mobile,United States,Returning,2025-08-26,61.98,4404,82,2,116.49
CMP-1029,Affiliate_Impression_Blitz_5,Affiliate,Awareness,Desktop,United States,Retargeting,2025-08-27,11.68,1905,19,0,0.0
CMP-1036,TikTok_Sale_Drive_6,TikTok,Conversion,Mobile,United States,Returning,2025-08-27,36.67,3144,54,2,127.26
CMP-1029,Affiliate_Impression_Blitz_5,Affiliate,Awareness,Desktop,United States,Retargeting,2025-08-28,59.77,6908,73,2,165.13
CMP-1036,TikTok_Sale_Drive_6,TikTok,Conversion,Mobile,United States,Returning,2025-08-28,64.9,2963,94,3,219.81
CMP-1029,Affiliate_Impression_Blitz_5,Affiliate,Awareness,Desktop,United States,Retargeting,2025-08-29,31.98,6100,44,1,93.76
CMP-1036,TikTok_Sale_Drive_6,TikTok,Conversion,Mobile,United States,Returning,2025-08-29,87.73,3324,118,3,140.45
CMP-1029,Affiliate_Impression_Blitz_5,Affiliate,Awareness,Desktop,United States,Retargeting,2025-08-30,55.28,6096,68,1,94.06
CMP-1036,TikTok_Sale_Drive_6,TikTok,Conversion,Mobile,United States,Returning,2025-08-30,30.7,4436,41,2,109.36
CMP-1029,Affiliate_Impression_Blitz_5,Affiliate,Awareness,Desktop,United States,Retargeting,2025-08-31,34.29,3386,43,1,98.39
CMP-1036,TikTok_Sale_Drive_6,TikTok,Conversion,Mobile,United States,Returning,2025-08-31,61.11,2459,86,3,210.83
CMP-1029,Affiliate_Impression_Blitz_5,Affiliate,Awareness,Desktop,United States,Retargeting,2025-09-01,63.98,5342,95,2,122.46
CMP-1036,TikTok_Sale_Drive_6,TikTok,Conversion,Mobile,United States,Returning,2025-09-01,71.06,3893,96,3,235.8
CMP-1029,Affiliate_Impression_Blitz_5,Affiliate,Awareness,Desktop,United States,Retargeting,2025-09-02,28.35,4080,56,1,85.89
CMP-1036,TikTok_Sale_Drive_6,TikTok,Conversion,Mobile,United States,Returning,2025-09-02,113.52,3465,108,4,190.53
CMP-1029,Affiliate_Impression_Blitz_5,Affiliate,Awareness,Desktop,United States,Retargeting,2025-09-03,31.99,7067,65,1,80.89
CMP-1036,TikTok_Sale_Drive_6,TikTok,Conversion,Mobile,United States,Returning,2025-09-03,78.97,5049,140,5,251.43
CMP-1029,Affiliate_Impression_Blitz_5,Affiliate,Awareness,Desktop,United States,Retargeting,2025-09-04,32.05,3570,26,1,83.67
CMP-1036,TikTok_Sale_Drive_6,TikTok,Conversion,Mobile,United States,Returning,2025-09-04,78.86,5086,173,6,371.87
CMP-1029,Affiliate_Impression_Blitz_5,Affiliate,Awareness,Desktop,United States,Retargeting,2025-09-05,49.1,4345,50,1,81.76
CMP-1036,TikTok_Sale_Drive_6,TikTok,Conversion,Mobile,United States,Returning,2025-09-05,41.12,1539,39,1,51.97
CMP-1029,Affiliate_Impression_Blitz_5,Affiliate,Awareness,Desktop,United States,Retargeting,2025-09-06,70.05,4961,73,1,74.9
CMP-1036,TikTok_Sale_Drive_6,TikTok,Conversion,Mobile,United States,Returning,2025-09-06,44.72,3944,58,2,100.15
CMP-1029,Affiliate_Impression_Blitz_5,Affiliate,Awareness,Desktop,United States,Retargeting,2025-09-07,25.96,3565,41,1,38.83
CMP-1036,TikTok_Sale_Drive_6,TikTok,Conversion,Mobile,United States,Returning,2025-09-07,40.23,2330,55,2,121.1
CMP-1029,Affiliate_Impression_Blitz_5,Affiliate,Awareness,Desktop,United States,Retargeting,2025-09-08,36.46,3562,49,2,205.55
CMP-1036,TikTok_Sale_Drive_6,TikTok,Conversion,Mobile,United States,Returning,2025-09-08,76.39,3506,97,3,222.53
CMP-1029,Affiliate_Impression_Blitz_5,Affiliate,Awareness,Desktop,United States,Retargeting,2025-09-09,42.12,6009,69,2,180.1
CMP-1036,TikTok_Sale_Drive_6,TikTok,Conversion,Mobile,United States,Returning,2025-09-09,43.47,2233,51,2,88.66
CMP-1029,Affiliate_Impression_Blitz_5,Affiliate,Awareness,Desktop,United States,Retargeting,2025-09-10,46.63,6064,88,2,124.58
CMP-1036,TikTok_Sale_Drive_6,TikTok,Conversion,Mobile,United States,Returning,2025-09-10,73.91,3652,105,4,294.57
CMP-1029,Affiliate_Impression_Blitz_5,Affiliate,Awareness,Desktop,United States,Retargeting,2025-09-11,25.24,5763,39,1,92.24
CMP-1036,TikTok_Sale_Drive_6,TikTok,Conversion,Mobile,United States,Returning,2025-09-11,130.48,6014,143,6,312.0
CMP-1029,Affiliate_Impression_Blitz_5,Affiliate,Awareness,Desktop,United States,Retargeting,2025-09-12,98.61,5932,103,2,156.31
CMP-1036,TikTok_Sale_Drive_6,TikTok,Conversion,Mobile,United States,Returning,2025-09-12,41.83,3388,68,1,61.61
CMP-1029,Affiliate_Impression_Blitz_5,Affiliate,Awareness,Desktop,United States,Retargeting,2025-09-13,29.88,4042,34,1,78.59
CMP-1036,TikTok_Sale_Drive_6,TikTok,Conversion,Mobile,United States,Returning,2025-09-13,30.7,2477,41,2,149.22
CMP-1029,Affiliate_Impression_Blitz_5,Affiliate,Awareness,Desktop,United States,Retargeting,2025-09-14,35.12,4074,60,1,73.24
CMP-1036,TikTok_Sale_Drive_6,TikTok,Conversion,Mobile,United States,Returning,2025-09-14,20.97,2699,58,2,122.79
CMP-1029,Affiliate_Impression_Blitz_5,Affiliate,Awareness,Desktop,United States,Retargeting,2025-09-15,30.43,3936,44,1,93.22
CMP-1036,TikTok_Sale_Drive_6,TikTok,Conversion,Mobile,United States,Returning,2025-09-15,43.99,1659,42,1,54.89
CMP-1029,Affiliate_Impression_Blitz_5,Affiliate,Awareness,Desktop,United States,Retargeting,2025-09-16,50.97,5024,59,1,72.76
CMP-1036,TikTok_Sale_Drive_6,TikTok,Conversion,Mobile,United States,Returning,2025-09-16,39.49,4820,51,1,65.5
CMP-1029,Affiliate_Impression_Blitz_5,Affiliate,Awareness,Desktop,United States,Retargeting,2025-09-17,29.9,4096,46,1,68.22
CMP-1036,TikTok_Sale_Drive_6,TikTok,Conversion,Mobile,United States,Returning,2025-09-17,63.36,3589,67,1,56.19
CMP-1029,Affiliate_Impression_Blitz_5,Affiliate,Awareness,Desktop,United States,Retargeting,2025-09-18,41.55,4223,55,1,102.32
CMP-1036,TikTok_Sale_Drive_6,TikTok,Conversion,Mobile,United States,Returning,2025-09-18,19.94,2114,22,0,0.0
CMP-1029,Affiliate_Impression_Blitz_5,Affiliate,Awareness,Desktop,United States,Retargeting,2025-09-19,61.38,5600,76,3,246.79
CMP-1036,TikTok_Sale_Drive_6,TikTok,Conversion,Mobile,United States,Returning,2025-09-19,39.62,2149,43,2,111.73
CMP-1029,Affiliate_Impression_Blitz_5,Affiliate,Awareness,Desktop,United States,Retargeting,2025-09-20,72.52,5741,90,2,165.49
CMP-1014,Instagram_Retarget_Convert_2,Instagram,Conversion,Mobile,United States,New,2025-09-20,96.73,4226,85,2,112.42
CMP-1036,TikTok_Sale_Drive_6,TikTok,Conversion,Mobile,United States,Returning,2025-09-20,76.8,2940,95,5,334.95
CMP-1029,Affiliate_Impression_Blitz_5,Affiliate,Awareness,Desktop,United States,Retargeting,2025-09-21,62.69,4798,80,2,191.19
CMP-1014,Instagram_Retarget_Convert_2,Instagram,Conversion,Mobile,United States,New,2025-09-21,100.07,4570,78,2,90.52
CMP-1036,TikTok_Sale_Drive_6,TikTok,Conversion,Mobile,United States,Returning,2025-09-21,54.21,3834,61,1,43.44
CMP-1029,Affiliate_Impression_Blitz_5,Affiliate,Awareness,Desktop,United States,Retargeting,2025-09-22,60.48,7192,95,2,149.57
CMP-1014,Instagram_Retarget_Convert_2,Instagram,Conversion,Mobile,United States,New,2025-09-22,112.43,5877,106,3,223.29
CMP-1033,TikTok_Interest_Boost_3,TikTok,Consideration,Tablet,Canada,Retargeting,2025-09-22,41.71,2910,70,1,63.43
CMP-1036,TikTok_Sale_Drive_6,TikTok,Conversion,Mobile,United States,Returning,2025-09-22,35.69,2003,58,1,47.42
CMP-1029,Affiliate_Impression_Blitz_5,Affiliate,Awareness,Desktop,United States,Retargeting,2025-09-23,45.07,3859,69,1,77.84
CMP-1014,Instagram_Retarget_Convert_2,Instagram,Conversion,Mobile,United States,New,2025-09-23,98.41,4560,86,4,369.03
CMP-1033,TikTok_Interest_Boost_3,TikTok,Consideration,Tablet,Canada,Retargeting,2025-09-23,45.37,4595,74,1,41.99
CMP-1036,TikTok_Sale_Drive_6,TikTok,Conversion,Mobile,United States,Returning,2025-09-23,111.7,4456,195,7,303.04
CMP-1029,Affiliate_Impression_Blitz_5,Affiliate,Awareness,Desktop,United States,Retargeting,2025-09-24,16.21,2349,29,1,89.68
CMP-1014,Instagram_Retarget_Convert_2,Instagram,Conversion,Mobile,United States,New,2025-09-24,64.62,5218,62,2,149.13
CMP-1033,TikTok_Interest_Boost_3,TikTok,Consideration,Tablet,Canada,Retargeting,2025-09-24,44.21,3271,58,1,55.57
CMP-1036,TikTok_Sale_Drive_6,TikTok,Conversion,Mobile,United States,Returning,2025-09-24,85.27,3151,108,3,172.23
CMP-1029,Affiliate_Impression_Blitz_5,Affiliate,Awareness,Desktop,United States,Retargeting,2025-09-25,44.06,5753,90,1,61.42
CMP-1014,Instagram_Retarget_Convert_2,Instagram,Conversion,Mobile,United States,New,2025-09-25,46.5,3763,49,2,139.05
CMP-1033,TikTok_Interest_Boost_3,TikTok,Consideration,Tablet,Canada,Retargeting,2025-09-25,48.14,3273,76,1,54.6
CMP-1036,TikTok_Sale_Drive_6,TikTok,Conversion,Mobile,United States,Returning,2025-09-25,37.65,2242,56,2,84.06
CMP-1029,Affiliate_Impression_Blitz_5,Affiliate,Awareness,Desktop,United States,Retargeting,2025-09-26,36.92,3771,51,1,88.38
CMP-1014,Instagram_Retarget_Convert_2,Instagram,Conversion,Mobile,United States,New,2025-09-26,29.65,3547,25,1,49.24
CMP-1033,TikTok_Interest_Boost_3,TikTok,Consideration,Tablet,Canada,Retargeting,2025-09-26,49.48,4246,83,2,113.43
CMP-1036,TikTok_Sale_Drive_6,TikTok,Conversion,Mobile,United States,Returning,2025-09-26,90.09,2743,82,2,101.55
CMP-1029,Affiliate_Impression_Blitz_5,Affiliate,Awareness,Desktop,United States,Retargeting,2025-09-27,35.86,3992,41,1,73.44
CMP-1014,Instagram_Retarget_Convert_2,Instagram,Conversion,Mobile,United States,New,2025-09-27,81.28,4213,84,2,160.05
CMP-1033,TikTok_Interest_Boost_3,TikTok,Consideration,Tablet,Canada,Retargeting,2025-09-27,70.61,5454,91,1,60.64
CMP-1036,TikTok_Sale_Drive_6,TikTok,Conversion,Mobile,United States,Returning,2025-09-27,60.25,4630,68,2,92.88
CMP-1029,Affiliate_Impression_Blitz_5,Affiliate,Awareness,Desktop,United States,Retargeting,2025-09-28,14.53,2196,28,1,98.09
CMP-1014,Instagram_Retarget_Convert_2,Instagram,Conversion,Mobile,United States,New,2025-09-28,44.01,3291,38,1,82.81
CMP-1033,TikTok_Interest_Boost_3,TikTok,Consideration,Tablet,Canada,Retargeting,2025-09-28,40.85,6436,58,1,74.69
CMP-1036,TikTok_Sale_Drive_6,TikTok,Conversion,Mobile,United States,Returning,2025-09-28,13.96,1571,21,1,73.45
CMP-1029,Affiliate_Impression_Blitz_5,Affiliate,Awareness,Desktop,United States,Retargeting,2025-09-29,39.34,3601,50,1,93.36
CMP-1014,Instagram_Retarget_Convert_2,Instagram,Conversion,Mobile,United States,New,2025-09-29,85.77,4437,79,2,100.53
CMP-1033,TikTok_Interest_Boost_3,TikTok,Consideration,Tablet,Canada,Retargeting,2025-09-29,68.22,4356,101,3,123.9
CMP-1036,TikTok_Sale_Drive_6,TikTok,Conversion,Mobile,United States,Returning,2025-09-29,45.3,2457,60,0,0.0
CMP-1029,Affiliate_Impression_Blitz_5,Affiliate,Awareness,Desktop,United States,Retargeting,2025-09-30,29.57,2797,34,1,91.34
CMP-1014,Instagram_Retarget_Convert_2,Instagram,Conversion,Mobile,United States,New,2025-09-30,55.0,2852,54,2,178.22
CMP-1033,TikTok_Interest_Boost_3,TikTok,Consideration,Tablet,Canada,Retargeting,2025-09-30,43.18,3316,71,2,134.3
CMP-1036,TikTok_Sale_Drive_6,TikTok,Conversion,Mobile,United States,Returning,2025-09-30,96.25,4282,115,2,89.14
CMP-1029,Affiliate_Impression_Blitz_5,Affiliate,Awareness,Desktop,United States,Retargeting,2025-10-01,25.36,4221,57,1,60.41
CMP-1014,Instagram_Retarget_Convert_2,Instagram,Conversion,Mobile,United States,New,2025-10-01,61.83,3066,61,2,168.4
CMP-1033,TikTok_Interest_Boost_3,TikTok,Consideration,Tablet,Canada,Retargeting,2025-10-01,59.85,5798,104,2,63.55
CMP-1036,TikTok_Sale_Drive_6,TikTok,Conversion,Mobile,United States,Returning,2025-10-01,87.59,3484,110,4,242.37
CMP-1014,Instagram_Retarget_Convert_2,Instagram,Conversion,Mobile,United States,New,2025-10-02,55.7,4874,57,2,178.16
CMP-1033,TikTok_Interest_Boost_3,TikTok,Consideration,Tablet,Canada,Retargeting,2025-10-02,66.6,5847,86,2,145.1
CMP-1036,TikTok_Sale_Drive_6,TikTok,Conversion,Mobile,United States,Returning,2025-10-02,41.52,2393,48,2,151.22
CMP-1014,Instagram_Retarget_Convert_2,Instagram,Conversion,Mobile,United States,New,2025-10-03,65.71,5173,88,3,245.32
CMP-1033,TikTok_Interest_Boost_3,TikTok,Consideration,Tablet,Canada,Retargeting,2025-10-03,65.78,5401,114,4,146.69
CMP-1036,TikTok_Sale_Drive_6,TikTok,Conversion,Mobile,United States,Returning,2025-10-03,89.81,4295,109,5,283.94
CMP-1014,Instagram_Retarget_Convert_2,Instagram,Conversion,Mobile,United States,New,2025-10-04,76.4,2648,66,1,82.71
CMP-1033,TikTok_Interest_Boost_3,TikTok,Consideration,Tablet,Canada,Retargeting,2025-10-04,96.4,4914,117,3,250.31
CMP-1036,TikTok_Sale_Drive_6,TikTok,Conversion,Mobile,United States,Returning,2025-10-04,52.31,3912,99,3,172.79
CMP-1014,Instagram_Retarget_Convert_2,Instagram,Conversion,Mobile,United States,New,2025-10-05,125.08,4424,111,2,161.87
CMP-1033,TikTok_Interest_Boost_3,TikTok,Consideration,Tablet,Canada,Retargeting,2025-10-05,43.25,4331,93,3,161.79
CMP-1036,TikTok_Sale_Drive_6,TikTok,Conversion,Mobile,United States,Returning,2025-10-05,28.08,3248,75,1,71.48
CMP-1014,Instagram_Retarget_Convert_2,Instagram,Conversion,Mobile,United States,New,2025-10-06,95.16,3482,76,3,256.7
CMP-1033,TikTok_Interest_Boost_3,TikTok,Consideration,Tablet,Canada,Retargeting,2025-10-06,136.08,5164,159,3,214.41
CMP-1036,TikTok_Sale_Drive_6,TikTok,Conversion,Mobile,United States,Returning,2025-10-06,44.79,2587,61,1,67.17
CMP-1014,Instagram_Retarget_Convert_2,Instagram,Conversion,Mobile,United States,New,2025-10-07,75.85,4136,78,3,149.32
CMP-1033,TikTok_Interest_Boost_3,TikTok,Consideration,Tablet,Canada,Retargeting,2025-10-07,83.11,4697,118,3,207.96
CMP-1036,TikTok_Sale_Drive_6,TikTok,Conversion,Mobile,United States,Returning,2025-10-07,46.17,2754,50,2,124.88
CMP-1014,Instagram_Retarget_Convert_2,Instagram,Conversion,Mobile,United States,New,2025-10-08,106.86,5805,73,2,108.01
CMP-1033,TikTok_Interest_Boost_3,TikTok,Consideration,Tablet,Canada,Retargeting,2025-10-08,65.89,6784,138,4,213.77
CMP-1036,TikTok_Sale_Drive_6,TikTok,Conversion,Mobile,United States,Returning,2025-10-08,68.51,3558,93,4,207.68
CMP-1014,Instagram_Retarget_Convert_2,Instagram,Conversion,Mobile,United States,New,2025-10-09,104.32,5079,104,3,192.59
CMP-1033,TikTok_Interest_Boost_3,TikTok,Consideration,Tablet,Canada,Retargeting,2025-10-09,157.66,8714,222,4,216.98
CMP-1036,TikTok_Sale_Drive_6,TikTok,Conversion,Mobile,United States,Returning,2025-10-09,49.84,1829,47,2,125.52
CMP-1014,Instagram_Retarget_Convert_2,Instagram,Conversion,Mobile,United States,New,2025-10-10,75.83,5065,84,2,144.54
CMP-1033,TikTok_Interest_Boost_3,TikTok,Consideration,Tablet,Canada,Retargeting,2025-10-10,59.62,5299,113,2,98.52
CMP-1036,TikTok_Sale_Drive_6,TikTok,Conversion,Mobile,United States,Returning,2025-10-10,79.25,4688,99,3,131.38
CMP-1014,Instagram_Retarget_Convert_2,Instagram,Conversion,Mobile,United States,New,2025-10-11,100.18,5752,114,3,237.51
CMP-1033,TikTok_Interest_Boost_3,TikTok,Consideration,Tablet,Canada,Retargeting,2025-10-11,60.99,4490,96,2,132.44
CMP-1036,TikTok_Sale_Drive_6,TikTok,Conversion,Mobile,United States,Returning,2025-10-11,143.2,4583,132,2,102.98
CMP-1014,Instagram_Retarget_Convert_2,Instagram,Conversion,Mobile,United States,New,2025-10-12,30.61,2950,42,1,78.32
CMP-1033,TikTok_Interest_Boost_3,TikTok,Consideration,Tablet,Canada,Retargeting,2025-10-12,78.02,4884,141,4,214.32
CMP-1036,TikTok_Sale_Drive_6,TikTok,Conversion,Mobile,United States,Returning,2025-10-12,87.63,2695,84,3,218.83
CMP-1014,Instagram_Retarget_Convert_2,Instagram,Conversion,Mobile,United States,New,2025-10-13,66.74,2942,48,2,177.76
CMP-1033,TikTok_Interest_Boost_3,TikTok,Consideration,Tablet,Canada,Retargeting,2025-10-13,37.15,3903,61,1,49.45
CMP-1036,TikTok_Sale_Drive_6,TikTok,Conversion,Mobile,United States,Returning,2025-10-13,107.4,3636,105,3,214.78
CMP-1014,Instagram_Retarget_Convert_2,Instagram,Conversion,Mobile,United States,New,2025-10-14,80.1,3256,59,2,178.6
CMP-1033,TikTok_Interest_Boost_3,TikTok,Consideration,Tablet,Canada,Retargeting,2025-10-14,103.51,6275,133,4,254.44
CMP-1036,TikTok_Sale_Drive_6,TikTok,Conversion,Mobile,United States,Returning,2025-10-14,43.6,4535,77,4,250.27
CMP-1014,Instagram_Retarget_Convert_2,Instagram,Conversion,Mobile,United States,New,2025-10-15,84.12,3813,70,2,124.76
CMP-1033,TikTok_Interest_Boost_3,TikTok,Consideration,Tablet,Canada,Retargeting,2025-10-15,114.58,5735,161,4,194.53
CMP-1036,TikTok_Sale_Drive_6,TikTok,Conversion,Mobile,United States,Returning,2025-10-15,108.19,5369,133,4,151.43
CMP-1014,Instagram_Retarget_Convert_2,Instagram,Conversion,Mobile,United States,New,2025-10-16,23.36,1311,26,0,0.0
CMP-1033,TikTok_Interest_Boost_3,TikTok,Consideration,Tablet,Canada,Retargeting,2025-10-16,44.37,4299,98,2,109.13
CMP-1036,TikTok_Sale_Drive_6,TikTok,Conversion,Mobile,United States,Returning,2025-10-16,93.07,4937,88,3,136.16
CMP-1014,Instagram_Retarget_Convert_2,Instagram,Conversion,Mobile,United States,New,2025-10-17,81.02,3869,56,1,62.71
CMP-1033,TikTok_Interest_Boost_3,TikTok,Consideration,Tablet,Canada,Retargeting,2025-10-17,56.34,6503,122,3,177.35
CMP-1036,TikTok_Sale_Drive_6,TikTok,Conversion,Mobile,United States,Returning,2025-10-17,29.42,1370,34,1,50.91
CMP-1025,Affiliate_Traffic_Push_1,Affiliate,Consideration,Mobile,India,New,2025-10-18,6.88,2517,57,1,84.46
CMP-1014,Instagram_Retarget_Convert_2,Instagram,Conversion,Mobile,United States,New,2025-10-18,35.31,3121,35,1,71.49
CMP-1033,TikTok_Interest_Boost_3,TikTok,Consideration,Tablet,Canada,Retargeting,2025-10-18,32.96,4528,49,1,51.29
CMP-1036,TikTok_Sale_Drive_6,TikTok,Conversion,Mobile,United States,Returning,2025-10-18,43.35,2617,47,2,112.41
CMP-1025,Affiliate_Traffic_Push_1,Affiliate,Consideration,Mobile,India,New,2025-10-19,21.18,3013,85,1,79.67
CMP-1014,Instagram_Retarget_Convert_2,Instagram,Conversion,Mobile,United States,New,2025-10-19,114.86,4546,112,4,313.15
CMP-1033,TikTok_Interest_Boost_3,TikTok,Consideration,Tablet,Canada,Retargeting,2025-10-19,15.05,3045,22,0,0.0
CMP-1036,TikTok_Sale_Drive_6,TikTok,Conversion,Mobile,United States,Returning,2025-10-19,59.77,3413,113,4,179.78
CMP-1025,Affiliate_Traffic_Push_1,Affiliate,Consideration,Mobile,India,New,2025-10-20,14.35,2993,59,1,97.72
CMP-1014,Instagram_Retarget_Convert_2,Instagram,Conversion,Mobile,United States,New,2025-10-20,178.24,4537,130,0,0.0
CMP-1033,TikTok_Interest_Boost_3,TikTok,Consideration,Tablet,Canada,Retargeting,2025-10-20,97.95,5586,187,5,370.13
CMP-1036,TikTok_Sale_Drive_6,TikTok,Conversion,Mobile,United States,Returning,2025-10-20,95.88,2715,80,2,110.86
CMP-1025,Affiliate_Traffic_Push_1,Affiliate,Consideration,Mobile,India,New,2025-10-21,17.69,2545,102,1,102.78
CMP-1014,Instagram_Retarget_Convert_2,Instagram,Conversion,Mobile,United States,New,2025-10-21,80.09,3401,66,2,212.24
CMP-1033,TikTok_Interest_Boost_3,TikTok,Consideration,Tablet,Canada,Retargeting,2025-10-21,108.32,5395,123,3,167.6
CMP-1036,TikTok_Sale_Drive_6,TikTok,Conversion,Mobile,United States,Returning,2025-10-21,107.86,5181,166,3,229.35
CMP-1025,Affiliate_Traffic_Push_1,Affiliate,Consideration,Mobile,India,New,2025-10-22,21.28,4040,75,2,203.18
CMP-1014,Instagram_Retarget_Convert_2,Instagram,Conversion,Mobile,United States,New,2025-10-22,82.39,4820,54,2,163.09
CMP-1033,TikTok_Interest_Boost_3,TikTok,Consideration,Tablet,Canada,Retargeting,2025-10-22,87.18,6601,115,2,108.49
CMP-1036,TikTok_Sale_Drive_6,TikTok,Conversion,Mobile,United States,Returning,2025-10-22,64.17,5015,158,7,435.29
CMP-1025,Affiliate_Traffic_Push_1,Affiliate,Consideration,Mobile,India,New,2025-10-23,8.75,2551,42,0,0.0
CMP-1014,Instagram_Retarget_Convert_2,Instagram,Conversion,Mobile,United States,New,2025-10-23,76.86,4979,68,1,66.07
CMP-1031,TikTok_Traffic_Push_1,TikTok,Consideration,Desktop,Canada,New,2025-10-23,22.17,4686,32,0,0.0
CMP-1033,TikTok_Interest_Boost_3,TikTok,Consideration,Tablet,Canada,Retargeting,2025-10-23,78.13,6386,147,3,168.52
CMP-1036,TikTok_Sale_Drive_6,TikTok,Conversion,Mobile,United States,Returning,2025-10-23,39.16,2366,53,1,60.28
CMP-1025,Affiliate_Traffic_Push_1,Affiliate,Consideration,Mobile,India,New,2025-10-24,10.04,2757,44,1,104.97
CMP-1014,Instagram_Retarget_Convert_2,Instagram,Conversion,Mobile,United States,New,2025-10-24,62.97,3201,63,3,299.02
CMP-1031,TikTok_Traffic_Push_1,TikTok,Consideration,Desktop,Canada,New,2025-10-24,47.85,4089,84,1,44.96
CMP-1033,TikTok_Interest_Boost_3,TikTok,Consideration,Tablet,Canada,Retargeting,2025-10-24,38.2,4818,74,2,125.49
CMP-1036,TikTok_Sale_Drive_6,TikTok,Conversion,Mobile,United States,Returning,2025-10-24,20.43,3074,65,3,142.13
CMP-1025,Affiliate_Traffic_Push_1,Affiliate,Consideration,Mobile,India,New,2025-10-25,10.77,1506,31,0,0.0
CMP-1019,Email_Signup_Push_1,Email,Conversion,Tablet,India,New,2025-10-25,2.99,1130,160,13,893.09
CMP-1014,Instagram_Retarget_Convert_2,Instagram,Conversion,Mobile,United States,New,2025-10-25,70.75,3176,74,0,0.0
CMP-1038,Organic_Brand_Reach_2,Organic,Awareness,Mobile,United States,Retargeting,2025-10-25,0.0,5046,76,1,73.13
CMP-1031,TikTok_Traffic_Push_1,TikTok,Consideration,Desktop,Canada,New,2025-10-25,54.91,5366,168,3,145.72
CMP-1033,TikTok_Interest_Boost_3,TikTok,Consideration,Tablet,Canada,Retargeting,2025-10-25,42.78,3792,72,1,47.21
CMP-1036,TikTok_Sale_Drive_6,TikTok,Conversion,Mobile,United States,Returning,2025-10-25,46.63,2194,79,1,40.89
CMP-1025,Affiliate_Traffic_Push_1,Affiliate,Consideration,Mobile,India,New,2025-10-26,7.55,2165,25,0,0.0
CMP-1019,Email_Signup_Push_1,Email,Conversion,Tablet,India,New,2025-10-26,2.99,1292,138,9,634.11
CMP-1014,Instagram_Retarget_Convert_2,Instagram,Conversion,Mobile,United States,New,2025-10-26,10.59,1318,15,1,75.77
CMP-1038,Organic_Brand_Reach_2,Organic,Awareness,Mobile,United States,Retargeting,2025-10-26,0.0,7891,173,3,269.49
CMP-1031,TikTok_Traffic_Push_1,TikTok,Consideration,Desktop,Canada,New,2025-10-26,99.25,4637,112,2,138.18
CMP-1033,TikTok_Interest_Boost_3,TikTok,Consideration,Tablet,Canada,Retargeting,2025-10-26,39.86,4503,69,2,124.92
CMP-1036,TikTok_Sale_Drive_6,TikTok,Conversion,Mobile,United States,Returning,2025-10-26,83.67,2735,63,2,90.36
CMP-1025,Affiliate_Traffic_Push_1,Affiliate,Consideration,Mobile,India,New,2025-10-27,22.84,3430,82,1,82.41
CMP-1019,Email_Signup_Push_1,Email,Conversion,Tablet,India,New,2025-10-27,6.13,1412,253,22,1217.49
CMP-1014,Instagram_Retarget_Convert_2,Instagram,Conversion,Mobile,United States,New,2025-10-27,48.11,2817,47,1,67.51
CMP-1038,Organic_Brand_Reach_2,Organic,Awareness,Mobile,United States,Retargeting,2025-10-27,0.0,6206,86,1,91.61
CMP-1031,TikTok_Traffic_Push_1,TikTok,Consideration,Desktop,Canada,New,2025-10-27,27.42,3297,59,1,76.17
CMP-1033,TikTok_Interest_Boost_3,TikTok,Consideration,Tablet,Canada,Retargeting,2025-10-27,57.95,5606,70,2,121.34
CMP-1036,TikTok_Sale_Drive_6,TikTok,Conversion,Mobile,United States,Returning,2025-10-27,32.25,3006,44,2,80.93
CMP-1025,Affiliate_Traffic_Push_1,Affiliate,Consideration,Mobile,India,New,2025-10-28,9.38,3267,35,1,97.72
CMP-1019,Email_Signup_Push_1,Email,Conversion,Tablet,India,New,2025-10-28,3.75,1489,201,10,698.05
CMP-1014,Instagram_Retarget_Convert_2,Instagram,Conversion,Mobile,United States,New,2025-10-28,77.4,3232,59,0,0.0
CMP-1038,Organic_Brand_Reach_2,Organic,Awareness,Mobile,United States,Retargeting,2025-10-28,0.0,8147,103,1,97.89
CMP-1031,TikTok_Traffic_Push_1,TikTok,Consideration,Desktop,Canada,New,2025-10-28,144.97,7452,171,2,103.03
CMP-1033,TikTok_Interest_Boost_3,TikTok,Consideration,Tablet,Canada,Retargeting,2025-10-28,38.47,5806,49,1,39.33
CMP-1036,TikTok_Sale_Drive_6,TikTok,Conversion,Mobile,United States,Returning,2025-10-28,69.28,4284,133,4,235.13
CMP-1025,Affiliate_Traffic_Push_1,Affiliate,Consideration,Mobile,India,New,2025-10-29,19.09,3500,80,1,93.27
CMP-1019,Email_Signup_Push_1,Email,Conversion,Tablet,India,New,2025-10-29,4.79,1482,202,11,699.39
CMP-1014,Instagram_Retarget_Convert_2,Instagram,Conversion,Mobile,United States,New,2025-10-29,106.91,4205,89,3,217.8
CMP-1038,Organic_Brand_Reach_2,Organic,Awareness,Mobile,United States,Retargeting,2025-10-29,0.0,8363,114,1,72.91
CMP-1031,TikTok_Traffic_Push_1,TikTok,Consideration,Desktop,Canada,New,2025-10-29,130.76,6817,183,4,260.04
CMP-1033,TikTok_Interest_Boost_3,TikTok,Consideration,Tablet,Canada,Retargeting,2025-10-29,40.04,5502,63,1,76.73
CMP-1036,TikTok_Sale_Drive_6,TikTok,Conversion,Mobile,United States,Returning,2025-10-29,46.46,2287,57,1,62.01
CMP-1025,Affiliate_Traffic_Push_1,Affiliate,Consideration,Mobile,India,New,2025-10-30,17.06,3459,48,1,81.09
CMP-1019,Email_Signup_Push_1,Email,Conversion,Tablet,India,New,2025-10-30,2.75,981,128,10,515.65
CMP-1014,Instagram_Retarget_Convert_2,Instagram,Conversion,Mobile,United States,New,2025-10-30,50.95,2990,47,2,151.98
CMP-1038,Organic_Brand_Reach_2,Organic,Awareness,Mobile,United States,Retargeting,2025-10-30,0.0,8460,94,1,94.61
CMP-1031,TikTok_Traffic_Push_1,TikTok,Consideration,Desktop,Canada,New,2025-10-30,74.78,7643,157,3,179.95
CMP-1033,TikTok_Interest_Boost_3,TikTok,Consideration,Tablet,Canada,Retargeting,2025-10-30,97.25,4849,132,4,293.0
CMP-1036,TikTok_Sale_Drive_6,TikTok,Conversion,Mobile,United States,Returning,2025-10-30,8.79,415,14,0,0.0
CMP-1025,Affiliate_Traffic_Push_1,Affiliate,Consideration,Mobile,India,New,2025-10-31,27.05,4740,93,2,195.63
CMP-1019,Email_Signup_Push_1,Email,Conversion,Tablet,India,New,2025-10-31,4.41,1622,206,18,1371.94
CMP-1014,Instagram_Retarget_Convert_2,Instagram,Conversion,Mobile,United States,New,2025-10-31,30.75,3505,35,1,90.03
CMP-1038,Organic_Brand_Reach_2,Organic,Awareness,Mobile,United States,Retargeting,2025-10-31,0.0,7506,134,2,106.06
CMP-1031,TikTok_Traffic_Push_1,TikTok,Consideration,Desktop,Canada,New,2025-10-31,134.47,5395,198,4,226.97
CMP-1033,TikTok_Interest_Boost_3,TikTok,Consideration,Tablet,Canada,Retargeting,2025-10-31,75.96,6661,100,2,99.28
CMP-1036,TikTok_Sale_Drive_6,TikTok,Conversion,Mobile,United States,Returning,2025-10-31,38.42,1512,39,1,59.54
CMP-1025,Affiliate_Traffic_Push_1,Affiliate,Consideration,Mobile,India,New,2025-11-01,11.39,2139,55,1,87.14
CMP-1019,Email_Signup_Push_1,Email,Conversion,Tablet,India,New,2025-11-01,5.95,1511,262,25,1527.5
CMP-1014,Instagram_Retarget_Convert_2,Instagram,Conversion,Mobile,United States,New,2025-11-01,54.05,2391,48,2,163.59
CMP-1038,Organic_Brand_Reach_2,Organic,Awareness,Mobile,United States,Retargeting,2025-11-01,0.0,5759,95,1,98.67
CMP-1031,TikTok_Traffic_Push_1,TikTok,Consideration,Desktop,Canada,New,2025-11-01,77.27,4446,80,1,77.33
CMP-1033,TikTok_Interest_Boost_3,TikTok,Consideration,Tablet,Canada,Retargeting,2025-11-01,53.69,3489,84,1,46.28
CMP-1036,TikTok_Sale_Drive_6,TikTok,Conversion,Mobile,United States,Returning,2025-11-01,28.97,1922,46,1,73.34
CMP-1025,Affiliate_Traffic_Push_1,Affiliate,Consideration,Mobile,India,New,2025-11-02,9.11,1485,53,1,76.23
CMP-1019,Email_Signup_Push_1,Email,Conversion,Tablet,India,New,2025-11-02,4.75,1224,208,14,882.36
CMP-1014,Instagram_Retarget_Convert_2,Instagram,Conversion,Mobile,United States,New,2025-11-02,111.8,3889,87,2,146.55
CMP-1038,Organic_Brand_Reach_2,Organic,Awareness,Mobile,United States,Retargeting,2025-11-02,0.0,5668,101,1,79.64
CMP-1031,TikTok_Traffic_Push_1,TikTok,Consideration,Desktop,Canada,New,2025-11-02,130.78,5555,150,2,106.54
CMP-1033,TikTok_Interest_Boost_3,TikTok,Consideration,Tablet,Canada,Retargeting,2025-11-02,152.55,8219,220,6,362.29
CMP-1036,TikTok_Sale_Drive_6,TikTok,Conversion,Mobile,United States,Returning,2025-11-02,68.32,2286,79,2,156.88
CMP-1025,Affiliate_Traffic_Push_1,Affiliate,Consideration,Mobile,India,New,2025-11-03,9.18,2125,33,1,74.17
CMP-1019,Email_Signup_Push_1,Email,Conversion,Tablet,India,New,2025-11-03,2.81,814,121,12,748.06
CMP-1014,Instagram_Retarget_Convert_2,Instagram,Conversion,Mobile,United States,New,2025-11-03,91.04,4624,78,1,88.79
CMP-1038,Organic_Brand_Reach_2,Organic,Awareness,Mobile,United States,Retargeting,2025-11-03,0.0,6009,83,1,79.95
CMP-1031,TikTok_Traffic_Push_1,TikTok,Consideration,Desktop,Canada,New,2025-11-03,56.57,4038,103,2,141.91
CMP-1033,TikTok_Interest_Boost_3,TikTok,Consideration,Tablet,Canada,Retargeting,2025-11-03,95.51,6272,132,3,129.34
CMP-1036,TikTok_Sale_Drive_6,TikTok,Conversion,Mobile,United States,Returning,2025-11-03,27.15,3453,47,1,66.04
CMP-1025,Affiliate_Traffic_Push_1,Affiliate,Consideration,Mobile,India,New,2025-11-04,12.47,2414,51,1,91.28
CMP-1019,Email_Signup_Push_1,Email,Conversion,Tablet,India,New,2025-11-04,3.39,1263,171,11,914.34
CMP-1014,Instagram_Retarget_Convert_2,Instagram,Conversion,Mobile,United States,New,2025-11-04,98.01,4596,88,3,323.44
CMP-1038,Organic_Brand_Reach_2,Organic,Awareness,Mobile,United States,Retargeting,2025-11-04,0.0,2933,45,0,0.0
CMP-1031,TikTok_Traffic_Push_1,TikTok,Consideration,Desktop,Canada,New,2025-11-04,45.57,5217,88,2,123.96
CMP-1033,TikTok_Interest_Boost_3,TikTok,Consideration,Tablet,Canada,Retargeting,2025-11-04,42.41,3121,60,0,0.0
CMP-1036,TikTok_Sale_Drive_6,TikTok,Conversion,Mobile,United States,Returning,2025-11-04,56.12,2080,42,1,56.17
CMP-1025,Affiliate_Traffic_Push_1,Affiliate,Consideration,Mobile,India,New,2025-11-05,6.64,2188,39,1,83.74
CMP-1019,Email_Signup_Push_1,Email,Conversion,Tablet,India,New,2025-11-05,4.16,1363,208,18,1214.99
CMP-1014,Instagram_Retarget_Convert_2,Instagram,Conversion,Mobile,United States,New,2025-11-05,56.95,4131,62,3,234.68
CMP-1038,Organic_Brand_Reach_2,Organic,Awareness,Mobile,United States,Retargeting,2025-11-05,0.0,7550,53,1,74.4
CMP-1031,TikTok_Traffic_Push_1,TikTok,Consideration,Desktop,Canada,New,2025-11-05,56.18,4707,87,2,115.65
CMP-1033,TikTok_Interest_Boost_3,TikTok,Consideration,Tablet,Canada,Retargeting,2025-11-05,58.85,5309,116,2,106.22
CMP-1036,TikTok_Sale_Drive_6,TikTok,Conversion,Mobile,United States,Returning,2025-11-05,31.92,1938,35,2,131.41
CMP-1025,Affiliate_Traffic_Push_1,Affiliate,Consideration,Mobile,India,New,2025-11-06,14.07,3078,52,1,63.95
CMP-1019,Email_Signup_Push_1,Email,Conversion,Tablet,India,New,2025-11-06,2.86,928,130,7,482.78
CMP-1014,Instagram_Retarget_Convert_2,Instagram,Conversion,Mobile,United States,New,2025-11-06,37.67,2280,30,1,75.56
CMP-1038,Organic_Brand_Reach_2,Organic,Awareness,Mobile,United States,Retargeting,2025-11-06,0.0,6791,114,1,99.52
CMP-1031,TikTok_Traffic_Push_1,TikTok,Consideration,Desktop,Canada,New,2025-11-06,42.28,2565,70,1,72.32
CMP-1033,TikTok_Interest_Boost_3,TikTok,Consideration,Tablet,Canada,Retargeting,2025-11-06,60.7,6288,116,3,224.79
CMP-1036,TikTok_Sale_Drive_6,TikTok,Conversion,Mobile,United States,Returning,2025-11-06,15.61,2243,20,1,72.11
CMP-1025,Affiliate_Traffic_Push_1,Affiliate,Consideration,Mobile,India,New,2025-11-07,16.77,4044,72,1,97.96
CMP-1019,Email_Signup_Push_1,Email,Conversion,Tablet,India,New,2025-11-07,3.52,1183,158,12,751.28
CMP-1014,Instagram_Retarget_Convert_2,Instagram,Conversion,Mobile,United States,New,2025-11-07,32.99,3378,74,1,76.27
CMP-1038,Organic_Brand_Reach_2,Organic,Awareness,Mobile,United States,Retargeting,2025-11-07,0.0,7721,122,2,147.71
CMP-1031,TikTok_Traffic_Push_1,TikTok,Consideration,Desktop,Canada,New,2025-11-07,93.36,5212,114,2,122.06
CMP-1033,TikTok_Interest_Boost_3,TikTok,Consideration,Tablet,Canada,Retargeting,2025-11-07,73.07,4418,125,2,98.79
CMP-1036,TikTok_Sale_Drive_6,TikTok,Conversion,Mobile,United States,Returning,2025-11-07,46.54,2041,62,2,74.09
CMP-1025,Affiliate_Traffic_Push_1,Affiliate,Consideration,Mobile,India,New,2025-11-08,28.72,3855,104,3,232.96
CMP-1019,Email_Signup_Push_1,Email,Conversion,Tablet,India,New,2025-11-08,2.26,758,110,3,221.0
CMP-1014,Instagram_Retarget_Convert_2,Instagram,Conversion,Mobile,United States,New,2025-11-08,71.77,3268,62,1,91.45
CMP-1038,Organic_Brand_Reach_2,Organic,Awareness,Mobile,United States,Retargeting,2025-11-08,0.0,5592,62,1,90.27
CMP-1031,TikTok_Traffic_Push_1,TikTok,Consideration,Desktop,Canada,New,2025-11-08,65.69,3839,88,0,0.0
CMP-1033,TikTok_Interest_Boost_3,TikTok,Consideration,Tablet,Canada,Retargeting,2025-11-08,37.87,2257,73,2,113.66
CMP-1036,TikTok_Sale_Drive_6,TikTok,Conversion,Mobile,United States,Returning,2025-11-08,33.5,2384,48,1,73.47
CMP-1025,Affiliate_Traffic_Push_1,Affiliate,Consideration,Mobile,India,New,2025-11-09,16.01,3078,59,1,109.36
CMP-1019,Email_Signup_Push_1,Email,Conversion,Tablet,India,New,2025-11-09,4.12,1348,172,8,676.13
CMP-1014,Instagram_Retarget_Convert_2,Instagram,Conversion,Mobile,United States,New,2025-11-09,102.43,3272,64,1,66.02
CMP-1038,Organic_Brand_Reach_2,Organic,Awareness,Mobile,United States,Retargeting,2025-11-09,0.0,6717,101,1,80.5
CMP-1031,TikTok_Traffic_Push_1,TikTok,Consideration,Desktop,Canada,New,2025-11-09,16.72,4136,46,0,0.0
CMP-1033,TikTok_Interest_Boost_3,TikTok,Consideration,Tablet,Canada,Retargeting,2025-11-09,34.62,2941,87,1,71.23
CMP-1036,TikTok_Sale_Drive_6,TikTok,Conversion,Mobile,United States,Returning,2025-11-09,46.57,2343,71,3,156.94
CMP-1025,Affiliate_Traffic_Push_1,Affiliate,Consideration,Mobile,India,New,2025-11-10,36.49,4784,170,3,190.6
CMP-1019,Email_Signup_Push_1,Email,Conversion,Tablet,India,New,2025-11-10,2.8,1354,195,15,1138.95
CMP-1014,Instagram_Retarget_Convert_2,Instagram,Conversion,Mobile,United States,New,2025-11-10,79.0,4206,102,1,70.29
CMP-1038,Organic_Brand_Reach_2,Organic,Awareness,Mobile,United States,Retargeting,2025-11-10,0.0,4196,60,1,95.3
CMP-1031,TikTok_Traffic_Push_1,TikTok,Consideration,Desktop,Canada,New,2025-11-10,98.31,5606,140,2,142.08
CMP-1033,TikTok_Interest_Boost_3,TikTok,Consideration,Tablet,Canada,Retargeting,2025-11-10,35.35,5903,48,0,0.0
CMP-1025,Affiliate_Traffic_Push_1,Affiliate,Consideration,Mobile,India,New,2025-11-11,18.59,2703,66,1,82.24
CMP-1019,Email_Signup_Push_1,Email,Conversion,Tablet,India,New,2025-11-11,2.09,765,109,5,382.04
CMP-1014,Instagram_Retarget_Convert_2,Instagram,Conversion,Mobile,United States,New,2025-11-11,74.24,5815,72,2,107.04
CMP-1038,Organic_Brand_Reach_2,Organic,Awareness,Mobile,United States,Retargeting,2025-11-11,0.0,4529,101,2,165.52
CMP-1031,TikTok_Traffic_Push_1,TikTok,Consideration,Desktop,Canada,New,2025-11-11,97.49,7121,162,1,70.55
CMP-1033,TikTok_Interest_Boost_3,TikTok,Consideration,Tablet,Canada,Retargeting,2025-11-11,26.01,2076,38,1,60.84
CMP-1025,Affiliate_Traffic_Push_1,Affiliate,Consideration,Mobile,India,New,2025-11-12,5.74,1640,26,1,74.29
CMP-1019,Email_Signup_Push_1,Email,Conversion,Tablet,India,New,2025-11-12,4.57,1414,215,16,1206.72
CMP-1014,Instagram_Retarget_Convert_2,Instagram,Conversion,Mobile,United States,New,2025-11-12,80.88,5084,75,2,116.46
CMP-1038,Organic_Brand_Reach_2,Organic,Awareness,Mobile,United States,Retargeting,2025-11-12,0.0,2438,28,0,0.0
CMP-1031,TikTok_Traffic_Push_1,TikTok,Consideration,Desktop,Canada,New,2025-11-12,47.05,3585,74,1,17.41
CMP-1033,TikTok_Interest_Boost_3,TikTok,Consideration,Tablet,Canada,Retargeting,2025-11-12,22.63,2584,54,1,69.41
CMP-1025,Affiliate_Traffic_Push_1,Affiliate,Consideration,Mobile,India,New,2025-11-13,17.26,3878,77,2,140.15
CMP-1019,Email_Signup_Push_1,Email,Conversion,Tablet,India,New,2025-11-13,2.96,1282,159,13,664.38
CMP-1014,Instagram_Retarget_Convert_2,Instagram,Conversion,Mobile,United States,New,2025-11-13,52.28,2940,53,1,67.1
CMP-1038,Organic_Brand_Reach_2,Organic,Awareness,Mobile,United States,Retargeting,2025-11-13,0.0,6185,103,1,80.81
CMP-1031,TikTok_Traffic_Push_1,TikTok,Consideration,Desktop,Canada,New,2025-11-13,68.93,4439,103,1,62.6
CMP-1033,TikTok_Interest_Boost_3,TikTok,Consideration,Tablet,Canada,Retargeting,2025-11-13,82.89,5895,140,0,0.0
CMP-1025,Affiliate_Traffic_Push_1,Affiliate,Consideration,Mobile,India,New,2025-11-14,5.47,1468,25,0,0.0
CMP-1019,Email_Signup_Push_1,Email,Conversion,Tablet,India,New,2025-11-14,6.77,1468,227,14,801.87
CMP-1014,Instagram_Retarget_Convert_2,Instagram,Conversion,Mobile,United States,New,2025-11-14,92.87,4925,72,3,219.76
CMP-1038,Organic_Brand_Reach_2,Organic,Awareness,Mobile,United States,Retargeting,2025-11-14,0.0,5164,58,1,103.06
CMP-1031,TikTok_Traffic_Push_1,TikTok,Consideration,Desktop,Canada,New,2025-11-14,56.5,3725,69,1,60.21
CMP-1033,TikTok_Interest_Boost_3,TikTok,Consideration,Tablet,Canada,Retargeting,2025-11-14,29.45,4629,49,1,44.83
CMP-1025,Affiliate_Traffic_Push_1,Affiliate,Consideration,Mobile,India,New,2025-11-15,17.59,2134,57,1,112.09
CMP-1019,Email_Signup_Push_1,Email,Conversion,Tablet,India,New,2025-11-15,2.8,1055,124,6,392.95
CMP-1014,Instagram_Retarget_Convert_2,Instagram,Conversion,Mobile,United States,New,2025-11-15,108.16,4392,92,3,292.69
CMP-1038,Organic_Brand_Reach_2,Organic,Awareness,Mobile,United States,Retargeting,2025-11-15,0.0,4459,59,1,87.17
CMP-1031,TikTok_Traffic_Push_1,TikTok,Consideration,Desktop,Canada,New,2025-11-15,44.69,3255,57,1,57.64
CMP-1033,TikTok_Interest_Boost_3,TikTok,Consideration,Tablet,Canada,Retargeting,2025-11-15,23.71,3456,36,0,0.0
CMP-1025,Affiliate_Traffic_Push_1,Affiliate,Consideration,Mobile,India,New,2025-11-16,8.83,3090,38,0,0.0
CMP-1019,Email_Signup_Push_1,Email,Conversion,Tablet,India,New,2025-11-16,2.73,936,117,7,413.81
CMP-1014,Instagram_Retarget_Convert_2,Instagram,Conversion,Mobile,United States,New,2025-11-16,52.21,2840,47,1,81.14
CMP-1038,Organic_Brand_Reach_2,Organic,Awareness,Mobile,United States,Retargeting,2025-11-16,0.0,6242,103,1,78.32
CMP-1031,TikTok_Traffic_Push_1,TikTok,Consideration,Desktop,Canada,New,2025-11-16,36.35,3608,71,1,64.37
CMP-1033,TikTok_Interest_Boost_3,TikTok,Consideration,Tablet,Canada,Retargeting,2025-11-16,49.64,3758,108,2,128.18
CMP-1025,Affiliate_Traffic_Push_1,Affiliate,Consideration,Mobile,India,New,2025-11-17,13.19,2915,41,0,0.0
CMP-1019,Email_Signup_Push_1,Email,Conversion,Tablet,India,New,2025-11-17,2.68,1049,132,7,384.79
CMP-1014,Instagram_Retarget_Convert_2,Instagram,Conversion,Mobile,United States,New,2025-11-17,80.69,5128,65,2,123.7
CMP-1038,Organic_Brand_Reach_2,Organic,Awareness,Mobile,United States,Retargeting,2025-11-17,0.0,5719,83,1,112.48
CMP-1031,TikTok_Traffic_Push_1,TikTok,Consideration,Desktop,Canada,New,2025-11-17,52.77,4673,85,1,60.72
CMP-1033,TikTok_Interest_Boost_3,TikTok,Consideration,Tablet,Canada,Retargeting,2025-11-17,18.75,2549,45,2,124.12
CMP-1025,Affiliate_Traffic_Push_1,Affiliate,Consideration,Mobile,India,New,2025-11-18,17.88,2841,52,1,57.02
CMP-1019,Email_Signup_Push_1,Email,Conversion,Tablet,India,New,2025-11-18,2.87,1125,128,9,405.76
CMP-1014,Instagram_Retarget_Convert_2,Instagram,Conversion,Mobile,United States,New,2025-11-18,74.75,3926,69,1,64.3
CMP-1038,Organic_Brand_Reach_2,Organic,Awareness,Mobile,United States,Retargeting,2025-11-18,0.0,4107,63,1,96.69
CMP-1031,TikTok_Traffic_Push_1,TikTok,Consideration,Desktop,Canada,New,2025-11-18,114.11,5976,204,3,195.23
CMP-1025,Affiliate_Traffic_Push_1,Affiliate,Consideration,Mobile,India,New,2025-11-19,11.0,2016,53,1,58.66
CMP-1019,Email_Signup_Push_1,Email,Conversion,Tablet,India,New,2025-11-19,3.59,1306,211,15,772.78
CMP-1014,Instagram_Retarget_Convert_2,Instagram,Conversion,Mobile,United States,New,2025-11-19,75.85,2436,44,1,92.31
CMP-1038,Organic_Brand_Reach_2,Organic,Awareness,Mobile,United States,Retargeting,2025-11-19,0.0,10472,175,2,183.52
CMP-1031,TikTok_Traffic_Push_1,TikTok,Consideration,Desktop,Canada,New,2025-11-19,53.31,5534,146,2,110.4
CMP-1025,Affiliate_Traffic_Push_1,Affiliate,Consideration,Mobile,India,New,2025-11-20,7.9,2991,88,0,0.0
CMP-1019,Email_Signup_Push_1,Email,Conversion,Tablet,India,New,2025-11-20,3.39,1348,156,10,648.6
CMP-1014,Instagram_Retarget_Convert_2,Instagram,Conversion,Mobile,United States,New,2025-11-20,111.06,4659,100,3,267.02
CMP-1038,Organic_Brand_Reach_2,Organic,Awareness,Mobile,United States,Retargeting,2025-11-20,0.0,6341,86,1,84.57
CMP-1031,TikTok_Traffic_Push_1,TikTok,Consideration,Desktop,Canada,New,2025-11-20,30.03,3239,49,1,73.64
CMP-1025,Affiliate_Traffic_Push_1,Affiliate,Consideration,Mobile,India,New,2025-11-21,35.25,3836,116,3,225.91
CMP-1019,Email_Signup_Push_1,Email,Conversion,Tablet,India,New,2025-11-21,2.76,1238,151,15,1007.25
CMP-1014,Instagram_Retarget_Convert_2,Instagram,Conversion,Mobile,United States,New,2025-11-21,92.92,4375,83,2,148.75
CMP-1038,Organic_Brand_Reach_2,Organic,Awareness,Mobile,United States,Retargeting,2025-11-21,0.0,4667,88,1,90.52
CMP-1031,TikTok_Traffic_Push_1,TikTok,Consideration,Desktop,Canada,New,2025-11-21,219.09,7157,238,4,264.53
CMP-1025,Affiliate_Traffic_Push_1,Affiliate,Consideration,Mobile,India,New,2025-11-22,15.57,2715,68,1,81.57
CMP-1019,Email_Signup_Push_1,Email,Conversion,Tablet,India,New,2025-11-22,3.72,1046,175,10,582.93
CMP-1014,Instagram_Retarget_Convert_2,Instagram,Conversion,Mobile,United States,New,2025-11-22,49.15,3461,67,2,136.21
CMP-1038,Organic_Brand_Reach_2,Organic,Awareness,Mobile,United States,Retargeting,2025-11-22,0.0,4795,68,1,90.98
CMP-1031,TikTok_Traffic_Push_1,TikTok,Consideration,Desktop,Canada,New,2025-11-22,39.28,5917,109,2,127.33
CMP-1025,Affiliate_Traffic_Push_1,Affiliate,Consideration,Mobile,India,New,2025-11-23,9.03,2077,45,1,50.24
CMP-1019,Email_Signup_Push_1,Email,Conversion,Tablet,India,New,2025-11-23,1.46,1067,133,12,827.59
CMP-1014,Instagram_Retarget_Convert_2,Instagram,Conversion,Mobile,United States,New,2025-11-23,66.93,3665,69,2,177.97
CMP-1038,Organic_Brand_Reach_2,Organic,Awareness,Mobile,United States,Retargeting,2025-11-23,0.0,5511,83,1,48.57
CMP-1031,TikTok_Traffic_Push_1,TikTok,Consideration,Desktop,Canada,New,2025-11-23,41.96,3148,67,0,0.0
CMP-1025,Affiliate_Traffic_Push_1,Affiliate,Consideration,Mobile,India,New,2025-11-24,21.57,3725,100,3,250.79
CMP-1019,Email_Signup_Push_1,Email,Conversion,Tablet,India,New,2025-11-24,9.36,4019,537,27,1692.63
CMP-1014,Instagram_Retarget_Convert_2,Instagram,Conversion,Mobile,United States,New,2025-11-24,132.55,6194,101,3,182.31
CMP-1038,Organic_Brand_Reach_2,Organic,Awareness,Mobile,United States,Retargeting,2025-11-24,0.0,11627,195,3,257.06
CMP-1031,TikTok_Traffic_Push_1,TikTok,Consideration,Desktop,Canada,New,2025-11-24,219.27,13376,353,5,350.41
CMP-1025,Affiliate_Traffic_Push_1,Affiliate,Consideration,Mobile,India,New,2025-11-25,15.08,4418,67,1,100.72
CMP-1019,Email_Signup_Push_1,Email,Conversion,Tablet,India,New,2025-11-25,6.66,1994,229,16,1301.58
CMP-1038,Organic_Brand_Reach_2,Organic,Awareness,Mobile,United States,Retargeting,2025-11-25,0.0,16119,262,6,466.11
CMP-1031,TikTok_Traffic_Push_1,TikTok,Consideration,Desktop,Canada,New,2025-11-25,65.51,10535,97,1,68.67
CMP-1025,Affiliate_Traffic_Push_1,Affiliate,Consideration,Mobile,India,New,2025-11-26,21.91,6321,69,1,109.83
CMP-1019,Email_Signup_Push_1,Email,Conversion,Tablet,India,New,2025-11-26,8.76,2125,334,30,1980.65
CMP-1038,Organic_Brand_Reach_2,Organic,Awareness,Mobile,United States,Retargeting,2025-11-26,0.0,11919,213,3,218.41
CMP-1031,TikTok_Traffic_Push_1,TikTok,Consideration,Desktop,Canada,New,2025-11-26,84.19,9005,176,3,170.47
CMP-1025,Affiliate_Traffic_Push_1,Affiliate,Consideration,Mobile,India,New,2025-11-27,39.44,6244,154,2,112.03
CMP-1019,Email_Signup_Push_1,Email,Conversion,Tablet,India,New,2025-11-27,20.16,4504,709,62,4744.43
CMP-1038,Organic_Brand_Reach_2,Organic,Awareness,Mobile,United States,Retargeting,2025-11-27,0.0,17800,296,6,463.11
CMP-1031,TikTok_Traffic_Push_1,TikTok,Consideration,Desktop,Canada,New,2025-11-27,75.84,10634,187,2,136.68
CMP-1025,Affiliate_Traffic_Push_1,Affiliate,Consideration,Mobile,India,New,2025-11-28,22.49,4433,71,1,72.74
CMP-1019,Email_Signup_Push_1,Email,Conversion,Tablet,India,New,2025-11-28,12.16,2730,423,26,1832.67
CMP-1038,Organic_Brand_Reach_2,Organic,Awareness,Mobile,United States,Retargeting,2025-11-28,0.0,10845,187,2,115.19
CMP-1031,TikTok_Traffic_Push_1,TikTok,Consideration,Desktop,Canada,New,2025-11-28,86.29,9418,209,4,239.27
CMP-1025,Affiliate_Traffic_Push_1,Affiliate,Consideration,Mobile,India,New,2025-11-29,11.79,1980,43,1,71.93
CMP-1019,Email_Signup_Push_1,Email,Conversion,Tablet,India,New,2025-11-29,5.59,1456,219,17,864.26
CMP-1038,Organic_Brand_Reach_2,Organic,Awareness,Mobile,United States,Retargeting,2025-11-29,0.0,12111,171,3,162.04
CMP-1031,TikTok_Traffic_Push_1,TikTok,Consideration,Desktop,Canada,New,2025-11-29,197.31,10103,235,3,234.04
CMP-1025,Affiliate_Traffic_Push_1,Affiliate,Consideration,Mobile,India,New,2025-11-30,30.0,5729,130,2,174.46
CMP-1019,Email_Signup_Push_1,Email,Conversion,Tablet,India,New,2025-11-30,7.69,2691,376,28,1872.93
CMP-1038,Organic_Brand_Reach_2,Organic,Awareness,Mobile,United States,Retargeting,2025-11-30,0.0,13740,155,2,195.9
CMP-1031,TikTok_Traffic_Push_1,TikTok,Consideration,Desktop,Canada,New,2025-11-30,88.87,9084,187,2,138.92
CMP-1025,Affiliate_Traffic_Push_1,Affiliate,Consideration,Mobile,India,New,2025-12-01,22.87,4279,101,2,132.67
CMP-1019,Email_Signup_Push_1,Email,Conversion,Tablet,India,New,2025-12-01,4.28,1908,240,14,740.26
CMP-1038,Organic_Brand_Reach_2,Organic,Awareness,Mobile,United States,Retargeting,2025-12-01,0.0,15793,156,2,173.31
CMP-1031,TikTok_Traffic_Push_1,TikTok,Consideration,Desktop,Canada,New,2025-12-01,94.28,8431,171,2,102.94
CMP-1025,Affiliate_Traffic_Push_1,Affiliate,Consideration,Mobile,India,New,2025-12-02,27.5,3574,99,1,110.74
CMP-1019,Email_Signup_Push_1,Email,Conversion,Tablet,India,New,2025-12-02,5.26,1595,190,15,1000.15
CMP-1038,Organic_Brand_Reach_2,Organic,Awareness,Mobile,United States,Retargeting,2025-12-02,0.0,8499,76,2,90.51
CMP-1031,TikTok_Traffic_Push_1,TikTok,Consideration,Desktop,Canada,New,2025-12-02,42.31,1624,44,1,82.33
CMP-1025,Affiliate_Traffic_Push_1,Affiliate,Consideration,Mobile,India,New,2025-12-03,18.68,2370,64,1,85.67
CMP-1019,Email_Signup_Push_1,Email,Conversion,Tablet,India,New,2025-12-03,4.69,1231,206,21,1236.47
CMP-1038,Organic_Brand_Reach_2,Organic,Awareness,Mobile,United States,Retargeting,2025-12-03,0.0,5965,132,2,143.4
CMP-1031,TikTok_Traffic_Push_1,TikTok,Consideration,Desktop,Canada,New,2025-12-03,68.92,5879,134,2,72.11
CMP-1025,Affiliate_Traffic_Push_1,Affiliate,Consideration,Mobile,India,New,2025-12-04,15.07,2177,50,0,0.0
CMP-1019,Email_Signup_Push_1,Email,Conversion,Tablet,India,New,2025-12-04,6.07,1157,180,14,1017.45
CMP-1038,Organic_Brand_Reach_2,Organic,Awareness,Mobile,United States,Retargeting,2025-12-04,0.0,6391,44,1,92.68
CMP-1031,TikTok_Traffic_Push_1,TikTok,Consideration,Desktop,Canada,New,2025-12-04,63.61,4377,93,2,129.31
CMP-1025,Affiliate_Traffic_Push_1,Affiliate,Consideration,Mobile,India,New,2025-12-05,14.24,3128,61,1,109.37
CMP-1019,Email_Signup_Push_1,Email,Conversion,Tablet,India,New,2025-12-05,4.65,1823,223,17,876.68
CMP-1038,Organic_Brand_Reach_2,Organic,Awareness,Mobile,United States,Retargeting,2025-12-05,0.0,2433,49,0,0.0
CMP-1031,TikTok_Traffic_Push_1,TikTok,Consideration,Desktop,Canada,New,2025-12-05,110.06,6297,138,1,50.73
CMP-1025,Affiliate_Traffic_Push_1,Affiliate,Consideration,Mobile,India,New,2025-12-06,25.95,4468,101,2,169.51
CMP-1019,Email_Signup_Push_1,Email,Conversion,Tablet,India,New,2025-12-06,5.84,1336,186,15,1022.7
CMP-1038,Organic_Brand_Reach_2,Organic,Awareness,Mobile,United States,Retargeting,2025-12-06,0.0,5478,67,1,97.93
CMP-1031,TikTok_Traffic_Push_1,TikTok,Consideration,Desktop,Canada,New,2025-12-06,131.93,5223,167,2,155.3
CMP-1025,Affiliate_Traffic_Push_1,Affiliate,Consideration,Mobile,India,New,2025-12-07,16.74,3262,60,2,182.25
CMP-1019,Email_Signup_Push_1,Email,Conversion,Tablet,India,New,2025-12-07,4.16,1455,191,8,600.05
CMP-1038,Organic_Brand_Reach_2,Organic,Awareness,Mobile,United States,Retargeting,2025-12-07,0.0,7331,146,2,190.23
CMP-1031,TikTok_Traffic_Push_1,TikTok,Consideration,Desktop,Canada,New,2025-12-07,36.98,3979,88,1,60.64
CMP-1025,Affiliate_Traffic_Push_1,Affiliate,Consideration,Mobile,India,New,2025-12-08,14.74,3114,65,1,73.51
CMP-1019,Email_Signup_Push_1,Email,Conversion,Tablet,India,New,2025-12-08,4.59,1441,161,12,949.31
CMP-1038,Organic_Brand_Reach_2,Organic,Awareness,Mobile,United States,Retargeting,2025-12-08,0.0,7835,54,1,60.46
CMP-1031,TikTok_Traffic_Push_1,TikTok,Consideration,Desktop,Canada,New,2025-12-08,62.12,6705,120,2,99.43
CMP-1025,Affiliate_Traffic_Push_1,Affiliate,Consideration,Mobile,India,New,2025-12-09,23.09,3299,124,2,128.06
CMP-1019,Email_Signup_Push_1,Email,Conversion,Tablet,India,New,2025-12-09,4.94,1156,164,8,469.17
CMP-1031,TikTok_Traffic_Push_1,TikTok,Consideration,Desktop,Canada,New,2025-12-09,34.56,5341,51,1,55.22
CMP-1025,Affiliate_Traffic_Push_1,Affiliate,Consideration,Mobile,India,New,2025-12-10,7.34,1541,36,1,75.66
CMP-1019,Email_Signup_Push_1,Email,Conversion,Tablet,India,New,2025-12-10,3.45,1499,193,11,750.39
CMP-1031,TikTok_Traffic_Push_1,TikTok,Consideration,Desktop,Canada,New,2025-12-10,60.7,5273,65,1,50.55
CMP-1025,Affiliate_Traffic_Push_1,Affiliate,Consideration,Mobile,India,New,2025-12-11,11.96,2065,51,1,118.46
CMP-1019,Email_Signup_Push_1,Email,Conversion,Tablet,India,New,2025-12-11,4.0,1693,197,21,1475.33
CMP-1031,TikTok_Traffic_Push_1,TikTok,Consideration,Desktop,Canada,New,2025-12-11,44.38,4770,87,1,54.81
CMP-1025,Affiliate_Traffic_Push_1,Affiliate,Consideration,Mobile,India,New,2025-12-12,4.53,908,16,0,0.0
CMP-1019,Email_Signup_Push_1,Email,Conversion,Tablet,India,New,2025-12-12,2.5,1344,140,9,782.43
CMP-1031,TikTok_Traffic_Push_1,TikTok,Consideration,Desktop,Canada,New,2025-12-12,87.81,7806,159,2,109.14
CMP-1025,Affiliate_Traffic_Push_1,Affiliate,Consideration,Mobile,India,New,2025-12-13,35.33,3997,112,2,178.4
CMP-1019,Email_Signup_Push_1,Email,Conversion,Tablet,India,New,2025-12-13,2.93,1697,173,10,498.69
CMP-1031,TikTok_Traffic_Push_1,TikTok,Consideration,Desktop,Canada,New,2025-12-13,42.46,3430,61,1,50.16
CMP-1025,Affiliate_Traffic_Push_1,Affiliate,Consideration,Mobile,India,New,2025-12-14,17.78,3846,102,1,70.06
CMP-1019,Email_Signup_Push_1,Email,Conversion,Tablet,India,New,2025-12-14,4.69,1419,184,16,909.57
CMP-1031,TikTok_Traffic_Push_1,TikTok,Consideration,Desktop,Canada,New,2025-12-14,67.67,4016,93,2,121.64
CMP-1025,Affiliate_Traffic_Push_1,Affiliate,Consideration,Mobile,India,New,2025-12-15,19.16,3327,89,1,98.94
CMP-1019,Email_Signup_Push_1,Email,Conversion,Tablet,India,New,2025-12-15,4.02,1369,186,10,1023.27
CMP-1031,TikTok_Traffic_Push_1,TikTok,Consideration,Desktop,Canada,New,2025-12-15,38.33,2938,52,0,0.0
CMP-1025,Affiliate_Traffic_Push_1,Affiliate,Consideration,Mobile,India,New,2025-12-16,16.43,3113,72,1,64.23
CMP-1019,Email_Signup_Push_1,Email,Conversion,Tablet,India,New,2025-12-16,3.71,1382,163,10,646.57
CMP-1031,TikTok_Traffic_Push_1,TikTok,Consideration,Desktop,Canada,New,2025-12-16,47.68,6211,96,2,95.2
CMP-1025,Affiliate_Traffic_Push_1,Affiliate,Consideration,Mobile,India,New,2025-12-17,13.94,1707,48,1,61.02
CMP-1019,Email_Signup_Push_1,Email,Conversion,Tablet,India,New,2025-12-17,5.15,1345,206,18,807.38
CMP-1031,TikTok_Traffic_Push_1,TikTok,Consideration,Desktop,Canada,New,2025-12-17,54.07,4030,99,2,81.38
CMP-1025,Affiliate_Traffic_Push_1,Affiliate,Consideration,Mobile,India,New,2025-12-18,27.37,4226,125,2,152.9
CMP-1019,Email_Signup_Push_1,Email,Conversion,Tablet,India,New,2025-12-18,2.59,1340,183,13,791.3
CMP-1031,TikTok_Traffic_Push_1,TikTok,Consideration,Desktop,Canada,New,2025-12-18,122.83,6325,185,2,122.49
CMP-1025,Affiliate_Traffic_Push_1,Affiliate,Consideration,Mobile,India,New,2025-12-19,35.89,6740,160,3,344.71
CMP-1019,Email_Signup_Push_1,Email,Conversion,Tablet,India,New,2025-12-19,8.15,1906,288,12,409.31
CMP-1031,TikTok_Traffic_Push_1,TikTok,Consideration,Desktop,Canada,New,2025-12-19,73.76,6208,89,1,63.55
CMP-1025,Affiliate_Traffic_Push_1,Affiliate,Consideration,Mobile,India,New,2025-12-20,15.24,4198,89,2,228.08
CMP-1019,Email_Signup_Push_1,Email,Conversion,Tablet,India,New,2025-12-20,5.19,1852,248,19,1348.03
CMP-1031,TikTok_Traffic_Push_1,TikTok,Consideration,Desktop,Canada,New,2025-12-20,91.83,6891,155,3,196.87
CMP-1025,Affiliate_Traffic_Push_1,Affiliate,Consideration,Mobile,India,New,2025-12-21,25.45,3415,93,2,156.19
CMP-1019,Email_Signup_Push_1,Email,Conversion,Tablet,India,New,2025-12-21,4.68,1572,188,12,934.94
CMP-1031,TikTok_Traffic_Push_1,TikTok,Consideration,Desktop,Canada,New,2025-12-21,23.81,3936,38,0,0.0
CMP-1025,Affiliate_Traffic_Push_1,Affiliate,Consideration,Mobile,India,New,2025-12-22,9.07,2302,38,0,0.0
CMP-1019,Email_Signup_Push_1,Email,Conversion,Tablet,India,New,2025-12-22,7.51,2115,297,28,1591.56
CMP-1031,TikTok_Traffic_Push_1,TikTok,Consideration,Desktop,Canada,New,2025-12-22,10.77,1892,23,0,0.0
CMP-1025,Affiliate_Traffic_Push_1,Affiliate,Consideration,Mobile,India,New,2025-12-23,23.34,6225,110,2,119.8
CMP-1019,Email_Signup_Push_1,Email,Conversion,Tablet,India,New,2025-12-23,6.14,1960,214,12,746.86
CMP-1031,TikTok_Traffic_Push_1,TikTok,Consideration,Desktop,Canada,New,2025-12-23,139.44,8644,151,1,68.41
CMP-1025,Affiliate_Traffic_Push_1,Affiliate,Consideration,Mobile,India,New,2025-12-24,22.41,4412,96,2,172.39
CMP-1019,Email_Signup_Push_1,Email,Conversion,Tablet,India,New,2025-12-24,7.71,2327,350,30,2379.17
CMP-1031,TikTok_Traffic_Push_1,TikTok,Consideration,Desktop,Canada,New,2025-12-24,40.57,2216,62,0,0.0
CMP-1025,Affiliate_Traffic_Push_1,Affiliate,Consideration,Mobile,India,New,2025-12-25,8.33,2304,27,1,87.48
CMP-1019,Email_Signup_Push_1,Email,Conversion,Tablet,India,New,2025-12-25,3.43,2273,265,26,1211.01
CMP-1031,TikTok_Traffic_Push_1,TikTok,Consideration,Desktop,Canada,New,2025-12-25,125.56,9635,157,2,180.74
CMP-1025,Affiliate_Traffic_Push_1,Affiliate,Consideration,Mobile,India,New,2025-12-26,17.39,3345,90,2,194.16
CMP-1031,TikTok_Traffic_Push_1,TikTok,Consideration,Desktop,Canada,New,2025-12-26,116.79,11396,184,1,39.65
CMP-1025,Affiliate_Traffic_Push_1,Affiliate,Consideration,Mobile,India,New,2025-12-27,5.66,1742,28,0,0.0
CMP-1031,TikTok_Traffic_Push_1,TikTok,Consideration,Desktop,Canada,New,2025-12-27,57.91,4254,90,1,35.06
CMP-1025,Affiliate_Traffic_Push_1,Affiliate,Consideration,Mobile,India,New,2025-12-28,15.76,2601,50,1,81.98
CMP-1031,TikTok_Traffic_Push_1,TikTok,Consideration,Desktop,Canada,New,2025-12-28,53.94,6449,137,3,173.77
CMP-1025,Affiliate_Traffic_Push_1,Affiliate,Consideration,Mobile,India,New,2025-12-29,16.61,3173,66,1,93.51
CMP-1031,TikTok_Traffic_Push_1,TikTok,Consideration,Desktop,Canada,New,2025-12-29,23.59,4960,81,2,126.53
CMP-1025,Affiliate_Traffic_Push_1,Affiliate,Consideration,Mobile,India,New,2025-12-30,16.17,2581,57,1,74.28
CMP-1031,TikTok_Traffic_Push_1,TikTok,Consideration,Desktop,Canada,New,2025-12-30,208.45,7665,252,4,228.83
CMP-1025,Affiliate_Traffic_Push_1,Affiliate,Consideration,Mobile,India,New,2025-12-31,19.65,3648,73,2,186.43
CMP-1031,TikTok_Traffic_Push_1,TikTok,Consideration,Desktop,Canada,New,2025-12-31,52.67,4240,82,2,130.69
CMP-1001,GoogleAds_Sale_Drive_1,Google Ads,Conversion,Mobile,Canada,Retargeting,2024-04-15,195.26,4068,144,14,1763.89
CMP-1002,GoogleAds_Signup_Push_2,Google Ads,Conversion,Desktop,United States,Returning,2025-02-17,288.88,3991,148,20,1484.97
CMP-1036,TikTok_Sale_Drive_6,TikTok,Conversion,Mobile,United States,Returning,2025-11-02,68.32,2286,79,2,156.88
CMP-1011,Facebook_Sale_Drive_5,Facebook,Conversion,Mobile,India,New,2024-04-16,68.29,7164,183,5,403.31
CMP-1041,Organic_Video_Views_5,Organic,Awareness,Mobile,India,Lookalike,2024-10-22,0.0,6224,105,1,103.18
CMP-1011,Facebook_Sale_Drive_5,Facebook,Conversion,Mobile,India,New,2024-03-24,36.97,3977,106,5,400.44
CMP-1026,Affiliate_Retarget_Convert_2,Affiliate,Conversion,Mobile,United Kingdom,Returning,2025-02-08,30.58,1670,45,1,101.32
CMP-1024,Email_Brand_Reach_6,Email,Awareness,Mobile,India,New,2024-08-17,5.89,4207,217,3,243.52
