customer_id,acquisition_channel,acquisition_date,age_group,gender,city,country,subscription_plan,first_purchase_value
CUST-003485,Organic,2024-02-26,45-54,Female,Melbourne,Australia,Free,10.72
CUST-002274,Organic,2024-02-28,45-54,Female,Austin,United States,Premium,70.1
CUST-004981,Organic,2024-03-02,18-24,Male,Vancouver,Canada,Free,19.91
CUST-005857,Organic,2024-03-02,18-24,Female,Seattle,United States,Enterprise,145.49
CUST-001125,Organic,2024-03-02,25-34,Female,Melbourne,Australia,Premium,92.46
CUST-002210,Organic,2024-03-02,45-54,Male,Chicago,United States,Premium,111.07
CUST-005154,Organic,2024-03-02,35-44,Female,Chicago,United States,Free,20.96
CUST-002093,Organic,2024-03-03,35-44,Male,Austin,United States,Basic,56.09
CUST-003536,Organic,2024-03-04,25-34,Male,Toronto,Canada,Basic,50.74
CUST-000906,Organic,2024-03-04,18-24,Male,Seattle,United States,Premium,70.73
CUST-002726,Google Ads,2024-03-05,35-44,Male,Chicago,United States,Basic,62.68
CUST-002792,Google Ads,2024-03-05,25-34,Male,Seattle,United States,Premium,93.06
CUST-004020,Google Ads,2024-03-06,25-34,Male,Birmingham,United Kingdom,Premium,88.46
CUST-001973,Google Ads,2024-03-06,35-44,Male,Bengaluru,India,Enterprise,114.33
CUST-000772,Google Ads,2024-03-07,25-34,Female,Pune,India,Free,22.01
CUST-005852,Facebook,2024-03-07,25-34,Male,Toronto,Canada,Premium,80.46
CUST-001273,Organic,2024-03-07,45-54,Male,Montreal,Canada,Premium,122.0
CUST-002502,Google Ads,2024-03-07,25-34,Male,Seattle,United States,Premium,92.26
CUST-000917,Facebook,2024-03-07,35-44,Female,Vancouver,Canada,Basic,54.16
CUST-004093,Facebook,2024-03-07,25-34,Male,Toronto,Canada,Premium,101.98
CUST-004829,Google Ads,2024-03-08,25-34,Female,Montreal,Canada,Basic,43.54
CUST-002892,Google Ads,2024-03-08,45-54,Female,Delhi,India,Basic,52.88
CUST-003845,Facebook,2024-03-08,45-54,Male,Toronto,Canada,Premium,82.84
CUST-001436,Organic,2024-03-08,25-34,Female,Chicago,United States,Free,23.7
CUST-000595,Google Ads,2024-03-08,25-34,Male,Pune,India,Basic,55.82
CUST-001814,Organic,2024-03-08,35-44,Female,Pune,India,Premium,45.26
CUST-000122,Google Ads,2024-03-09,55+,Female,Birmingham,United Kingdom,Premium,80.25
CUST-005715,Facebook,2024-03-09,18-24,Female,Melbourne,Australia,Enterprise,96.78
CUST-004373,Google Ads,2024-03-09,25-34,Male,Pune,India,Enterprise,211.64
CUST-005024,Facebook,2024-03-10,25-34,Male,Birmingham,United Kingdom,Free,20.44
CUST-001252,Facebook,2024-03-10,25-34,Female,Pune,India,Free,15.32
CUST-000739,Google Ads,2024-03-10,25-34,Male,Mumbai,India,Premium,90.1
CUST-003943,Google Ads,2024-03-10,45-54,Male,Los Angeles,United States,Basic,68.14
CUST-000724,Facebook,2024-03-10,18-24,Female,Melbourne,Australia,Premium,103.1
CUST-005929,Google Ads,2024-03-10,45-54,Female,New York,United States,Free,18.21
CUST-004309,Google Ads,2024-03-11,25-34,Female,Delhi,India,Premium,84.16
CUST-004070,Google Ads,2024-03-11,25-34,Male,Delhi,India,Premium,79.95
CUST-003269,Google Ads,2024-03-11,18-24,Female,New York,United States,Premium,90.27
CUST-000628,Google Ads,2024-03-11,35-44,Female,Bengaluru,India,Basic,39.04
CUST-001938,Google Ads,2024-03-11,55+,Male,Austin,United States,Free,14.67
CUST-002379,Google Ads,2024-03-11,18-24,Male,Delhi,India,Basic,59.74
CUST-002323,Facebook,2024-03-11,35-44,Female,Melbourne,Australia,Basic,67.65
CUST-003829,Google Ads,2024-03-12,45-54,Female,Mumbai,India,Premium,95.0
CUST-005785,Google Ads,2024-03-13,25-34,Female,Los Angeles,United States,Basic,36.95
CUST-001332,Google Ads,2024-03-13,25-34,Female,London,United Kingdom,Basic,27.77
CUST-004748,Google Ads,2024-03-13,25-34,Male,Toronto,Canada,Basic,45.31
CUST-000312,Google Ads,2024-03-13,35-44,Female,London,United Kingdom,Premium,123.37
CUST-004168,Organic,2024-03-13,25-34,Male,New York,United States,Basic,55.66
CUST-005073,Google Ads,2024-03-13,18-24,Female,Austin,United States,Enterprise,267.56
CUST-005555,Google Ads,2024-03-14,55+,Male,Austin,United States,Free,11.93
CUST-004941,Google Ads,2024-03-14,18-24,Male,Pune,India,Basic,50.27
CUST-004587,Google Ads,2024-03-14,18-24,Female,Vancouver,Canada,Free,26.58
CUST-000269,Google Ads,2024-03-14,25-34,Male,Los Angeles,United States,Basic,49.73
CUST-001876,Google Ads,2024-03-14,35-44,Female,Bengaluru,India,Basic,26.34
CUST-001648,Organic,2024-03-14,25-34,Female,Delhi,India,Premium,100.51
CUST-003412,Facebook,2024-03-14,45-54,Male,Manchester,United Kingdom,Basic,55.93
CUST-002922,Facebook,2024-03-14,25-34,Female,Seattle,United States,Premium,129.3
CUST-002476,Google Ads,2024-03-14,25-34,Male,Los Angeles,United States,Premium,84.88
CUST-003309,Google Ads,2024-03-14,35-44,Female,New York,United States,Premium,112.2
CUST-002835,Google Ads,2024-03-15,35-44,Male,Chicago,United States,Enterprise,184.36
CUST-000287,Google Ads,2024-03-15,35-44,Male,Manchester,United Kingdom,Free,20.15
CUST-002407,Organic,2024-03-16,35-44,Male,Toronto,Canada,Free,25.13
CUST-004296,Google Ads,2024-03-16,35-44,Female,Delhi,India,Premium,140.36
CUST-003758,Google Ads,2024-03-16,18-24,Male,Toronto,Canada,Basic,50.2
CUST-003436,Google Ads,2024-03-16,35-44,Male,Austin,United States,Basic,45.46
CUST-001614,Google Ads,2024-03-16,45-54,Female,Seattle,United States,Basic,41.4
CUST-003494,Google Ads,2024-03-16,25-34,Female,Chicago,United States,Free,24.91
CUST-005325,Google Ads,2024-03-16,18-24,Female,New York,United States,Premium,88.01
CUST-001322,Facebook,2024-03-16,35-44,Other,Montreal,Canada,Basic,62.42
CUST-004597,Google Ads,2024-03-17,25-34,Male,Manchester,United Kingdom,Basic,48.66
CUST-002108,Facebook,2024-03-17,25-34,Female,London,United Kingdom,Enterprise,174.53
CUST-005657,Organic,2024-03-17,35-44,Female,Los Angeles,United States,Premium,99.18
CUST-001501,Google Ads,2024-03-17,25-34,Female,Sydney,Australia,Free,18.91
CUST-005507,Google Ads,2024-03-17,25-34,Male,Seattle,United States,Premium,92.53
CUST-005639,Facebook,2024-03-17,35-44,Female,Melbourne,Australia,Basic,52.73
CUST-005026,Google Ads,2024-03-17,25-34,Female,Montreal,Canada,Free,21.94
CUST-004291,Facebook,2024-03-17,25-34,Other,Delhi,India,Basic,35.76
CUST-001742,Organic,2024-03-17,55+,Male,New York,United States,Basic,69.76
CUST-004648,Facebook,2024-03-17,18-24,Female,New York,United States,Basic,60.64
CUST-002679,Google Ads,2024-03-18,18-24,Female,Toronto,Canada,Basic,52.48
CUST-003507,Google Ads,2024-03-18,35-44,Female,Manchester,United Kingdom,Basic,42.46
CUST-002145,Google Ads,2024-03-18,25-34,Female,Manchester,United Kingdom,Basic,51.58
CUST-001269,Google Ads,2024-03-18,35-44,Male,Sydney,Australia,Free,18.94
CUST-003162,Google Ads,2024-03-18,25-34,Male,New York,United States,Free,20.15
CUST-001833,Google Ads,2024-03-18,35-44,Male,Los Angeles,United States,Premium,119.98
CUST-005390,Organic,2024-03-18,18-24,Female,Montreal,Canada,Enterprise,129.85
CUST-005814,Facebook,2024-03-18,18-24,Female,Mumbai,India,Basic,53.54
CUST-001919,Google Ads,2024-03-19,35-44,Female,Austin,United States,Basic,58.45
CUST-001555,Google Ads,2024-03-19,45-54,Male,Los Angeles,United States,Premium,51.02
CUST-002086,Google Ads,2024-03-19,18-24,Female,Manchester,United Kingdom,Premium,80.44
CUST-001914,Facebook,2024-03-19,25-34,Male,Sydney,Australia,Basic,34.97
CUST-003712,Google Ads,2024-03-19,45-54,Female,Chicago,United States,Enterprise,259.24
CUST-002951,Google Ads,2024-03-19,18-24,Male,London,United Kingdom,Enterprise,116.3
CUST-000636,Facebook,2024-03-19,18-24,Female,Delhi,India,Basic,26.01
CUST-005719,Facebook,2024-03-20,35-44,Female,Mumbai,India,Premium,96.58
CUST-000399,Google Ads,2024-03-20,18-24,Male,Chicago,United States,Basic,65.58
CUST-002785,Google Ads,2024-03-20,45-54,Male,Bengaluru,India,Basic,60.35
CUST-005019,Google Ads,2024-03-20,35-44,Female,London,United Kingdom,Free,18.71
CUST-003655,Organic,2024-03-20,25-34,Female,Chicago,United States,Premium,96.7
CUST-001200,Google Ads,2024-03-20,25-34,Male,Chicago,United States,Free,8.91
CUST-002669,Google Ads,2024-03-20,18-24,Male,Sydney,Australia,Premium,59.75
CUST-001816,Google Ads,2024-03-21,18-24,Male,Delhi,India,Enterprise,193.99
CUST-005171,Organic,2024-03-21,45-54,Female,Melbourne,Australia,Basic,37.84
CUST-004346,Facebook,2024-03-21,25-34,Male,Los Angeles,United States,Free,31.0
CUST-003778,Google Ads,2024-03-21,35-44,Female,London,United Kingdom,Basic,45.65
CUST-003408,Facebook,2024-03-21,35-44,Male,Melbourne,Australia,Free,34.82
CUST-005067,Facebook,2024-03-21,45-54,Female,Seattle,United States,Free,19.2
CUST-000290,Organic,2024-03-21,18-24,Female,Mumbai,India,Basic,50.69
CUST-000134,Google Ads,2024-03-21,25-34,Female,Pune,India,Basic,50.74
CUST-003612,Facebook,2024-03-21,25-34,Female,Mumbai,India,Free,17.13
CUST-003994,Organic,2024-03-21,45-54,Female,Chicago,United States,Free,26.29
CUST-003327,Organic,2024-03-21,35-44,Male,Austin,United States,Basic,48.66
CUST-000702,Facebook,2024-03-21,45-54,Female,Austin,United States,Basic,50.21
CUST-002652,Organic,2024-03-21,18-24,Female,Seattle,United States,Premium,51.84
CUST-003947,Facebook,2024-03-22,55+,Male,New York,United States,Basic,43.25
CUST-004905,Google Ads,2024-03-22,35-44,Female,Chicago,United States,Free,18.69
CUST-001590,Google Ads,2024-03-22,25-34,Male,New York,United States,Premium,148.71
CUST-000490,Facebook,2024-03-22,35-44,Female,Seattle,United States,Basic,40.31
CUST-003164,Google Ads,2024-03-22,45-54,Female,Austin,United States,Premium,54.82
CUST-000668,Facebook,2024-03-22,18-24,Female,Mumbai,India,Enterprise,185.06
CUST-002363,Google Ads,2024-03-22,55+,Female,Mumbai,India,Free,24.59
CUST-005113,Google Ads,2024-03-22,25-34,Male,Pune,India,Basic,44.32
CUST-001951,Google Ads,2024-03-23,25-34,Male,Montreal,Canada,Premium,106.54
CUST-004857,Google Ads,2024-03-23,25-34,Female,Austin,United States,Basic,32.62
CUST-002075,Google Ads,2024-03-23,45-54,Male,Los Angeles,United States,Premium,125.19
CUST-005218,Google Ads,2024-03-23,55+,Female,London,United Kingdom,Free,26.65
CUST-001044,Facebook,2024-03-23,25-34,Male,Bengaluru,India,Basic,51.72
CUST-001384,Google Ads,2024-03-23,25-34,Male,Bengaluru,India,Basic,41.93
CUST-002604,Facebook,2024-03-24,35-44,Female,Vancouver,Canada,Basic,82.65
CUST-004803,Organic,2024-03-24,55+,Male,Pune,India,Free,33.31
CUST-004594,Facebook,2024-03-24,25-34,Female,Austin,United States,Free,14.81
CUST-002441,Facebook,2024-03-24,25-34,Female,Melbourne,Australia,Premium,105.9
CUST-004641,Facebook,2024-03-24,18-24,Male,Los Angeles,United States,Basic,60.53
CUST-000462,Organic,2024-03-24,25-34,Male,Montreal,Canada,Premium,107.92
CUST-002349,Google Ads,2024-03-24,25-34,Male,Los Angeles,United States,Basic,52.31
CUST-004094,Organic,2024-03-24,35-44,Male,Mumbai,India,Basic,76.73
CUST-001500,Facebook,2024-03-24,55+,Male,Los Angeles,United States,Free,16.32
CUST-001633,Facebook,2024-03-25,18-24,Male,Seattle,United States,Premium,105.48
CUST-004382,Facebook,2024-03-25,45-54,Male,Toronto,Canada,Premium,92.87
CUST-005018,Facebook,2024-03-25,45-54,Other,Mumbai,India,Basic,59.28
CUST-001161,Facebook,2024-03-25,25-34,Male,Bengaluru,India,Basic,35.77
CUST-001797,Facebook,2024-03-25,25-34,Female,Austin,United States,Premium,86.92
CUST-005095,Google Ads,2024-03-26,55+,Female,New York,United States,Premium,121.11
CUST-005436,Facebook,2024-03-26,45-54,Female,Pune,India,Basic,56.18
CUST-001591,Google Ads,2024-03-26,55+,Female,Toronto,Canada,Free,20.24
CUST-003840,Google Ads,2024-03-26,25-34,Male,Bengaluru,India,Free,17.49
CUST-005528,Organic,2024-03-26,18-24,Male,Birmingham,United Kingdom,Premium,132.29
CUST-001785,Organic,2024-03-26,18-24,Female,Sydney,Australia,Free,13.94
CUST-000664,Facebook,2024-03-26,45-54,Male,Los Angeles,United States,Free,18.52
CUST-004953,Facebook,2024-03-26,35-44,Female,New York,United States,Premium,98.89
CUST-004593,Google Ads,2024-03-26,55+,Female,Seattle,United States,Premium,100.94
CUST-004563,Google Ads,2024-03-27,18-24,Male,Melbourne,Australia,Basic,56.03
CUST-000859,Google Ads,2024-03-27,25-34,Male,New York,United States,Premium,91.27
CUST-005276,Facebook,2024-03-27,45-54,Female,Bengaluru,India,Premium,122.94
CUST-002707,Google Ads,2024-03-27,45-54,Male,Manchester,United Kingdom,Premium,116.55
CUST-000174,Google Ads,2024-03-27,25-34,Female,Chicago,United States,Premium,69.53
CUST-005317,Google Ads,2024-03-27,55+,Female,Delhi,India,Basic,42.21
CUST-002822,Google Ads,2024-03-27,25-34,Female,Los Angeles,United States,Free,27.36
CUST-003001,Google Ads,2024-03-27,55+,Male,Montreal,Canada,Basic,36.38
CUST-004602,Facebook,2024-03-27,25-34,Male,Montreal,Canada,Basic,46.06
CUST-001188,Google Ads,2024-03-27,35-44,Male,Manchester,United Kingdom,Enterprise,193.6
CUST-000744,Facebook,2024-03-28,25-34,Male,Birmingham,United Kingdom,Free,19.06
CUST-005043,Facebook,2024-03-28,18-24,Male,Pune,India,Free,11.82
CUST-004199,Google Ads,2024-03-28,18-24,Female,Austin,United States,Enterprise,282.47
CUST-000782,Facebook,2024-03-28,25-34,Female,New York,United States,Free,17.06
CUST-003832,Google Ads,2024-03-28,18-24,Male,Austin,United States,Premium,105.85
CUST-002635,Facebook,2024-03-28,25-34,Male,Vancouver,Canada,Basic,35.7
CUST-000423,Google Ads,2024-03-28,25-34,Male,Sydney,Australia,Basic,29.54
CUST-000602,Google Ads,2024-03-28,45-54,Male,Chicago,United States,Basic,19.82
CUST-003983,Facebook,2024-03-28,18-24,Female,Pune,India,Enterprise,222.43
CUST-003326,Google Ads,2024-03-29,18-24,Male,Toronto,Canada,Premium,145.13
CUST-000064,Facebook,2024-03-29,18-24,Male,Pune,India,Free,25.96
CUST-002761,Organic,2024-03-29,35-44,Female,Birmingham,United Kingdom,Free,27.4
CUST-000844,Google Ads,2024-03-29,25-34,Female,Montreal,Canada,Basic,37.8
CUST-001927,Google Ads,2024-03-29,25-34,Female,Manchester,United Kingdom,Free,15.11
CUST-003039,Facebook,2024-03-30,35-44,Female,Manchester,United Kingdom,Basic,41.37
CUST-001235,Google Ads,2024-03-30,35-44,Female,Sydney,Australia,Premium,103.12
CUST-000081,Facebook,2024-03-30,25-34,Female,Austin,United States,Premium,118.48
CUST-004066,Facebook,2024-03-30,25-34,Male,Chicago,United States,Basic,71.67
CUST-002412,Google Ads,2024-03-31,35-44,Female,Montreal,Canada,Basic,73.95
CUST-000299,Google Ads,2024-03-31,35-44,Male,Chicago,United States,Basic,55.9
CUST-005720,Organic,2024-03-31,18-24,Other,Pune,India,Premium,81.04
CUST-004051,Google Ads,2024-03-31,25-34,Female,Chicago,United States,Free,25.99
CUST-001240,Facebook,2024-03-31,25-34,Female,Pune,India,Enterprise,265.15
CUST-003717,Facebook,2024-03-31,25-34,Other,Montreal,Canada,Free,30.14
CUST-003923,Facebook,2024-03-31,45-54,Male,Delhi,India,Basic,50.07
CUST-003695,Organic,2024-03-31,18-24,Female,Chicago,United States,Basic,58.07
CUST-002856,Facebook,2024-03-31,18-24,Male,Bengaluru,India,Premium,102.67
CUST-002725,Facebook,2024-04-01,25-34,Male,Seattle,United States,Premium,65.87
CUST-000675,Facebook,2024-04-01,18-24,Male,London,United Kingdom,Basic,49.04
CUST-001267,Google Ads,2024-04-02,18-24,Female,New York,United States,Premium,108.02
CUST-002505,Facebook,2024-04-02,25-34,Male,Toronto,Canada,Basic,36.81
CUST-004971,Google Ads,2024-04-02,35-44,Female,Birmingham,United Kingdom,Enterprise,204.46
CUST-000228,Organic,2024-04-02,35-44,Female,Birmingham,United Kingdom,Premium,97.58
CUST-005460,Google Ads,2024-04-02,18-24,Male,Austin,United States,Basic,26.65
CUST-001488,Facebook,2024-04-02,45-54,Male,Los Angeles,United States,Free,16.7
CUST-000901,Facebook,2024-04-02,35-44,Male,Seattle,United States,Premium,108.57
CUST-000273,Google Ads,2024-04-02,18-24,Female,Vancouver,Canada,Premium,124.59
CUST-000393,Facebook,2024-04-02,25-34,Male,New York,United States,Basic,48.72
CUST-001710,Facebook,2024-04-02,25-34,Female,Austin,United States,Premium,78.8
CUST-004277,Google Ads,2024-04-02,25-34,Female,Seattle,United States,Enterprise,164.55
CUST-000052,Facebook,2024-04-02,25-34,Female,London,United Kingdom,Premium,77.37
CUST-002637,Facebook,2024-04-03,18-24,Female,Mumbai,India,Free,29.4
CUST-000581,Google Ads,2024-04-03,25-34,Male,Melbourne,Australia,Premium,101.6
CUST-002887,Google Ads,2024-04-03,35-44,Female,Bengaluru,India,Premium,53.16
CUST-001375,Facebook,2024-04-03,35-44,Female,Sydney,Australia,Basic,54.11
CUST-004321,Organic,2024-04-03,18-24,Male,Mumbai,India,Enterprise,192.52
CUST-004077,Facebook,2024-04-03,25-34,Female,Birmingham,United Kingdom,Free,19.39
CUST-000993,Google Ads,2024-04-04,18-24,Male,Seattle,United States,Basic,55.21
CUST-003490,Google Ads,2024-04-04,18-24,Female,Chicago,United States,Basic,55.09
CUST-001415,Facebook,2024-04-04,35-44,Male,New York,United States,Basic,45.79
CUST-000547,Facebook,2024-04-04,25-34,Male,Birmingham,United Kingdom,Free,24.7
CUST-005675,Google Ads,2024-04-04,35-44,Male,Melbourne,Australia,Premium,57.69
CUST-003605,Organic,2024-04-05,55+,Female,Sydney,Australia,Basic,71.34
CUST-005255,Facebook,2024-04-05,45-54,Male,Delhi,India,Free,22.83
CUST-002573,Facebook,2024-04-05,18-24,Female,London,United Kingdom,Premium,79.21
CUST-002393,Google Ads,2024-04-05,45-54,Male,Seattle,United States,Premium,69.0
CUST-000832,Google Ads,2024-04-05,35-44,Female,Delhi,India,Basic,37.14
CUST-005403,Google Ads,2024-04-05,35-44,Female,Pune,India,Premium,93.41
CUST-002752,Google Ads,2024-04-05,25-34,Male,Pune,India,Premium,131.13
CUST-002201,Organic,2024-04-05,25-34,Female,Sydney,Australia,Premium,107.78
CUST-003468,Facebook,2024-04-05,25-34,Male,Chicago,United States,Premium,94.0
CUST-000728,Google Ads,2024-04-05,45-54,Male,London,United Kingdom,Basic,40.24
CUST-000210,Facebook,2024-04-05,55+,Male,Seattle,United States,Enterprise,183.41
CUST-005743,Google Ads,2024-04-05,45-54,Male,Los Angeles,United States,Enterprise,218.26
CUST-001369,Facebook,2024-04-05,25-34,Male,Seattle,United States,Premium,131.65
CUST-002767,Google Ads,2024-04-05,35-44,Female,London,United Kingdom,Premium,101.08
CUST-001709,Google Ads,2024-04-06,18-24,Male,Los Angeles,United States,Free,17.88
CUST-001609,Organic,2024-04-06,25-34,Male,Austin,United States,Basic,47.53
CUST-001948,Google Ads,2024-04-06,18-24,Female,Pune,India,Premium,77.22
CUST-003141,Google Ads,2024-04-06,25-34,Female,Bengaluru,India,Basic,50.5
CUST-004087,Email,2024-04-06,55+,Male,Manchester,United Kingdom,Premium,59.63
CUST-001060,Email,2024-04-06,18-24,Male,Los Angeles,United States,Basic,46.06
CUST-000112,Facebook,2024-04-06,25-34,Male,Bengaluru,India,Free,17.75
CUST-001626,Google Ads,2024-04-06,25-34,Female,Delhi,India,Premium,91.84
CUST-002001,Email,2024-04-06,18-24,Female,New York,United States,Basic,44.87
CUST-004898,Google Ads,2024-04-06,35-44,Male,Manchester,United Kingdom,Free,38.2
CUST-002255,Google Ads,2024-04-06,18-24,Male,Birmingham,United Kingdom,Premium,132.7
CUST-001631,Email,2024-04-06,18-24,Female,Austin,United States,Premium,95.16
CUST-005708,Facebook,2024-04-06,18-24,Female,Seattle,United States,Free,9.54
CUST-004984,Email,2024-04-06,18-24,Male,Seattle,United States,Premium,145.63
CUST-001980,Facebook,2024-04-06,18-24,Female,Austin,United States,Free,25.52
CUST-000042,Google Ads,2024-04-06,18-24,Male,New York,United States,Basic,55.4
CUST-004558,Organic,2024-04-06,18-24,Male,Delhi,India,Basic,41.48
CUST-004106,Email,2024-04-07,25-34,Male,London,United Kingdom,Basic,62.09
CUST-003550,Email,2024-04-07,45-54,Male,Delhi,India,Basic,39.54
CUST-004500,Facebook,2024-04-07,35-44,Male,Chicago,United States,Free,21.11
CUST-000921,Google Ads,2024-04-07,55+,Female,New York,United States,Basic,36.14
CUST-003188,Organic,2024-04-07,25-34,Female,Bengaluru,India,Free,22.34
CUST-000969,Google Ads,2024-04-07,35-44,Female,Seattle,United States,Enterprise,235.43
CUST-003916,Google Ads,2024-04-07,25-34,Female,Austin,United States,Basic,34.28
CUST-003467,Email,2024-04-07,25-34,Female,New York,United States,Premium,96.97
CUST-004007,Email,2024-04-08,25-34,Female,Melbourne,Australia,Free,20.27
CUST-005820,Organic,2024-04-08,18-24,Male,Melbourne,Australia,Basic,73.61
CUST-002292,Facebook,2024-04-08,45-54,Male,Sydney,Australia,Free,33.29
CUST-001517,Email,2024-04-08,35-44,Female,New York,United States,Basic,48.02
CUST-004545,Email,2024-04-08,25-34,Female,Austin,United States,Basic,41.51
CUST-000161,Email,2024-04-08,35-44,Female,Austin,United States,Basic,35.14
CUST-001657,Email,2024-04-08,35-44,Male,Bengaluru,India,Free,20.34
CUST-002703,Facebook,2024-04-08,25-34,Female,Delhi,India,Basic,72.56
CUST-003072,Google Ads,2024-04-08,55+,Male,Seattle,United States,Basic,47.35
CUST-004219,Facebook,2024-04-08,35-44,Female,Delhi,India,Basic,28.91
CUST-004779,Affiliate,2024-04-08,25-34,Other,Delhi,India,Enterprise,186.85
CUST-004333,Google Ads,2024-04-08,35-44,Male,Montreal,Canada,Basic,42.14
CUST-002480,Email,2024-04-08,35-44,Male,New York,United States,Basic,42.42
CUST-005998,Google Ads,2024-04-09,25-34,Male,New York,United States,Free,8.5
CUST-003809,Google Ads,2024-04-09,25-34,Female,Manchester,United Kingdom,Premium,54.83
CUST-004911,Google Ads,2024-04-09,18-24,Female,Birmingham,United Kingdom,Premium,108.95
CUST-000260,Google Ads,2024-04-09,18-24,Male,Sydney,Australia,Free,14.59
CUST-002420,Email,2024-04-09,25-34,Female,Delhi,India,Free,25.19
CUST-003017,Email,2024-04-09,35-44,Female,New York,United States,Basic,47.98
CUST-005873,Facebook,2024-04-09,18-24,Male,New York,United States,Enterprise,261.06
CUST-001518,Google Ads,2024-04-09,18-24,Female,Mumbai,India,Free,35.12
CUST-005414,Google Ads,2024-04-09,35-44,Female,Toronto,Canada,Basic,37.6
CUST-002156,Organic,2024-04-09,35-44,Female,Toronto,Canada,Enterprise,140.87
CUST-003562,Facebook,2024-04-09,25-34,Male,New York,United States,Free,29.59
CUST-001138,Email,2024-04-09,18-24,Female,London,United Kingdom,Premium,124.2
CUST-002615,Email,2024-04-09,35-44,Female,Birmingham,United Kingdom,Basic,56.31
CUST-003067,Email,2024-04-09,35-44,Female,Montreal,Canada,Basic,61.25
CUST-004564,Google Ads,2024-04-09,25-34,Male,Toronto,Canada,Basic,18.25
CUST-001183,Google Ads,2024-04-10,35-44,Male,Birmingham,United Kingdom,Premium,89.87
CUST-002507,Email,2024-04-10,45-54,Male,Austin,United States,Premium,79.92
CUST-005031,Email,2024-04-10,45-54,Male,London,United Kingdom,Premium,85.59
CUST-003904,Email,2024-04-10,18-24,Male,Bengaluru,India,Basic,51.86
CUST-001521,Facebook,2024-04-10,35-44,Male,Delhi,India,Free,27.38
CUST-005150,Email,2024-04-10,35-44,Female,Austin,United States,Free,18.28
CUST-003398,Google Ads,2024-04-10,25-34,Female,Seattle,United States,Premium,84.69
CUST-001433,Google Ads,2024-04-10,35-44,Male,New York,United States,Basic,79.31
CUST-004125,Email,2024-04-10,35-44,Female,Toronto,Canada,Free,16.65
CUST-005980,Google Ads,2024-04-10,25-34,Female,Montreal,Canada,Free,18.12
CUST-005921,Google Ads,2024-04-10,18-24,Female,Bengaluru,India,Free,25.34
CUST-004467,Facebook,2024-04-10,18-24,Other,Pune,India,Premium,81.35
CUST-005309,Google Ads,2024-04-10,35-44,Female,Bengaluru,India,Premium,74.17
CUST-001226,Google Ads,2024-04-10,55+,Female,Pune,India,Basic,41.6
CUST-003195,Google Ads,2024-04-11,25-34,Male,Vancouver,Canada,Basic,56.26
CUST-001242,Email,2024-04-11,25-34,Female,London,United Kingdom,Premium,111.21
CUST-004357,Google Ads,2024-04-11,45-54,Male,Manchester,United Kingdom,Premium,71.83
CUST-003363,Google Ads,2024-04-11,35-44,Female,Montreal,Canada,Premium,97.55
CUST-000586,Organic,2024-04-11,18-24,Male,London,United Kingdom,Basic,42.06
CUST-005119,Email,2024-04-11,35-44,Female,Manchester,United Kingdom,Basic,45.63
CUST-005846,Email,2024-04-11,25-34,Female,Bengaluru,India,Basic,58.33
CUST-002786,Facebook,2024-04-11,18-24,Female,Montreal,Canada,Basic,65.27
CUST-003410,Email,2024-04-11,45-54,Female,New York,United States,Basic,60.05
CUST-004559,Google Ads,2024-04-11,25-34,Male,Bengaluru,India,Free,21.37
CUST-005765,Google Ads,2024-04-11,35-44,Male,Seattle,United States,Free,18.14
CUST-003121,Email,2024-04-11,18-24,Other,New York,United States,Premium,77.4
CUST-000202,Google Ads,2024-04-12,25-34,Male,Los Angeles,United States,Free,22.05
CUST-002596,Google Ads,2024-04-12,45-54,Female,Mumbai,India,Basic,40.03
CUST-004218,Google Ads,2024-04-12,18-24,Female,Delhi,India,Basic,43.5
CUST-000459,Google Ads,2024-04-12,35-44,Female,Toronto,Canada,Basic,46.19
CUST-004546,Google Ads,2024-04-12,55+,Female,Toronto,Canada,Basic,38.47
CUST-000974,Facebook,2024-04-12,55+,Female,New York,United States,Free,27.95
CUST-002496,Email,2024-04-12,18-24,Male,Mumbai,India,Basic,57.52
CUST-002565,Email,2024-04-12,45-54,Male,Manchester,United Kingdom,Basic,50.21
CUST-003191,Email,2024-04-12,35-44,Female,Bengaluru,India,Free,24.08
CUST-004554,Email,2024-04-13,25-34,Female,Mumbai,India,Free,23.04
CUST-004236,Email,2024-04-13,18-24,Male,Mumbai,India,Free,17.96
CUST-000326,Google Ads,2024-04-13,35-44,Male,Manchester,United Kingdom,Free,19.61
CUST-000520,Organic,2024-04-13,18-24,Male,Bengaluru,India,Basic,42.61
CUST-005230,Email,2024-04-13,18-24,Female,Chicago,United States,Basic,32.15
CUST-004404,Facebook,2024-04-13,45-54,Male,Seattle,United States,Basic,43.73
CUST-000769,Facebook,2024-04-13,25-34,Female,Toronto,Canada,Enterprise,152.34
CUST-004539,Facebook,2024-04-13,45-54,Female,Bengaluru,India,Free,21.89
CUST-002040,Google Ads,2024-04-13,25-34,Male,Manchester,United Kingdom,Free,22.51
CUST-002263,Google Ads,2024-04-13,35-44,Male,Montreal,Canada,Premium,100.6
CUST-001159,Email,2024-04-13,55+,Female,Austin,United States,Free,13.92
CUST-005780,Email,2024-04-13,18-24,Male,Manchester,United Kingdom,Premium,94.49
CUST-005294,Google Ads,2024-04-13,25-34,Female,Mumbai,India,Premium,124.21
CUST-001321,Google Ads,2024-04-14,35-44,Female,Los Angeles,United States,Enterprise,28.12
CUST-004669,Google Ads,2024-04-14,35-44,Male,Montreal,Canada,Free,31.23
CUST-001261,Google Ads,2024-04-14,18-24,Female,Delhi,India,Free,24.02
CUST-003232,Google Ads,2024-04-14,35-44,Female,Montreal,Canada,Enterprise,181.23
CUST-000734,Google Ads,2024-04-14,35-44,Male,Sydney,Australia,Basic,36.67
CUST-000254,Email,2024-04-14,55+,Male,Mumbai,India,Free,20.62
CUST-000352,Email,2024-04-15,25-34,Other,Montreal,Canada,Premium,98.41
CUST-002780,Email,2024-04-15,25-34,Female,New York,United States,Basic,48.36
CUST-000236,Email,2024-04-15,18-24,Male,Bengaluru,India,Basic,51.04
CUST-001937,Email,2024-04-15,25-34,Male,New York,United States,Enterprise,283.24
CUST-001151,Facebook,2024-04-15,25-34,Male,Pune,India,Enterprise,198.66
CUST-004339,Email,2024-04-15,18-24,Male,Seattle,United States,Premium,110.94
CUST-004110,Email,2024-04-15,25-34,Male,Montreal,Canada,Premium,93.11
CUST-002361,Facebook,2024-04-15,25-34,Male,Bengaluru,India,Basic,49.5
CUST-000570,Google Ads,2024-04-15,45-54,Female,Melbourne,Australia,Premium,118.69
CUST-005449,Google Ads,2024-04-15,35-44,Male,New York,United States,Basic,43.29
CUST-001761,Email,2024-04-15,25-34,Male,Austin,United States,Basic,52.18
CUST-005990,Facebook,2024-04-16,25-34,Other,Seattle,United States,Free,22.64
CUST-000884,Facebook,2024-04-16,18-24,Male,Vancouver,Canada,Basic,41.46
CUST-004470,Google Ads,2024-04-16,25-34,Female,Birmingham,United Kingdom,Free,21.11
CUST-000871,Affiliate,2024-04-16,45-54,Female,Birmingham,United Kingdom,Basic,33.77
CUST-004832,Google Ads,2024-04-16,25-34,Female,Birmingham,United Kingdom,Basic,55.31
CUST-001531,Google Ads,2024-04-16,45-54,Female,New York,United States,Premium,154.46
CUST-000029,Google Ads,2024-04-16,18-24,Female,Mumbai,India,Basic,64.57
CUST-004968,Facebook,2024-04-16,25-34,Female,Los Angeles,United States,Premium,71.64
CUST-001884,Google Ads,2024-04-16,35-44,Male,Seattle,United States,Free,25.25
CUST-001775,Facebook,2024-04-17,25-34,Female,Vancouver,Canada,Basic,50.98
CUST-004936,Email,2024-04-17,45-54,Female,Austin,United States,Basic,56.85
CUST-003629,Email,2024-04-17,25-34,Male,Delhi,India,Free,19.02
CUST-001641,Google Ads,2024-04-17,35-44,Female,Los Angeles,United States,Basic,65.29
CUST-002747,Google Ads,2024-04-17,45-54,Female,Toronto,Canada,Premium,115.46
CUST-005473,Facebook,2024-04-17,35-44,Male,Pune,India,Free,16.66
CUST-002178,Facebook,2024-04-17,18-24,Male,New York,United States,Free,16.39
CUST-004951,Google Ads,2024-04-17,18-24,Male,Los Angeles,United States,Free,20.11
CUST-005106,Email,2024-04-17,45-54,Female,Melbourne,Australia,Premium,118.96
CUST-000580,Google Ads,2024-04-17,18-24,Male,Mumbai,India,Basic,39.84
CUST-005157,Google Ads,2024-04-17,35-44,Male,Chicago,United States,Basic,29.71
CUST-000476,Google Ads,2024-04-17,25-34,Male,New York,United States,Basic,47.5
CUST-003760,Email,2024-04-17,35-44,Male,Bengaluru,India,Basic,37.43
CUST-005995,Email,2024-04-17,35-44,Male,Birmingham,United Kingdom,Basic,37.82
CUST-002187,Facebook,2024-04-17,35-44,Male,Pune,India,Free,24.8
CUST-005237,Email,2024-04-17,25-34,Female,Austin,United States,Enterprise,136.79
CUST-004826,Facebook,2024-04-17,25-34,Male,Vancouver,Canada,Premium,70.97
CUST-005896,Email,2024-04-18,35-44,Female,Manchester,United Kingdom,Basic,42.12
CUST-000474,Google Ads,2024-04-18,55+,Male,Sydney,Australia,Free,23.61
CUST-000145,Email,2024-04-18,25-34,Female,Bengaluru,India,Free,18.39
CUST-003930,Google Ads,2024-04-18,25-34,Male,Manchester,United Kingdom,Free,10.92
CUST-001711,Email,2024-04-18,35-44,Male,Mumbai,India,Premium,95.06
CUST-001467,Facebook,2024-04-18,35-44,Female,Pune,India,Basic,68.58
CUST-005140,Email,2024-04-18,55+,Female,Los Angeles,United States,Basic,59.0
CUST-003883,Google Ads,2024-04-18,25-34,Other,Toronto,Canada,Basic,58.79
CUST-001443,Email,2024-04-18,25-34,Male,Bengaluru,India,Basic,47.45
CUST-004207,Email,2024-04-18,25-34,Male,Delhi,India,Basic,44.88
CUST-004715,Email,2024-04-19,45-54,Female,Chicago,United States,Basic,31.86
CUST-004142,Google Ads,2024-04-19,25-34,Male,Bengaluru,India,Enterprise,172.35
CUST-001725,Google Ads,2024-04-19,18-24,Male,Birmingham,United Kingdom,Basic,32.03
CUST-003808,Facebook,2024-04-19,25-34,Female,Mumbai,India,Basic,42.61
CUST-000222,Affiliate,2024-04-19,35-44,Male,Chicago,United States,Premium,74.3
CUST-004776,Facebook,2024-04-19,25-34,Female,Seattle,United States,Basic,45.83
CUST-001215,Email,2024-04-19,35-44,Male,Melbourne,Australia,Basic,21.68
CUST-003697,Email,2024-04-19,45-54,Female,Melbourne,Australia,Free,20.92
CUST-002522,Google Ads,2024-04-19,35-44,Female,Chicago,United States,Premium,103.14
CUST-000577,Google Ads,2024-04-19,45-54,Male,London,United Kingdom,Free,18.05
CUST-001991,Email,2024-04-19,35-44,Female,Chicago,United States,Basic,53.91
CUST-005859,Facebook,2024-04-19,45-54,Male,Toronto,Canada,Basic,50.91
CUST-005503,Google Ads,2024-04-19,25-34,Female,Sydney,Australia,Basic,27.31
CUST-002853,Google Ads,2024-04-19,35-44,Female,Bengaluru,India,Enterprise,158.1
CUST-005702,Email,2024-04-20,18-24,Female,Melbourne,Australia,Enterprise,288.21
CUST-003381,Email,2024-04-20,18-24,Male,Pune,India,Basic,45.24
CUST-004456,Google Ads,2024-04-20,45-54,Male,Los Angeles,United States,Basic,37.85
CUST-004451,Organic,2024-04-20,35-44,Male,Toronto,Canada,Enterprise,167.47
CUST-000827,Facebook,2024-04-20,25-34,Female,Melbourne,Australia,Free,18.5
CUST-005189,Affiliate,2024-04-20,25-34,Male,Birmingham,United Kingdom,Basic,63.67
CUST-005631,Email,2024-04-20,25-34,Female,Montreal,Canada,Premium,81.98
CUST-003535,Facebook,2024-04-20,55+,Female,Mumbai,India,Basic,38.61
CUST-000030,Google Ads,2024-04-20,25-34,Female,Austin,United States,Basic,54.07
CUST-005833,Email,2024-04-20,25-34,Female,Sydney,Australia,Premium,96.47
CUST-001821,Google Ads,2024-04-20,35-44,Female,London,United Kingdom,Premium,87.62
CUST-000031,Facebook,2024-04-20,35-44,Female,Los Angeles,United States,Enterprise,154.09
CUST-001489,Google Ads,2024-04-20,55+,Female,Chicago,United States,Free,34.99
CUST-000169,Facebook,2024-04-20,25-34,Male,Manchester,United Kingdom,Free,13.8
CUST-005451,Google Ads,2024-04-20,35-44,Male,Birmingham,United Kingdom,Premium,126.9
CUST-003297,Facebook,2024-04-20,18-24,Female,Bengaluru,India,Free,17.11
CUST-001063,Affiliate,2024-04-20,18-24,Female,Mumbai,India,Premium,108.9
CUST-002791,Email,2024-04-21,55+,Female,Austin,United States,Premium,114.19
CUST-002436,Google Ads,2024-04-21,25-34,Female,Austin,United States,Premium,80.42
CUST-000062,Affiliate,2024-04-21,18-24,Male,Melbourne,Australia,Basic,42.46
CUST-004192,Google Ads,2024-04-21,45-54,Female,Delhi,India,Free,30.3
CUST-003441,Email,2024-04-21,18-24,Male,Seattle,United States,Basic,38.31
CUST-003506,Facebook,2024-04-21,55+,Female,Austin,United States,Basic,34.96
CUST-002148,Email,2024-04-21,25-34,Male,Bengaluru,India,Premium,96.92
CUST-002385,Facebook,2024-04-21,18-24,Female,New York,United States,Free,19.14
CUST-001643,Email,2024-04-21,35-44,Male,Los Angeles,United States,Basic,48.48
CUST-003843,Google Ads,2024-04-21,45-54,Female,Los Angeles,United States,Basic,35.77
CUST-000874,Facebook,2024-04-21,18-24,Male,London,United Kingdom,Free,25.89
CUST-003893,Email,2024-04-21,25-34,Other,London,United Kingdom,Premium,56.92
CUST-005522,Organic,2024-04-21,35-44,Male,Birmingham,United Kingdom,Premium,120.95
CUST-003816,Google Ads,2024-04-21,35-44,Male,Pune,India,Free,17.67
CUST-003158,Facebook,2024-04-22,45-54,Male,Austin,United States,Premium,133.14
CUST-002612,Email,2024-04-22,25-34,Male,Seattle,United States,Premium,140.51
CUST-002670,Email,2024-04-22,18-24,Male,Seattle,United States,Free,24.92
CUST-002034,Email,2024-04-22,18-24,Male,Toronto,Canada,Free,23.71
CUST-004215,Email,2024-04-22,35-44,Male,London,United Kingdom,Basic,38.85
CUST-004183,Email,2024-04-22,25-34,Female,Melbourne,Australia,Premium,116.22
CUST-005183,Google Ads,2024-04-22,18-24,Female,Toronto,Canada,Basic,42.08
CUST-000153,Google Ads,2024-04-22,25-34,Male,Vancouver,Canada,Premium,96.89
CUST-001543,Email,2024-04-23,45-54,Male,New York,United States,Free,20.34
CUST-003365,Affiliate,2024-04-23,35-44,Female,Delhi,India,Enterprise,208.92
CUST-003303,Email,2024-04-23,25-34,Female,Melbourne,Australia,Enterprise,158.22
CUST-000308,Organic,2024-04-23,18-24,Female,Los Angeles,United States,Premium,117.33
CUST-004095,Affiliate,2024-04-23,25-34,Male,Manchester,United Kingdom,Premium,45.39
CUST-000442,Email,2024-04-23,25-34,Male,London,United Kingdom,Premium,96.66
CUST-002723,Email,2024-04-23,35-44,Female,Melbourne,Australia,Basic,57.03
CUST-004598,Email,2024-04-23,25-34,Male,Seattle,United States,Premium,109.53
CUST-000838,Facebook,2024-04-23,18-24,Male,Vancouver,Canada,Free,23.64
CUST-001353,Email,2024-04-23,35-44,Female,Sydney,Australia,Basic,56.27
CUST-004165,Facebook,2024-04-23,35-44,Male,Los Angeles,United States,Free,22.19
CUST-004210,Facebook,2024-04-24,18-24,Female,Mumbai,India,Basic,54.09
CUST-001798,Google Ads,2024-04-24,18-24,Female,Seattle,United States,Premium,37.83
CUST-000035,Email,2024-04-24,35-44,Male,Austin,United States,Basic,53.17
CUST-000633,Google Ads,2024-04-24,18-24,Male,Pune,India,Basic,43.74
CUST-001192,Email,2024-04-24,25-34,Female,Toronto,Canada,Premium,86.98
CUST-003080,Google Ads,2024-04-24,25-34,Male,Melbourne,Australia,Free,20.7
CUST-000394,Google Ads,2024-04-24,18-24,Female,Chicago,United States,Free,28.08
CUST-000271,Google Ads,2024-04-24,45-54,Male,Toronto,Canada,Premium,88.1
CUST-001444,Google Ads,2024-04-24,35-44,Male,Chicago,United States,Free,23.52
CUST-004640,Email,2024-04-24,25-34,Other,Melbourne,Australia,Basic,46.49
CUST-001819,Google Ads,2024-04-24,25-34,Male,Delhi,India,Free,16.21
CUST-002754,Organic,2024-04-25,45-54,Female,Birmingham,United Kingdom,Free,21.63
CUST-002979,Email,2024-04-25,35-44,Female,Austin,United States,Basic,41.22
CUST-001104,Email,2024-04-25,35-44,Male,Bengaluru,India,Basic,39.91
CUST-004825,Facebook,2024-04-25,35-44,Male,Austin,United States,Basic,26.92
CUST-005345,Email,2024-04-25,35-44,Other,Delhi,India,Free,21.31
CUST-004396,Facebook,2024-04-25,35-44,Female,Los Angeles,United States,Basic,37.25
CUST-003146,Email,2024-04-25,35-44,Male,Seattle,United States,Premium,109.68
CUST-005968,Google Ads,2024-04-25,55+,Male,Montreal,Canada,Premium,63.18
CUST-000079,Email,2024-04-25,45-54,Male,Mumbai,India,Basic,47.57
CUST-003741,Email,2024-04-25,55+,Male,Bengaluru,India,Premium,92.28
CUST-005207,Email,2024-04-26,45-54,Female,Montreal,Canada,Enterprise,228.24
CUST-004537,Email,2024-04-26,18-24,Male,Austin,United States,Basic,51.72
CUST-001917,Facebook,2024-04-26,18-24,Female,Melbourne,Australia,Free,24.26
CUST-005344,Email,2024-04-26,25-34,Female,Chicago,United States,Premium,97.68
CUST-004733,Google Ads,2024-04-26,35-44,Female,Birmingham,United Kingdom,Premium,90.99
CUST-001940,Email,2024-04-26,25-34,Male,London,United Kingdom,Basic,35.77
CUST-000620,Email,2024-04-26,35-44,Male,Toronto,Canada,Basic,53.71
CUST-002002,Facebook,2024-04-26,25-34,Female,Delhi,India,Basic,35.23
CUST-002153,Email,2024-04-26,35-44,Female,Manchester,United Kingdom,Free,32.6
CUST-002634,Email,2024-04-26,35-44,Female,Chicago,United States,Free,31.72
CUST-002924,Facebook,2024-04-26,18-24,Male,Bengaluru,India,Free,22.7
CUST-004415,Google Ads,2024-04-26,35-44,Female,Manchester,United Kingdom,Premium,94.56
CUST-002781,Email,2024-04-26,25-34,Male,Delhi,India,Premium,144.74
CUST-004562,Google Ads,2024-04-26,55+,Female,New York,United States,Premium,73.74
CUST-003413,Google Ads,2024-04-26,55+,Other,Manchester,United Kingdom,Enterprise,130.28
CUST-004802,Facebook,2024-04-26,25-34,Male,Birmingham,United Kingdom,Free,40.25
CUST-002620,Affiliate,2024-04-27,25-34,Male,Melbourne,Australia,Premium,68.37
CUST-001338,Email,2024-04-27,45-54,Male,New York,United States,Free,22.47
CUST-004297,Facebook,2024-04-27,18-24,Female,Chicago,United States,Basic,35.94
CUST-002065,Facebook,2024-04-27,18-24,Female,Pune,India,Basic,34.27
CUST-004576,Facebook,2024-04-27,25-34,Male,Seattle,United States,Free,31.39
CUST-000752,Affiliate,2024-04-27,25-34,Female,London,United Kingdom,Premium,90.39
CUST-004926,Google Ads,2024-04-27,25-34,Female,Austin,United States,Premium,102.23
CUST-005851,Google Ads,2024-04-27,55+,Female,Chicago,United States,Enterprise,280.39
CUST-001610,Facebook,2024-04-27,55+,Other,Mumbai,India,Basic,46.29
CUST-002216,Email,2024-04-27,25-34,Male,Vancouver,Canada,Premium,59.18
CUST-004479,Email,2024-04-28,35-44,Male,Manchester,United Kingdom,Premium,136.63
CUST-002715,Email,2024-04-28,25-34,Male,Delhi,India,Free,20.52
CUST-004202,Facebook,2024-04-28,35-44,Female,Seattle,United States,Basic,39.68
CUST-000740,Email,2024-04-28,25-34,Female,New York,United States,Basic,41.7
CUST-004759,Email,2024-04-28,35-44,Male,Montreal,Canada,Basic,56.49
CUST-005354,Google Ads,2024-04-28,18-24,Male,Sydney,Australia,Free,19.94
CUST-005002,Email,2024-04-28,35-44,Male,Seattle,United States,Free,17.78
CUST-003016,Facebook,2024-04-28,35-44,Female,Austin,United States,Basic,50.25
CUST-001400,Facebook,2024-04-28,25-34,Male,Pune,India,Premium,82.89
CUST-001860,Email,2024-04-28,25-34,Male,London,United Kingdom,Free,19.76
CUST-000188,Email,2024-04-28,25-34,Male,Manchester,United Kingdom,Basic,55.63
CUST-005512,Facebook,2024-04-28,35-44,Male,Pune,India,Basic,49.94
CUST-002504,Google Ads,2024-04-28,35-44,Female,Bengaluru,India,Basic,58.6
CUST-000165,Email,2024-04-29,25-34,Female,Bengaluru,India,Free,18.12
CUST-004642,Google Ads,2024-04-29,25-34,Female,Chicago,United States,Basic,44.89
CUST-004631,Email,2024-04-29,25-34,Male,Los Angeles,United States,Premium,76.97
CUST-005241,Google Ads,2024-04-29,45-54,Female,London,United Kingdom,Premium,121.49
CUST-004854,Google Ads,2024-04-29,18-24,Female,Chicago,United States,Premium,127.94
CUST-000384,Google Ads,2024-04-29,25-34,Other,Chicago,United States,Basic,38.99
CUST-005950,Organic,2024-04-29,35-44,Female,Mumbai,India,Basic,45.15
CUST-002739,Facebook,2024-04-29,25-34,Female,Vancouver,Canada,Basic,23.7
CUST-002169,Google Ads,2024-04-30,45-54,Male,Sydney,Australia,Basic,58.83
CUST-003230,Facebook,2024-04-30,25-34,Male,Montreal,Canada,Free,24.5
CUST-005477,Email,2024-04-30,35-44,Male,Chicago,United States,Free,16.05
CUST-005211,Facebook,2024-04-30,55+,Female,Mumbai,India,Free,11.14
CUST-005418,Google Ads,2024-04-30,25-34,Female,Pune,India,Free,21.82
CUST-005680,Email,2024-04-30,18-24,Female,Vancouver,Canada,Premium,111.13
CUST-004867,Affiliate,2024-04-30,35-44,Male,Los Angeles,United States,Basic,41.93
CUST-004082,Email,2024-04-30,45-54,Female,Bengaluru,India,Premium,44.35
CUST-003373,Google Ads,2024-04-30,25-34,Male,London,United Kingdom,Free,22.94
CUST-003533,Facebook,2024-04-30,45-54,Male,Seattle,United States,Basic,54.49
CUST-000950,Google Ads,2024-04-30,18-24,Male,Sydney,Australia,Basic,52.8
CUST-004812,Google Ads,2024-04-30,35-44,Female,London,United Kingdom,Basic,36.93
CUST-001887,Google Ads,2024-05-01,35-44,Female,Pune,India,Free,27.24
CUST-000212,Email,2024-05-01,18-24,Female,London,United Kingdom,Basic,29.77
CUST-001416,Email,2024-05-01,25-34,Female,Mumbai,India,Basic,78.75
CUST-003728,Facebook,2024-05-01,18-24,Male,Montreal,Canada,Basic,51.14
CUST-004390,Facebook,2024-05-01,25-34,Male,Montreal,Canada,Basic,51.03
CUST-000972,Facebook,2024-05-01,35-44,Female,Bengaluru,India,Free,26.9
CUST-002834,Email,2024-05-01,45-54,Female,Montreal,Canada,Enterprise,233.33
CUST-003589,Google Ads,2024-05-01,18-24,Female,Pune,India,Free,12.54
CUST-003631,Email,2024-05-01,18-24,Female,Los Angeles,United States,Premium,124.51
CUST-000533,Affiliate,2024-05-01,25-34,Female,Pune,India,Basic,63.09
CUST-000353,Facebook,2024-05-01,55+,Male,Delhi,India,Free,11.63
CUST-004820,Email,2024-05-01,25-34,Male,Birmingham,United Kingdom,Premium,114.91
CUST-002877,Facebook,2024-05-01,35-44,Female,Birmingham,United Kingdom,Basic,37.32
CUST-003447,Email,2024-05-01,25-34,Other,Montreal,Canada,Free,12.39
CUST-005181,Facebook,2024-05-01,35-44,Female,Montreal,Canada,Basic,47.61
CUST-002818,Email,2024-05-02,35-44,Female,New York,United States,Basic,51.03
CUST-004046,Google Ads,2024-05-02,18-24,Female,Vancouver,Canada,Basic,52.91
CUST-000243,Google Ads,2024-05-02,25-34,Male,Mumbai,India,Premium,119.18
CUST-000725,Google Ads,2024-05-02,45-54,Male,Los Angeles,United States,Basic,48.23
CUST-001898,Google Ads,2024-05-02,18-24,Female,Bengaluru,India,Free,18.11
CUST-003130,Email,2024-05-02,25-34,Female,Birmingham,United Kingdom,Free,20.01
CUST-001792,Google Ads,2024-05-02,18-24,Male,Los Angeles,United States,Premium,77.29
CUST-005640,Email,2024-05-02,45-54,Female,Bengaluru,India,Premium,95.23
CUST-003218,Email,2024-05-02,25-34,Male,Sydney,Australia,Basic,49.65
CUST-003264,Facebook,2024-05-02,25-34,Male,New York,United States,Basic,46.71
CUST-005745,Email,2024-05-02,25-34,Male,Austin,United States,Basic,49.25
CUST-002537,Email,2024-05-02,25-34,Female,Montreal,Canada,Premium,88.02
CUST-002430,Email,2024-05-02,18-24,Male,Vancouver,Canada,Basic,50.49
CUST-004449,Email,2024-05-03,45-54,Female,Manchester,United Kingdom,Basic,48.56
CUST-001072,Google Ads,2024-05-03,25-34,Other,Melbourne,Australia,Premium,57.47
CUST-005599,Email,2024-05-03,45-54,Female,Mumbai,India,Basic,39.3
CUST-002885,Email,2024-05-03,45-54,Male,Vancouver,Canada,Free,33.73
CUST-004140,Email,2024-05-03,35-44,Female,New York,United States,Free,44.47
CUST-005687,Email,2024-05-03,25-34,Female,Mumbai,India,Premium,94.88
CUST-003295,Email,2024-05-03,35-44,Female,Delhi,India,Free,18.02
CUST-004245,Google Ads,2024-05-03,35-44,Male,Los Angeles,United States,Basic,36.59
CUST-000716,Email,2024-05-03,55+,Female,Los Angeles,United States,Free,33.7
CUST-000721,Email,2024-05-03,45-54,Female,Pune,India,Basic,49.74
CUST-005315,Email,2024-05-03,45-54,Male,Birmingham,United Kingdom,Premium,125.25
CUST-001962,Email,2024-05-03,55+,Female,Bengaluru,India,Basic,29.23
CUST-000370,Email,2024-05-03,35-44,Male,Seattle,United States,Enterprise,202.27
CUST-004999,Email,2024-05-03,18-24,Female,Bengaluru,India,Premium,100.08
CUST-003150,Email,2024-05-03,35-44,Female,Seattle,United States,Basic,34.6
CUST-003986,Email,2024-05-03,25-34,Male,New York,United States,Basic,55.43
CUST-000553,Email,2024-05-04,18-24,Male,New York,United States,Premium,78.21
CUST-000954,Email,2024-05-04,45-54,Male,Bengaluru,India,Enterprise,178.24
CUST-001818,Google Ads,2024-05-04,25-34,Male,Delhi,India,Basic,46.26
CUST-004081,Facebook,2024-05-04,35-44,Female,New York,United States,Free,23.85
CUST-000143,Email,2024-05-04,25-34,Female,Chicago,United States,Basic,23.26
CUST-003424,Email,2024-05-04,45-54,Female,Birmingham,United Kingdom,Basic,5.8
CUST-001238,Facebook,2024-05-04,18-24,Female,New York,United States,Basic,54.07
CUST-002906,Facebook,2024-05-04,35-44,Male,London,United Kingdom,Free,16.56
CUST-004784,Email,2024-05-04,45-54,Female,Melbourne,Australia,Free,16.21
CUST-003184,Email,2024-05-04,45-54,Female,Chicago,United States,Enterprise,177.74
CUST-002500,Google Ads,2024-05-04,18-24,Female,London,United Kingdom,Enterprise,101.41
CUST-003212,Email,2024-05-04,55+,Female,Vancouver,Canada,Basic,46.24
CUST-000492,Email,2024-05-04,55+,Male,New York,United States,Basic,53.65
CUST-000138,Google Ads,2024-05-04,25-34,Male,Sydney,Australia,Basic,49.79
CUST-004526,Google Ads,2024-05-04,18-24,Other,Birmingham,United Kingdom,Premium,85.96
CUST-001596,Email,2024-05-05,18-24,Other,Toronto,Canada,Free,26.73
CUST-001841,Email,2024-05-05,18-24,Female,Birmingham,United Kingdom,Premium,90.69
CUST-003347,Facebook,2024-05-05,25-34,Male,Montreal,Canada,Free,20.55
CUST-003703,Email,2024-05-05,35-44,Female,Mumbai,India,Basic,46.68
CUST-000119,Google Ads,2024-05-05,35-44,Male,Vancouver,Canada,Premium,100.9
CUST-004288,Facebook,2024-05-05,25-34,Male,Pune,India,Free,25.52
CUST-001777,Email,2024-05-05,25-34,Male,Delhi,India,Basic,50.13
CUST-001275,Email,2024-05-05,25-34,Male,Austin,United States,Enterprise,145.56
CUST-004255,Email,2024-05-05,18-24,Female,Mumbai,India,Free,13.64
CUST-000856,Google Ads,2024-05-05,25-34,Male,Seattle,United States,Basic,50.08
CUST-000987,Email,2024-05-05,25-34,Male,Melbourne,Australia,Basic,56.62
CUST-002741,Email,2024-05-05,25-34,Male,Mumbai,India,Enterprise,116.57
CUST-001534,Affiliate,2024-05-06,25-34,Female,Birmingham,United Kingdom,Basic,61.61
CUST-002136,Google Ads,2024-05-06,25-34,Female,Toronto,Canada,Premium,42.32
CUST-004187,Email,2024-05-06,18-24,Female,Austin,United States,Premium,79.21
CUST-003386,Facebook,2024-05-06,35-44,Female,Manchester,United Kingdom,Basic,42.56
CUST-001748,Affiliate,2024-05-06,25-34,Female,Toronto,Canada,Basic,61.57
CUST-005643,Email,2024-05-06,45-54,Male,Austin,United States,Premium,145.48
CUST-003081,Facebook,2024-05-06,35-44,Male,Seattle,United States,Basic,45.02
CUST-002295,Email,2024-05-06,18-24,Male,Austin,United States,Basic,34.85
CUST-004895,Email,2024-05-06,25-34,Female,Mumbai,India,Basic,61.58
CUST-004164,Google Ads,2024-05-06,18-24,Male,Toronto,Canada,Basic,40.26
CUST-001736,Facebook,2024-05-06,35-44,Female,London,United Kingdom,Basic,43.05
CUST-003563,Email,2024-05-06,55+,Female,Los Angeles,United States,Free,19.36
CUST-004567,Google Ads,2024-05-06,18-24,Female,Sydney,Australia,Free,18.03
CUST-001061,Facebook,2024-05-06,45-54,Female,London,United Kingdom,Premium,100.02
CUST-001178,Google Ads,2024-05-06,45-54,Female,Bengaluru,India,Basic,37.91
CUST-003810,Email,2024-05-06,35-44,Female,Toronto,Canada,Premium,116.72
CUST-004557,Email,2024-05-06,45-54,Female,Birmingham,United Kingdom,Premium,65.74
CUST-003942,Email,2024-05-07,25-34,Female,New York,United States,Premium,84.7
CUST-003348,Email,2024-05-07,25-34,Female,Austin,United States,Premium,107.84
CUST-005350,Email,2024-05-07,25-34,Female,Los Angeles,United States,Premium,97.99
CUST-004063,Email,2024-05-07,25-34,Male,Manchester,United Kingdom,Premium,82.53
CUST-004489,Email,2024-05-07,25-34,Male,Toronto,Canada,Premium,88.13
CUST-002617,Email,2024-05-07,25-34,Male,Chicago,United States,Premium,68.69
CUST-002082,Facebook,2024-05-07,35-44,Female,Delhi,India,Free,18.85
CUST-005577,Email,2024-05-07,18-24,Female,New York,United States,Free,24.86
CUST-001781,Email,2024-05-07,25-34,Female,Melbourne,Australia,Free,32.85
CUST-005253,Email,2024-05-08,18-24,Male,London,United Kingdom,Premium,97.6
CUST-002585,Email,2024-05-08,25-34,Male,Austin,United States,Premium,124.43
CUST-002477,Email,2024-05-08,18-24,Female,Manchester,United Kingdom,Premium,95.37
CUST-001260,Email,2024-05-08,18-24,Female,Montreal,Canada,Premium,79.54
CUST-001526,Email,2024-05-08,25-34,Female,London,United Kingdom,Enterprise,288.74
CUST-004249,Facebook,2024-05-08,25-34,Male,Montreal,Canada,Basic,39.58
CUST-002378,Email,2024-05-08,55+,Male,Mumbai,India,Premium,103.55
CUST-003258,Email,2024-05-08,35-44,Female,Pune,India,Basic,46.66
CUST-000266,Email,2024-05-08,35-44,Female,Toronto,Canada,Enterprise,280.7
CUST-004878,Email,2024-05-08,35-44,Male,Birmingham,United Kingdom,Premium,94.82
CUST-003823,Email,2024-05-08,45-54,Male,Bengaluru,India,Free,19.61
CUST-001042,Google Ads,2024-05-08,45-54,Male,Manchester,United Kingdom,Premium,66.01
CUST-001664,Email,2024-05-08,25-34,Male,Austin,United States,Free,24.98
CUST-001862,Email,2024-05-08,18-24,Male,Manchester,United Kingdom,Basic,37.9
CUST-005472,Email,2024-05-08,35-44,Female,Sydney,Australia,Basic,70.45
CUST-000041,Email,2024-05-08,25-34,Male,Delhi,India,Basic,68.35
CUST-004766,Email,2024-05-08,25-34,Female,Chicago,United States,Basic,70.95
CUST-000032,Affiliate,2024-05-08,45-54,Female,Pune,India,Basic,45.31
CUST-001425,Email,2024-05-08,25-34,Male,Manchester,United Kingdom,Premium,55.56
CUST-005906,Google Ads,2024-05-08,35-44,Female,New York,United States,Basic,58.51
CUST-004447,Facebook,2024-05-08,25-34,Male,Seattle,United States,Basic,49.68
CUST-000743,Facebook,2024-05-08,25-34,Female,Melbourne,Australia,Basic,38.15
CUST-000027,Google Ads,2024-05-08,45-54,Female,Manchester,United Kingdom,Premium,33.56
CUST-005863,Google Ads,2024-05-08,18-24,Female,Toronto,Canada,Basic,43.92
CUST-003517,Facebook,2024-05-08,45-54,Male,Toronto,Canada,Free,22.54
CUST-000417,Email,2024-05-08,25-34,Female,Vancouver,Canada,Premium,43.15
CUST-002742,Email,2024-05-08,25-34,Male,Bengaluru,India,Premium,110.62
CUST-005461,Email,2024-05-08,25-34,Male,Manchester,United Kingdom,Free,28.62
CUST-000226,Facebook,2024-05-08,18-24,Male,Austin,United States,Basic,37.13
CUST-004181,Email,2024-05-09,25-34,Female,Pune,India,Free,20.04
CUST-000732,Email,2024-05-09,55+,Female,Mumbai,India,Premium,87.29
CUST-002740,Email,2024-05-09,18-24,Female,Seattle,United States,Basic,18.49
CUST-001010,Email,2024-05-09,18-24,Female,Chicago,United States,Premium,72.1
CUST-002659,Email,2024-05-09,18-24,Male,Chicago,United States,Basic,24.96
CUST-000948,Email,2024-05-09,35-44,Male,Austin,United States,Free,11.13
CUST-004822,Google Ads,2024-05-09,35-44,Female,Bengaluru,India,Enterprise,226.52
CUST-001993,Email,2024-05-09,35-44,Female,Chicago,United States,Basic,35.98
CUST-002364,Email,2024-05-09,25-34,Male,Chicago,United States,Free,14.76
CUST-001405,Google Ads,2024-05-09,25-34,Female,Bengaluru,India,Basic,58.89
CUST-005010,Email,2024-05-09,45-54,Female,New York,United States,Basic,22.17
CUST-001302,Email,2024-05-09,18-24,Female,New York,United States,Basic,33.57
CUST-003344,Email,2024-05-09,25-34,Female,Melbourne,Australia,Premium,115.95
CUST-004103,Email,2024-05-09,25-34,Male,Chicago,United States,Basic,51.06
CUST-002540,Google Ads,2024-05-09,45-54,Female,London,United Kingdom,Basic,54.11
CUST-004434,Google Ads,2024-05-09,18-24,Male,Chicago,United States,Enterprise,140.18
CUST-001567,Google Ads,2024-05-09,35-44,Other,Austin,United States,Enterprise,197.59
CUST-004955,Facebook,2024-05-09,45-54,Male,New York,United States,Basic,67.14
CUST-000539,Email,2024-05-09,45-54,Male,Austin,United States,Free,27.87
CUST-003669,Google Ads,2024-05-10,18-24,Female,Manchester,United Kingdom,Basic,44.87
CUST-001114,Email,2024-05-10,25-34,Male,Pune,India,Premium,98.91
CUST-003157,Google Ads,2024-05-10,35-44,Male,Seattle,United States,Enterprise,182.57
CUST-000329,Email,2024-05-10,35-44,Female,Chicago,United States,Basic,54.71
CUST-004777,Facebook,2024-05-10,55+,Male,Chicago,United States,Premium,87.25
CUST-002400,Google Ads,2024-05-10,55+,Female,Bengaluru,India,Basic,40.48
CUST-002199,Email,2024-05-10,35-44,Male,Los Angeles,United States,Premium,116.19
CUST-001686,Facebook,2024-05-10,35-44,Female,Montreal,Canada,Premium,91.5
CUST-002227,Facebook,2024-05-10,18-24,Male,Sydney,Australia,Free,28.75
CUST-000611,Email,2024-05-10,35-44,Female,Birmingham,United Kingdom,Basic,57.93
CUST-000351,Facebook,2024-05-10,35-44,Female,Chicago,United States,Basic,53.16
CUST-002828,Facebook,2024-05-10,18-24,Male,New York,United States,Premium,83.96
CUST-005125,Affiliate,2024-05-10,25-34,Female,Montreal,Canada,Free,29.15
CUST-004472,Email,2024-05-10,35-44,Male,Los Angeles,United States,Basic,54.91
CUST-003812,Facebook,2024-05-11,18-24,Female,Delhi,India,Free,13.01
CUST-000057,Email,2024-05-11,35-44,Male,Austin,United States,Premium,129.91
CUST-000860,Email,2024-05-11,18-24,Male,New York,United States,Free,21.92
CUST-000698,Email,2024-05-11,25-34,Male,Manchester,United Kingdom,Free,21.61
CUST-005220,Email,2024-05-11,35-44,Male,Los Angeles,United States,Enterprise,267.79
CUST-005292,Email,2024-05-11,25-34,Male,Bengaluru,India,Premium,50.66
CUST-004318,Email,2024-05-11,35-44,Female,Vancouver,Canada,Premium,81.63
CUST-005042,Email,2024-05-11,35-44,Female,Melbourne,Australia,Basic,38.9
CUST-000186,Email,2024-05-11,35-44,Male,Birmingham,United Kingdom,Premium,104.79
CUST-002758,Email,2024-05-11,25-34,Female,Seattle,United States,Premium,97.38
CUST-000097,Facebook,2024-05-11,25-34,Female,Chicago,United States,Free,11.57
CUST-004086,Email,2024-05-11,35-44,Female,Los Angeles,United States,Free,17.1
CUST-002266,Email,2024-05-11,55+,Male,Bengaluru,India,Free,13.12
CUST-004025,Email,2024-05-11,18-24,Female,Chicago,United States,Free,21.2
CUST-001277,Email,2024-05-12,18-24,Male,Vancouver,Canada,Basic,30.54
CUST-002018,Google Ads,2024-05-12,35-44,Female,Mumbai,India,Basic,44.4
CUST-000985,Facebook,2024-05-12,45-54,Male,Chicago,United States,Basic,72.31
CUST-000274,Facebook,2024-05-12,25-34,Female,New York,United States,Basic,56.75
CUST-003790,Facebook,2024-05-12,18-24,Male,Chicago,United States,Premium,38.68
CUST-005143,Email,2024-05-12,18-24,Female,Mumbai,India,Enterprise,204.63
CUST-000905,Facebook,2024-05-12,45-54,Male,Birmingham,United Kingdom,Premium,89.8
CUST-000242,Email,2024-05-12,55+,Female,Mumbai,India,Premium,100.1
CUST-000783,Email,2024-05-12,25-34,Male,Chicago,United States,Premium,104.61
CUST-000193,Email,2024-05-12,55+,Male,Sydney,Australia,Free,18.48
CUST-005450,Email,2024-05-12,25-34,Female,Seattle,United States,Premium,90.58
CUST-001882,Email,2024-05-12,18-24,Female,Austin,United States,Basic,47.96
CUST-001514,Email,2024-05-12,25-34,Male,Mumbai,India,Basic,73.35
CUST-003696,Facebook,2024-05-12,55+,Female,Los Angeles,United States,Premium,72.16
CUST-001145,Email,2024-05-12,18-24,Female,Chicago,United States,Free,26.61
CUST-000537,Email,2024-05-12,45-54,Female,Pune,India,Basic,53.85
CUST-004496,Google Ads,2024-05-12,25-34,Female,Pune,India,Enterprise,153.66
CUST-000428,Google Ads,2024-05-12,55+,Female,Chicago,United States,Premium,113.31
CUST-004852,Email,2024-05-12,25-34,Female,Birmingham,United Kingdom,Basic,48.17
CUST-000178,Facebook,2024-05-12,35-44,Female,Vancouver,Canada,Premium,116.52
CUST-003276,Email,2024-05-12,25-34,Male,Pune,India,Premium,52.67
CUST-000556,Email,2024-05-13,55+,Female,Austin,United States,Basic,83.01
CUST-002971,Email,2024-05-13,25-34,Male,Chicago,United States,Basic,47.66
CUST-001152,Google Ads,2024-05-13,25-34,Male,Toronto,Canada,Premium,92.26
CUST-000892,Email,2024-05-13,55+,Female,Delhi,India,Enterprise,154.4
CUST-002751,Email,2024-05-13,45-54,Male,Austin,United States,Free,21.09
CUST-001839,Email,2024-05-13,35-44,Male,London,United Kingdom,Premium,108.04
CUST-004823,Email,2024-05-13,25-34,Female,Manchester,United Kingdom,Basic,68.82
CUST-003903,Google Ads,2024-05-13,25-34,Male,Austin,United States,Enterprise,299.02
CUST-001080,Facebook,2024-05-13,18-24,Other,Sydney,Australia,Free,8.82
CUST-003376,Email,2024-05-13,45-54,Male,Los Angeles,United States,Premium,54.15
CUST-004615,Email,2024-05-13,25-34,Female,Bengaluru,India,Enterprise,124.7
CUST-003179,Email,2024-05-13,25-34,Female,Pune,India,Free,25.08
CUST-003599,Email,2024-05-13,35-44,Female,Los Angeles,United States,Basic,39.38
CUST-005169,Email,2024-05-13,18-24,Female,Los Angeles,United States,Basic,46.66
CUST-005163,Facebook,2024-05-13,25-34,Female,Melbourne,Australia,Free,17.48
CUST-004251,Email,2024-05-13,35-44,Male,New York,United States,Basic,61.68
CUST-000587,Affiliate,2024-05-13,45-54,Female,Austin,United States,Premium,91.94
CUST-004865,Facebook,2024-05-13,45-54,Male,Bengaluru,India,Basic,38.66
CUST-000828,Email,2024-05-14,25-34,Male,Melbourne,Australia,Premium,95.48
CUST-003527,Google Ads,2024-05-14,25-34,Female,London,United Kingdom,Premium,76.46
CUST-000942,Email,2024-05-14,18-24,Female,Montreal,Canada,Basic,51.06
CUST-001697,Email,2024-05-14,55+,Female,Manchester,United Kingdom,Free,18.97
CUST-002912,Facebook,2024-05-14,35-44,Male,Vancouver,Canada,Premium,108.65
CUST-005793,Email,2024-05-14,35-44,Male,Bengaluru,India,Basic,39.56
CUST-001312,Facebook,2024-05-14,18-24,Female,Delhi,India,Premium,62.38
CUST-005215,Email,2024-05-14,55+,Female,Vancouver,Canada,Basic,44.8
CUST-005395,Email,2024-05-14,18-24,Male,Bengaluru,India,Basic,50.09
CUST-001735,Email,2024-05-14,35-44,Female,Pune,India,Premium,115.43
CUST-005773,Google Ads,2024-05-14,55+,Other,Austin,United States,Free,17.42
CUST-000385,Facebook,2024-05-14,18-24,Female,Pune,India,Basic,43.2
CUST-004880,Email,2024-05-14,18-24,Female,Melbourne,Australia,Basic,71.0
CUST-002038,Google Ads,2024-05-15,35-44,Male,Vancouver,Canada,Free,20.87
CUST-000527,Google Ads,2024-05-15,25-34,Male,Pune,India,Enterprise,236.06
CUST-003619,Email,2024-05-15,18-24,Female,Mumbai,India,Premium,91.88
CUST-005979,Google Ads,2024-05-15,25-34,Male,Bengaluru,India,Basic,37.27
CUST-004450,Google Ads,2024-05-15,25-34,Male,Los Angeles,United States,Basic,29.71
CUST-002768,Email,2024-05-15,35-44,Male,Austin,United States,Free,22.09
CUST-004370,Email,2024-05-15,18-24,Male,Toronto,Canada,Basic,32.13
CUST-002661,Email,2024-05-15,55+,Male,New York,United States,Premium,145.37
CUST-000005,Facebook,2024-05-15,25-34,Other,New York,United States,Free,23.96
CUST-002984,Email,2024-05-15,18-24,Male,London,United Kingdom,Basic,56.08
CUST-002674,Google Ads,2024-05-16,35-44,Male,Los Angeles,United States,Free,22.76
CUST-001285,Email,2024-05-16,45-54,Female,Chicago,United States,Premium,92.6
CUST-002941,Google Ads,2024-05-16,55+,Female,London,United Kingdom,Premium,59.81
CUST-004189,Email,2024-05-16,18-24,Female,Chicago,United States,Premium,96.5
CUST-003178,Google Ads,2024-05-16,18-24,Male,London,United Kingdom,Basic,55.48
CUST-001429,Email,2024-05-16,35-44,Female,New York,United States,Premium,108.17
CUST-000337,Email,2024-05-16,35-44,Male,Melbourne,Australia,Premium,101.72
CUST-004282,Facebook,2024-05-16,25-34,Male,New York,United States,Basic,41.81
CUST-000003,Email,2024-05-16,35-44,Male,New York,United States,Basic,49.74
CUST-002985,Facebook,2024-05-16,35-44,Female,Pune,India,Basic,74.75
CUST-005332,Google Ads,2024-05-17,45-54,Female,Los Angeles,United States,Free,22.21
CUST-004067,Google Ads,2024-05-17,35-44,Female,New York,United States,Free,15.36
CUST-002743,Email,2024-05-17,35-44,Male,Pune,India,Basic,41.09
CUST-003776,Google Ads,2024-05-17,35-44,Male,Melbourne,Australia,Basic,49.09
CUST-002159,Email,2024-05-17,35-44,Male,Bengaluru,India,Enterprise,30.51
CUST-002445,Email,2024-05-17,25-34,Male,Austin,United States,Basic,35.84
CUST-000701,Email,2024-05-17,35-44,Female,Toronto,Canada,Basic,43.86
CUST-000013,Email,2024-05-17,45-54,Male,Manchester,United Kingdom,Free,16.02
CUST-002373,Facebook,2024-05-17,25-34,Female,Birmingham,United Kingdom,Premium,123.54
CUST-005694,Email,2024-05-17,35-44,Male,Delhi,India,Premium,56.75
CUST-000103,Google Ads,2024-05-17,45-54,Female,Mumbai,India,Premium,139.13
CUST-001074,Google Ads,2024-05-17,18-24,Male,Mumbai,India,Basic,38.39
CUST-001208,Email,2024-05-17,25-34,Female,Seattle,United States,Free,24.13
CUST-005866,Email,2024-05-17,45-54,Male,Delhi,India,Premium,87.85
CUST-002398,Email,2024-05-18,25-34,Female,Mumbai,India,Premium,82.4
CUST-003948,Email,2024-05-18,25-34,Female,Austin,United States,Premium,85.89
CUST-002490,Email,2024-05-18,35-44,Male,Mumbai,India,Premium,94.98
CUST-005149,Google Ads,2024-05-18,55+,Male,New York,United States,Free,28.18
CUST-002264,Affiliate,2024-05-18,45-54,Male,Vancouver,Canada,Basic,60.98
CUST-001941,Email,2024-05-18,45-54,Female,London,United Kingdom,Free,21.94
CUST-005301,Email,2024-05-18,25-34,Female,Delhi,India,Basic,14.3
CUST-000184,Google Ads,2024-05-18,35-44,Female,Toronto,Canada,Basic,54.2
CUST-005454,Email,2024-05-18,35-44,Male,Austin,United States,Basic,60.51
CUST-001820,Email,2024-05-18,25-34,Female,Austin,United States,Basic,40.16
CUST-001330,Email,2024-05-19,25-34,Female,Vancouver,Canada,Free,23.3
CUST-005900,Email,2024-05-19,45-54,Female,Seattle,United States,Free,18.82
CUST-001741,Email,2024-05-19,35-44,Male,New York,United States,Premium,98.63
CUST-001717,Google Ads,2024-05-19,25-34,Other,Sydney,Australia,Premium,100.59
CUST-000382,Email,2024-05-19,45-54,Male,Toronto,Canada,Premium,68.85
CUST-002614,Email,2024-05-19,25-34,Male,Delhi,India,Free,22.18
CUST-002602,Email,2024-05-19,35-44,Female,Los Angeles,United States,Premium,72.72
CUST-003465,Email,2024-05-19,25-34,Other,Mumbai,India,Premium,81.92
CUST-005621,Google Ads,2024-05-19,25-34,Male,Seattle,United States,Basic,46.49
CUST-000065,Google Ads,2024-05-19,35-44,Male,Los Angeles,United States,Premium,94.37
CUST-005156,Email,2024-05-19,25-34,Female,Pune,India,Basic,54.58
CUST-004651,Email,2024-05-19,25-34,Female,Sydney,Australia,Premium,104.91
CUST-004608,Email,2024-05-19,18-24,Female,Bengaluru,India,Premium,98.63
CUST-003227,Email,2024-05-19,18-24,Male,New York,United States,Basic,41.29
CUST-004582,Email,2024-05-19,35-44,Female,Seattle,United States,Enterprise,309.56
CUST-000656,Google Ads,2024-05-19,35-44,Male,Austin,United States,Basic,46.6
CUST-001801,Email,2024-05-20,18-24,Female,Manchester,United Kingdom,Free,13.14
CUST-002881,Email,2024-05-20,45-54,Male,New York,United States,Premium,92.07
CUST-005633,Google Ads,2024-05-20,25-34,Female,Pune,India,Basic,62.05
CUST-003083,Email,2024-05-20,25-34,Male,Vancouver,Canada,Premium,121.31
CUST-002923,Google Ads,2024-05-20,45-54,Male,Sydney,Australia,Basic,48.89
CUST-001263,Email,2024-05-20,25-34,Male,Austin,United States,Premium,134.15
CUST-004385,Email,2024-05-20,35-44,Female,Montreal,Canada,Free,32.4
CUST-003739,Google Ads,2024-05-20,25-34,Female,New York,United States,Free,19.01
CUST-000147,Email,2024-05-20,25-34,Female,Seattle,United States,Premium,102.33
CUST-002003,Facebook,2024-05-20,45-54,Female,Austin,United States,Basic,32.06
CUST-002233,Email,2024-05-20,45-54,Female,Montreal,Canada,Premium,61.0
CUST-001231,Email,2024-05-20,25-34,Male,Seattle,United States,Basic,22.57
CUST-005541,Email,2024-05-20,18-24,Male,Los Angeles,United States,Basic,43.36
CUST-004484,Email,2024-05-20,25-34,Female,Montreal,Canada,Free,27.21
CUST-003505,Email,2024-05-20,45-54,Male,Chicago,United States,Premium,86.25
CUST-002716,Email,2024-05-20,35-44,Female,Mumbai,India,Basic,31.76
CUST-000497,Google Ads,2024-05-20,45-54,Other,London,United Kingdom,Basic,65.87
CUST-002994,Email,2024-05-20,25-34,Male,Pune,India,Premium,116.9
CUST-000585,Affiliate,2024-05-20,18-24,Female,Pune,India,Premium,90.65
CUST-000715,Email,2024-05-20,25-34,Female,Bengaluru,India,Enterprise,210.17
CUST-003406,Google Ads,2024-05-20,25-34,Female,Los Angeles,United States,Premium,148.78
CUST-000919,Email,2024-05-21,35-44,Male,Manchester,United Kingdom,Free,23.9
CUST-004966,Google Ads,2024-05-21,18-24,Female,Pune,India,Basic,46.15
CUST-002766,Email,2024-05-21,45-54,Male,Seattle,United States,Enterprise,192.79
CUST-002330,Email,2024-05-21,35-44,Male,Delhi,India,Basic,31.54
CUST-003110,Google Ads,2024-05-21,45-54,Male,Delhi,India,Free,22.7
CUST-001177,Affiliate,2024-05-21,18-24,Male,New York,United States,Basic,30.07
CUST-000617,Affiliate,2024-05-21,25-34,Female,Mumbai,India,Premium,82.21
CUST-003268,Email,2024-05-21,25-34,Female,Melbourne,Australia,Premium,48.11
CUST-002611,Email,2024-05-21,55+,Female,Seattle,United States,Basic,53.84
CUST-000430,Email,2024-05-21,18-24,Male,Chicago,United States,Basic,58.5
CUST-000601,Email,2024-05-21,35-44,Male,Melbourne,Australia,Enterprise,205.11
CUST-005175,Email,2024-05-22,35-44,Female,Austin,United States,Free,24.72
CUST-005202,Email,2024-05-22,45-54,Male,Bengaluru,India,Basic,66.93
CUST-002927,Email,2024-05-22,18-24,Female,Vancouver,Canada,Premium,103.35
CUST-002970,Email,2024-05-22,25-34,Female,Austin,United States,Basic,40.26
CUST-001305,Google Ads,2024-05-22,18-24,Male,London,United Kingdom,Basic,37.26
CUST-005405,Email,2024-05-22,35-44,Male,Delhi,India,Enterprise,216.02
CUST-000187,Facebook,2024-05-22,18-24,Male,Montreal,Canada,Premium,76.46
CUST-005072,Email,2024-05-22,18-24,Male,Vancouver,Canada,Basic,46.96
CUST-005289,Email,2024-05-22,55+,Female,Bengaluru,India,Free,19.52
CUST-003702,Email,2024-05-22,18-24,Male,Sydney,Australia,Basic,53.46
CUST-001031,Email,2024-05-22,35-44,Male,Austin,United States,Basic,33.91
CUST-000978,Facebook,2024-05-22,35-44,Female,New York,United States,Free,22.68
CUST-001682,Email,2024-05-22,35-44,Male,London,United Kingdom,Premium,94.08
CUST-004723,Email,2024-05-22,18-24,Female,Montreal,Canada,Basic,47.08
CUST-002036,Email,2024-05-22,25-34,Female,New York,United States,Free,14.21
CUST-003119,Email,2024-05-22,35-44,Male,Los Angeles,United States,Basic,50.7
CUST-002458,Google Ads,2024-05-22,45-54,Female,Mumbai,India,Premium,104.86
CUST-002931,Google Ads,2024-05-23,45-54,Male,Sydney,Australia,Premium,62.02
CUST-002820,Google Ads,2024-05-23,18-24,Male,New York,United States,Premium,107.25
CUST-002830,Email,2024-05-23,25-34,Female,New York,United States,Basic,61.18
CUST-000264,Email,2024-05-23,35-44,Female,Mumbai,India,Basic,49.3
CUST-004038,Email,2024-05-23,55+,Male,Montreal,Canada,Enterprise,126.44
CUST-000496,Email,2024-05-23,35-44,Female,Austin,United States,Basic,66.43
CUST-004039,Facebook,2024-05-23,18-24,Male,Birmingham,United Kingdom,Enterprise,204.84
CUST-004439,Email,2024-05-23,25-34,Female,Los Angeles,United States,Premium,83.09
CUST-000114,Email,2024-05-23,35-44,Male,Birmingham,United Kingdom,Enterprise,172.7
CUST-005308,Google Ads,2024-05-23,18-24,Female,Pune,India,Basic,33.84
CUST-005595,Google Ads,2024-05-23,25-34,Male,Montreal,Canada,Premium,13.75
CUST-005445,Email,2024-05-23,25-34,Female,Melbourne,Australia,Basic,62.43
CUST-001644,Google Ads,2024-05-23,45-54,Female,London,United Kingdom,Basic,57.72
CUST-001932,Email,2024-05-23,35-44,Female,Pune,India,Premium,47.1
CUST-003446,Email,2024-05-23,25-34,Male,Delhi,India,Basic,47.94
CUST-000523,Email,2024-05-23,18-24,Male,Seattle,United States,Basic,43.56
CUST-002709,Affiliate,2024-05-23,45-54,Female,Los Angeles,United States,Premium,163.01
CUST-004970,Email,2024-05-23,18-24,Male,Manchester,United Kingdom,Free,27.59
CUST-005508,Email,2024-05-23,25-34,Female,Bengaluru,India,Basic,63.68
CUST-003637,Email,2024-05-23,45-54,Female,Los Angeles,United States,Premium,110.95
CUST-005943,Email,2024-05-24,35-44,Male,New York,United States,Basic,36.1
CUST-001463,Email,2024-05-24,25-34,Female,Austin,United States,Free,39.11
CUST-004387,Email,2024-05-24,25-34,Male,New York,United States,Premium,128.89
CUST-004149,Facebook,2024-05-24,25-34,Female,Seattle,United States,Basic,62.88
CUST-004360,Email,2024-05-24,18-24,Female,Austin,United States,Basic,50.8
CUST-003571,Email,2024-05-24,35-44,Female,Los Angeles,United States,Basic,47.01
CUST-004323,Email,2024-05-24,25-34,Male,Seattle,United States,Premium,98.41
CUST-005787,Email,2024-05-24,55+,Male,Melbourne,Australia,Premium,71.42
CUST-005776,Email,2024-05-24,55+,Male,Austin,United States,Enterprise,266.09
CUST-000171,Facebook,2024-05-24,25-34,Female,New York,United States,Basic,50.26
CUST-005721,Google Ads,2024-05-24,18-24,Female,Pune,India,Free,26.25
CUST-002832,Email,2024-05-24,35-44,Female,Sydney,Australia,Basic,66.7
CUST-002902,Email,2024-05-24,35-44,Male,Toronto,Canada,Basic,59.02
CUST-004742,Email,2024-05-24,18-24,Female,Delhi,India,Premium,105.88
CUST-002124,Email,2024-05-24,55+,Female,New York,United States,Basic,42.93
CUST-000284,Email,2024-05-24,55+,Female,Pune,India,Basic,63.32
CUST-001065,Email,2024-05-24,25-34,Female,Chicago,United States,Basic,42.9
CUST-000291,Google Ads,2024-05-24,25-34,Female,Bengaluru,India,Free,28.3
CUST-002449,Email,2024-05-24,35-44,Female,Los Angeles,United States,Free,21.74
CUST-000593,Facebook,2024-05-24,45-54,Male,Pune,India,Premium,58.67
CUST-003514,Email,2024-05-24,55+,Female,Seattle,United States,Basic,71.45
CUST-004907,Email,2024-05-25,35-44,Female,Los Angeles,United States,Enterprise,240.11
CUST-005574,Email,2024-05-25,18-24,Female,New York,United States,Basic,46.94
CUST-002044,Google Ads,2024-05-25,55+,Female,Seattle,United States,Premium,104.58
CUST-002213,Google Ads,2024-05-25,25-34,Male,New York,United States,Premium,78.63
CUST-000054,Facebook,2024-05-25,55+,Male,Austin,United States,Basic,13.49
CUST-002799,Email,2024-05-25,35-44,Other,Delhi,India,Premium,80.77
CUST-001144,Google Ads,2024-05-25,25-34,Male,Vancouver,Canada,Basic,56.49
CUST-001234,Email,2024-05-25,45-54,Male,Toronto,Canada,Basic,56.76
CUST-005027,Email,2024-05-25,35-44,Female,Mumbai,India,Premium,80.67
CUST-005111,Email,2024-05-25,25-34,Female,Pune,India,Premium,45.71
CUST-001930,Email,2024-05-26,35-44,Female,Chicago,United States,Enterprise,205.45
CUST-000857,Facebook,2024-05-26,35-44,Female,Los Angeles,United States,Free,20.54
CUST-002610,Email,2024-05-26,35-44,Male,Bengaluru,India,Enterprise,260.27
CUST-000386,Facebook,2024-05-26,55+,Male,Los Angeles,United States,Basic,68.15
CUST-001581,Email,2024-05-26,25-34,Male,Chicago,United States,Basic,40.82
CUST-001650,Google Ads,2024-05-26,35-44,Male,Birmingham,United Kingdom,Premium,100.15
CUST-000440,Google Ads,2024-05-26,35-44,Female,Chicago,United States,Basic,29.14
CUST-004908,Email,2024-05-26,18-24,Other,Chicago,United States,Basic,10.08
CUST-004604,Email,2024-05-26,18-24,Female,Mumbai,India,Premium,124.94
CUST-001613,Google Ads,2024-05-26,35-44,Female,Toronto,Canada,Premium,105.01
CUST-003997,Facebook,2024-05-26,55+,Male,Toronto,Canada,Free,14.44
CUST-005180,Email,2024-05-26,25-34,Male,Montreal,Canada,Basic,33.41
CUST-004772,Email,2024-05-26,25-34,Male,Delhi,India,Free,19.39
CUST-001727,Facebook,2024-05-26,35-44,Male,Bengaluru,India,Basic,28.6
CUST-002048,Email,2024-05-26,35-44,Male,Vancouver,Canada,Free,14.25
CUST-001557,Email,2024-05-27,18-24,Female,Melbourne,Australia,Premium,120.03
CUST-005607,Email,2024-05-27,45-54,Female,Sydney,Australia,Basic,52.48
CUST-001523,Facebook,2024-05-27,25-34,Female,Chicago,United States,Free,21.23
CUST-001015,Email,2024-05-27,35-44,Female,Mumbai,India,Free,24.88
CUST-004122,Email,2024-05-27,35-44,Male,Los Angeles,United States,Premium,121.11
CUST-002129,Email,2024-05-27,18-24,Male,Montreal,Canada,Premium,131.9
CUST-003471,Email,2024-05-27,25-34,Male,Mumbai,India,Premium,96.1
CUST-000206,Email,2024-05-27,18-24,Male,Mumbai,India,Premium,77.53
CUST-001751,Email,2024-05-27,45-54,Male,Seattle,United States,Premium,113.62
CUST-002965,Google Ads,2024-05-27,25-34,Female,Manchester,United Kingdom,Premium,118.14
CUST-005239,Email,2024-05-27,18-24,Female,Delhi,India,Basic,52.58
CUST-004433,Email,2024-05-27,55+,Female,Mumbai,India,Premium,75.02
CUST-005892,Email,2024-05-27,45-54,Female,Toronto,Canada,Free,22.49
CUST-002299,Email,2024-05-27,35-44,Male,Austin,United States,Basic,46.17
CUST-000331,Email,2024-05-27,35-44,Male,Seattle,United States,Enterprise,249.98
CUST-005273,Email,2024-05-28,45-54,Male,Pune,India,Basic,48.96
CUST-003301,Email,2024-05-28,55+,Male,Los Angeles,United States,Premium,139.91
CUST-002291,Facebook,2024-05-28,18-24,Female,Vancouver,Canada,Premium,122.9
CUST-002452,Email,2024-05-28,35-44,Male,Montreal,Canada,Basic,32.19
CUST-002583,Email,2024-05-28,25-34,Female,Birmingham,United Kingdom,Premium,89.97
CUST-003374,Google Ads,2024-05-28,35-44,Male,Delhi,India,Basic,50.27
CUST-005159,Email,2024-05-28,18-24,Female,Delhi,India,Basic,55.77
CUST-001264,Google Ads,2024-05-28,25-34,Female,Pune,India,Premium,104.12
CUST-003318,Email,2024-05-28,45-54,Male,Montreal,Canada,Enterprise,181.45
CUST-004316,Facebook,2024-05-28,45-54,Female,Chicago,United States,Enterprise,220.21
CUST-001365,Google Ads,2024-05-28,25-34,Female,Pune,India,Premium,139.26
CUST-003897,Email,2024-05-28,18-24,Female,Chicago,United States,Premium,99.29
CUST-002013,Google Ads,2024-05-28,18-24,Male,Bengaluru,India,Premium,124.19
CUST-001362,Google Ads,2024-05-28,55+,Male,Manchester,United Kingdom,Basic,49.23
CUST-003546,Facebook,2024-05-28,25-34,Male,London,United Kingdom,Enterprise,238.29
CUST-005819,Email,2024-05-28,25-34,Other,New York,United States,Basic,37.25
CUST-002112,Google Ads,2024-05-29,35-44,Male,Pune,India,Free,23.6
CUST-004156,Facebook,2024-05-29,18-24,Female,Mumbai,India,Basic,36.43
CUST-002111,Facebook,2024-05-29,25-34,Other,Mumbai,India,Basic,35.94
CUST-000814,Facebook,2024-05-29,45-54,Female,Los Angeles,United States,Free,13.94
CUST-004301,Email,2024-05-29,55+,Male,Chicago,United States,Basic,61.33
CUST-003102,Email,2024-05-29,18-24,Female,Bengaluru,India,Premium,119.54
CUST-001248,Email,2024-05-29,25-34,Female,Seattle,United States,Free,29.3
CUST-003731,Email,2024-05-29,55+,Female,Vancouver,Canada,Free,28.91
CUST-001573,Instagram,2024-05-29,35-44,Male,Seattle,United States,Basic,39.86
CUST-004622,Google Ads,2024-05-29,35-44,Male,Chicago,United States,Basic,18.68
CUST-001989,Facebook,2024-05-29,18-24,Female,New York,United States,Enterprise,243.63
CUST-005686,Email,2024-05-29,18-24,Female,New York,United States,Premium,110.33
CUST-001546,Email,2024-05-29,18-24,Female,Manchester,United Kingdom,Basic,25.98
CUST-001561,Email,2024-05-29,25-34,Male,Sydney,Australia,Premium,104.36
CUST-000846,Email,2024-05-30,25-34,Male,Manchester,United Kingdom,Basic,49.44
CUST-002043,Email,2024-05-30,35-44,Female,Sydney,Australia,Premium,70.24
CUST-004302,Email,2024-05-30,45-54,Male,Seattle,United States,Free,20.71
CUST-005838,Google Ads,2024-05-30,35-44,Female,Mumbai,India,Enterprise,251.88
CUST-000088,Email,2024-05-30,35-44,Male,London,United Kingdom,Basic,56.12
CUST-005076,Email,2024-05-30,25-34,Female,Seattle,United States,Basic,40.17
CUST-005092,Email,2024-05-30,45-54,Female,Pune,India,Enterprise,208.78
CUST-004184,Email,2024-05-30,25-34,Male,Austin,United States,Free,23.95
CUST-001589,Google Ads,2024-05-30,45-54,Female,New York,United States,Premium,46.36
CUST-003772,Google Ads,2024-05-30,18-24,Male,Seattle,United States,Basic,52.0
CUST-001923,Facebook,2024-05-30,55+,Female,Los Angeles,United States,Basic,53.92
CUST-002532,Email,2024-05-30,18-24,Female,Melbourne,Australia,Basic,37.79
CUST-002735,Google Ads,2024-05-31,35-44,Male,Pune,India,Premium,96.1
CUST-004345,Email,2024-05-31,18-24,Female,Austin,United States,Basic,42.53
CUST-001640,Email,2024-05-31,25-34,Female,Birmingham,United Kingdom,Premium,58.5
CUST-002554,Email,2024-05-31,35-44,Male,Chicago,United States,Free,33.3
CUST-002934,Email,2024-05-31,25-34,Male,New York,United States,Free,18.61
CUST-005291,Email,2024-05-31,45-54,Other,Birmingham,United Kingdom,Basic,37.74
CUST-001498,Email,2024-05-31,18-24,Male,Manchester,United Kingdom,Premium,91.59
CUST-004570,Email,2024-05-31,18-24,Female,Melbourne,Australia,Free,15.92
CUST-005109,Google Ads,2024-05-31,18-24,Female,Melbourne,Australia,Premium,91.89
CUST-000850,Email,2024-05-31,45-54,Female,London,United Kingdom,Premium,91.11
CUST-003151,Email,2024-05-31,55+,Male,Austin,United States,Basic,61.03
CUST-002437,Email,2024-05-31,45-54,Female,London,United Kingdom,Premium,118.19
CUST-001762,Email,2024-05-31,18-24,Female,Birmingham,United Kingdom,Premium,114.72
CUST-004442,Email,2024-05-31,25-34,Female,Seattle,United States,Enterprise,113.5
CUST-001213,Google Ads,2024-06-01,18-24,Male,Seattle,United States,Free,17.94
CUST-003340,Affiliate,2024-06-01,55+,Other,London,United Kingdom,Free,22.97
CUST-003316,Email,2024-06-01,45-54,Male,Montreal,Canada,Basic,50.91
CUST-002809,Google Ads,2024-06-01,25-34,Female,Melbourne,Australia,Free,22.36
CUST-000301,Instagram,2024-06-01,45-54,Other,Pune,India,Basic,69.3
CUST-004522,Email,2024-06-01,35-44,Male,Mumbai,India,Basic,58.28
CUST-000231,Facebook,2024-06-01,25-34,Male,Los Angeles,United States,Premium,139.15
CUST-004627,Facebook,2024-06-01,18-24,Male,Pune,India,Basic,59.08
CUST-003981,Email,2024-06-01,18-24,Male,Delhi,India,Free,32.05
CUST-000510,Email,2024-06-01,25-34,Female,Manchester,United Kingdom,Basic,58.69
CUST-002491,Google Ads,2024-06-01,35-44,Female,Seattle,United States,Free,22.96
CUST-000705,Email,2024-06-01,25-34,Female,Chicago,United States,Premium,120.09
CUST-000899,Affiliate,2024-06-01,25-34,Female,Mumbai,India,Basic,60.36
CUST-005738,Email,2024-06-01,25-34,Female,Pune,India,Premium,85.54
CUST-000333,Google Ads,2024-06-01,18-24,Female,Pune,India,Premium,95.92
CUST-004230,Email,2024-06-02,18-24,Female,Sydney,Australia,Basic,60.97
CUST-001559,Email,2024-06-02,35-44,Female,Manchester,United Kingdom,Premium,71.65
CUST-000191,Facebook,2024-06-02,35-44,Male,Toronto,Canada,Basic,66.42
CUST-001883,Email,2024-06-02,35-44,Female,Pune,India,Free,22.89
CUST-005423,Email,2024-06-02,25-34,Male,Seattle,United States,Basic,52.7
CUST-000221,Email,2024-06-02,35-44,Male,New York,United States,Basic,36.04
CUST-003649,Email,2024-06-02,25-34,Other,London,United Kingdom,Basic,54.38
CUST-004720,Email,2024-06-02,45-54,Female,London,United Kingdom,Enterprise,206.57
CUST-002591,Google Ads,2024-06-02,35-44,Female,New York,United States,Free,21.78
CUST-004114,Google Ads,2024-06-02,35-44,Male,Chicago,United States,Free,18.47
CUST-003584,Email,2024-06-02,45-54,Male,Manchester,United Kingdom,Premium,113.95
CUST-003153,Facebook,2024-06-02,55+,Male,Seattle,United States,Premium,122.22
CUST-000070,Email,2024-06-02,18-24,Female,New York,United States,Basic,37.47
CUST-004617,Google Ads,2024-06-02,25-34,Male,Bengaluru,India,Enterprise,120.39
CUST-001730,Facebook,2024-06-02,55+,Female,London,United Kingdom,Enterprise,277.87
CUST-003305,Affiliate,2024-06-02,18-24,Male,Montreal,Canada,Free,15.44
CUST-003029,Google Ads,2024-06-02,18-24,Other,Sydney,Australia,Free,24.43
CUST-004342,Email,2024-06-02,45-54,Female,Mumbai,India,Basic,37.38
CUST-003820,Instagram,2024-06-03,45-54,Male,New York,United States,Free,26.35
CUST-000336,Email,2024-06-03,45-54,Female,Seattle,United States,Free,15.85
CUST-001388,Email,2024-06-03,45-54,Male,Toronto,Canada,Premium,70.53
CUST-002371,Email,2024-06-03,25-34,Female,London,United Kingdom,Premium,62.75
CUST-004338,Facebook,2024-06-03,45-54,Male,New York,United States,Premium,90.17
CUST-003826,Email,2024-06-03,18-24,Female,Manchester,United Kingdom,Premium,74.51
CUST-004689,Email,2024-06-03,18-24,Female,Austin,United States,Basic,29.97
CUST-000213,Email,2024-06-03,25-34,Female,Los Angeles,United States,Enterprise,193.9
CUST-003547,Google Ads,2024-06-03,35-44,Male,Mumbai,India,Enterprise,153.4
CUST-004161,Google Ads,2024-06-03,45-54,Female,Los Angeles,United States,Basic,49.11
CUST-000414,Email,2024-06-03,45-54,Male,Melbourne,Australia,Basic,24.04
CUST-005742,Email,2024-06-03,18-24,Female,Mumbai,India,Free,21.94
CUST-005399,Email,2024-06-03,45-54,Male,New York,United States,Basic,31.29
CUST-002624,Email,2024-06-03,35-44,Male,Chicago,United States,Basic,60.08
CUST-003214,Email,2024-06-03,25-34,Female,Chicago,United States,Basic,58.17
CUST-002127,Google Ads,2024-06-03,35-44,Female,Bengaluru,India,Basic,43.14
CUST-001210,Instagram,2024-06-03,18-24,Female,Chicago,United States,Premium,113.18
CUST-001337,Email,2024-06-03,18-24,Female,Mumbai,India,Premium,95.11
CUST-001394,Email,2024-06-03,25-34,Male,Mumbai,India,Basic,50.98
CUST-005082,Email,2024-06-03,18-24,Female,Bengaluru,India,Basic,42.32
CUST-002648,Email,2024-06-04,35-44,Female,Pune,India,Enterprise,286.37
CUST-004003,Google Ads,2024-06-04,35-44,Male,Vancouver,Canada,Free,23.4
CUST-003952,Instagram,2024-06-04,35-44,Female,Seattle,United States,Basic,37.71
CUST-004090,Google Ads,2024-06-04,25-34,Female,Bengaluru,India,Basic,36.55
CUST-003087,Email,2024-06-04,25-34,Male,Seattle,United States,Basic,57.47
CUST-000801,Google Ads,2024-06-04,18-24,Female,Seattle,United States,Premium,88.26
CUST-005349,Google Ads,2024-06-04,25-34,Male,Vancouver,Canada,Premium,115.28
CUST-003659,Email,2024-06-04,35-44,Male,Bengaluru,India,Basic,64.7
CUST-001476,Instagram,2024-06-04,18-24,Female,Mumbai,India,Basic,32.72
CUST-005543,Email,2024-06-04,55+,Male,Los Angeles,United States,Basic,28.73
CUST-000123,Email,2024-06-04,25-34,Female,Mumbai,India,Free,23.18
CUST-002847,Google Ads,2024-06-04,25-34,Male,Birmingham,United Kingdom,Premium,97.02
CUST-001519,Affiliate,2024-06-04,45-54,Female,Birmingham,United Kingdom,Basic,70.13
CUST-002192,Email,2024-06-04,25-34,Male,Los Angeles,United States,Basic,60.3
CUST-003163,Email,2024-06-04,18-24,Female,Birmingham,United Kingdom,Basic,31.08
CUST-002328,Google Ads,2024-06-04,35-44,Female,Mumbai,India,Premium,86.18
CUST-002387,Google Ads,2024-06-04,35-44,Male,Manchester,United Kingdom,Premium,112.62
CUST-004785,Email,2024-06-05,55+,Female,Vancouver,Canada,Premium,96.08
CUST-001457,Email,2024-06-05,35-44,Male,Austin,United States,Free,22.9
CUST-004320,Email,2024-06-05,25-34,Female,New York,United States,Free,16.52
CUST-002247,Email,2024-06-05,35-44,Female,Sydney,Australia,Free,12.59
CUST-000443,Email,2024-06-05,35-44,Male,Toronto,Canada,Basic,34.61
CUST-002812,Email,2024-06-05,25-34,Male,Toronto,Canada,Premium,94.21
CUST-003917,Google Ads,2024-06-05,45-54,Male,Mumbai,India,Free,21.36
CUST-005601,Email,2024-06-05,55+,Male,Melbourne,Australia,Basic,40.32
CUST-001835,Email,2024-06-05,35-44,Male,Los Angeles,United States,Premium,95.51
CUST-002576,Email,2024-06-05,18-24,Male,Pune,India,Free,22.74
CUST-002908,Email,2024-06-05,55+,Male,Sydney,Australia,Basic,49.6
CUST-005359,Email,2024-06-05,18-24,Male,Bengaluru,India,Premium,92.33
CUST-005295,Google Ads,2024-06-05,45-54,Female,New York,United States,Basic,50.05
CUST-002062,Email,2024-06-05,25-34,Male,Toronto,Canada,Free,20.43
CUST-005198,Instagram,2024-06-05,35-44,Male,Manchester,United Kingdom,Free,20.09
CUST-003481,Google Ads,2024-06-05,45-54,Male,Seattle,United States,Basic,61.32
CUST-005219,Google Ads,2024-06-05,25-34,Female,London,United Kingdom,Free,27.22
CUST-000108,Email,2024-06-05,45-54,Male,Delhi,India,Premium,65.99
CUST-004914,Email,2024-06-06,18-24,Female,Chicago,United States,Basic,40.82
CUST-004701,Google Ads,2024-06-06,35-44,Female,Mumbai,India,Basic,45.19
CUST-001290,Google Ads,2024-06-06,25-34,Male,Mumbai,India,Basic,74.62
CUST-002508,Facebook,2024-06-06,18-24,Female,Sydney,Australia,Premium,76.07
CUST-001959,Email,2024-06-06,25-34,Female,Toronto,Canada,Premium,71.54
CUST-000503,Google Ads,2024-06-06,55+,Male,New York,United States,Basic,54.68
CUST-003497,Google Ads,2024-06-06,55+,Male,Birmingham,United Kingdom,Free,22.26
CUST-003518,Email,2024-06-06,25-34,Male,New York,United States,Basic,40.91
CUST-003063,Facebook,2024-06-06,55+,Male,Sydney,Australia,Basic,36.74
CUST-004866,Email,2024-06-06,25-34,Male,London,United Kingdom,Premium,91.37
CUST-005955,Google Ads,2024-06-06,25-34,Female,Pune,India,Enterprise,323.09
CUST-005803,Email,2024-06-06,45-54,Other,Pune,India,Enterprise,163.93
CUST-003477,Email,2024-06-06,18-24,Female,New York,United States,Free,24.24
CUST-000047,Google Ads,2024-06-07,55+,Male,Sydney,Australia,Basic,49.9
CUST-005268,Affiliate,2024-06-07,18-24,Male,Los Angeles,United States,Basic,62.51
CUST-004726,Email,2024-06-07,18-24,Male,Sydney,Australia,Enterprise,182.43
CUST-005115,Affiliate,2024-06-07,18-24,Male,Bengaluru,India,Basic,40.11
CUST-000491,Email,2024-06-07,,Male,Los Angeles,United States,Basic,44.97
CUST-001972,Facebook,2024-06-07,55+,Female,Chicago,United States,Basic,45.26
CUST-001565,Google Ads,2024-06-07,45-54,Male,Seattle,United States,Free,21.77
CUST-005223,Email,2024-06-07,45-54,Female,Chicago,United States,Premium,27.15
CUST-000614,Google Ads,2024-06-07,25-34,Male,Chicago,United States,Premium,97.59
CUST-003501,Google Ads,2024-06-07,25-34,Other,Manchester,United Kingdom,Enterprise,194.76
CUST-003825,Email,2024-06-07,25-34,Female,London,United Kingdom,Premium,120.68
CUST-002633,Email,2024-06-07,18-24,Female,Manchester,United Kingdom,Basic,43.99
CUST-002571,Google Ads,2024-06-07,45-54,Male,London,United Kingdom,Premium,54.98
CUST-003842,Email,2024-06-07,,Female,Chicago,United States,Enterprise,213.62
CUST-003887,Email,2024-06-07,18-24,Male,Melbourne,Australia,Premium,114.34
CUST-000847,Email,2024-06-07,45-54,Female,Toronto,Canada,Basic,60.63
CUST-000840,Google Ads,2024-06-07,35-44,Male,Mumbai,India,Premium,59.26
CUST-000681,Google Ads,2024-06-07,45-54,Male,Pune,India,Basic,59.89
CUST-000615,Email,2024-06-07,35-44,Female,Pune,India,Basic,54.91
CUST-004431,Google Ads,2024-06-07,35-44,Male,Montreal,Canada,Basic,32.87
CUST-000730,Google Ads,2024-06-08,55+,Female,Toronto,Canada,Free,26.92
CUST-001660,Email,2024-06-08,35-44,Male,Bengaluru,India,Enterprise,197.66
CUST-001132,Email,2024-06-08,25-34,Female,New York,United States,Enterprise,188.85
CUST-004048,Facebook,2024-06-08,55+,Female,New York,United States,Premium,70.98
CUST-001671,Google Ads,2024-06-08,25-34,Male,Birmingham,United Kingdom,Free,20.63
CUST-003443,Email,2024-06-08,18-24,Male,Seattle,United States,Premium,92.12
CUST-005033,Google Ads,2024-06-08,18-24,Male,Melbourne,Australia,Premium,93.31
CUST-001661,Email,2024-06-08,55+,Male,Seattle,United States,Enterprise,173.77
CUST-002579,Email,2024-06-08,45-54,Female,Sydney,Australia,Premium,125.68
CUST-004762,Email,2024-06-08,55+,Female,Los Angeles,United States,Basic,43.35
CUST-000247,Email,2024-06-08,18-24,Female,Melbourne,Australia,Premium,98.61
CUST-002605,Google Ads,2024-06-08,45-54,Female,Pune,India,Free,22.01
CUST-005265,Email,2024-06-08,25-34,Male,Manchester,United Kingdom,Premium,90.62
CUST-005536,Email,2024-06-08,45-54,Male,Montreal,Canada,Basic,55.14
CUST-005151,Google Ads,2024-06-08,25-34,Female,Austin,United States,Free,23.15
CUST-003854,Email,2024-06-08,35-44,Female,Delhi,India,Premium,78.99
CUST-005137,Instagram,2024-06-09,25-34,Female,New York,United States,Free,11.01
CUST-000748,Email,2024-06-09,18-24,Male,Delhi,India,Free,16.56
CUST-000239,Google Ads,2024-06-09,18-24,Male,New York,United States,Premium,93.67
CUST-005630,Google Ads,2024-06-09,25-34,Male,Chicago,United States,Free,24.32
CUST-003068,Google Ads,2024-06-09,45-54,Female,Bengaluru,India,Basic,40.07
CUST-005091,Email,2024-06-09,35-44,Male,London,United Kingdom,Free,16.58
CUST-000164,Google Ads,2024-06-09,18-24,Male,Chicago,United States,Premium,63.24
CUST-000751,Google Ads,2024-06-09,45-54,Other,Pune,India,Basic,54.23
CUST-005389,Email,2024-06-09,25-34,Male,Austin,United States,Premium,82.11
CUST-003694,Email,2024-06-09,25-34,Male,Toronto,Canada,Free,25.58
CUST-003445,Email,2024-06-09,18-24,Male,Mumbai,India,Free,25.43
CUST-002550,Email,2024-06-09,25-34,Female,New York,United States,Free,25.0
CUST-003561,Google Ads,2024-06-09,25-34,Male,Sydney,Australia,Premium,88.94
CUST-004281,Email,2024-06-09,55+,Female,Toronto,Canada,Premium,123.21
CUST-003236,Email,2024-06-09,35-44,Female,Vancouver,Canada,Basic,43.51
CUST-002555,Email,2024-06-09,25-34,Female,Manchester,United Kingdom,Basic,60.89
CUST-000237,Email,2024-06-09,25-34,Male,Austin,United States,Premium,102.09
CUST-004775,Google Ads,2024-06-09,18-24,Female,Birmingham,United Kingdom,Basic,56.03
CUST-001052,Email,2024-06-10,25-34,Female,Seattle,United States,Free,20.76
CUST-000604,Instagram,2024-06-10,35-44,Female,Birmingham,United Kingdom,Basic,50.23
CUST-003328,Email,2024-06-10,45-54,Female,Pune,India,Enterprise,183.32
CUST-000012,Google Ads,2024-06-10,25-34,Male,Chicago,United States,Premium,88.13
CUST-000535,Google Ads,2024-06-10,18-24,Female,Austin,United States,Basic,55.74
CUST-001339,Email,2024-06-10,35-44,Female,Pune,India,Enterprise,167.54
CUST-005545,Email,2024-06-10,35-44,Male,Mumbai,India,Basic,30.29
CUST-001474,Email,2024-06-10,35-44,Other,Mumbai,India,Free,20.57
CUST-001502,Email,2024-06-10,25-34,Male,Sydney,Australia,Basic,61.21
CUST-001516,Email,2024-06-10,25-34,Male,Chicago,United States,Premium,85.49
CUST-001674,Google Ads,2024-06-10,18-24,Female,Vancouver,Canada,Premium,60.33
CUST-005482,Email,2024-06-10,25-34,Male,Manchester,United Kingdom,Premium,77.81
CUST-003664,Email,2024-06-10,25-34,Female,Chicago,United States,Free,21.97
CUST-000674,Email,2024-06-10,25-34,Other,Bengaluru,India,Basic,20.62
CUST-004317,Email,2024-06-10,55+,Female,Los Angeles,United States,Premium,92.49
CUST-001602,Email,2024-06-10,45-54,Female,Delhi,India,Basic,45.23
CUST-003791,Email,2024-06-10,25-34,Male,Pune,India,Enterprise,188.31
CUST-000505,Email,2024-06-10,35-44,Male,New York,United States,Basic,45.0
CUST-003479,Email,2024-06-10,35-44,Male,Melbourne,Australia,Basic,51.48
CUST-001371,Email,2024-06-10,25-34,Male,Melbourne,Australia,Premium,93.2
CUST-001611,Google Ads,2024-06-10,45-54,Female,Montreal,Canada,Free,20.04
CUST-004027,Email,2024-06-10,35-44,Male,New York,United States,Basic,60.63
CUST-002116,Instagram,2024-06-10,25-34,Male,Seattle,United States,Free,28.46
CUST-003407,Affiliate,2024-06-11,18-24,Female,Melbourne,Australia,Basic,35.01
CUST-004499,Email,2024-06-11,45-54,Male,Manchester,United Kingdom,Free,24.66
CUST-002539,Email,2024-06-11,18-24,Female,Birmingham,United Kingdom,Basic,57.36
CUST-003071,Google Ads,2024-06-11,25-34,Male,Toronto,Canada,Basic,57.82
CUST-002719,Email,2024-06-11,25-34,Male,Los Angeles,United States,Basic,27.83
CUST-001481,Google Ads,2024-06-11,35-44,Male,Austin,United States,Free,24.59
CUST-004206,Email,2024-06-11,25-34,Male,New York,United States,Premium,127.41
CUST-005491,Email,2024-06-11,18-24,Male,Bengaluru,India,Basic,54.05
CUST-000486,Email,2024-06-11,25-34,Female,Montreal,Canada,Basic,48.76
CUST-002607,Email,2024-06-11,25-34,Female,Delhi,India,Basic,49.94
CUST-001066,Email,2024-06-11,25-34,Female,Toronto,Canada,Premium,89.28
CUST-004991,Email,2024-06-11,25-34,Other,Melbourne,Australia,Basic,35.37
CUST-004836,Google Ads,2024-06-11,25-34,Male,Austin,United States,Basic,73.76
CUST-001232,Google Ads,2024-06-12,45-54,Other,Delhi,India,Free,16.27
CUST-001227,Google Ads,2024-06-12,35-44,Female,New York,United States,Premium,133.45
CUST-005917,Email,2024-06-12,35-44,Male,Seattle,United States,Basic,48.95
CUST-003540,Email,2024-06-12,55+,Female,New York,United States,Free,29.66
CUST-005954,Email,2024-06-12,55+,Female,Manchester,United Kingdom,Premium,96.71
CUST-001807,Instagram,2024-06-12,25-34,Male,Mumbai,India,Free,24.78
CUST-005964,Email,2024-06-12,25-34,Female,Austin,United States,Basic,42.24
CUST-002871,Email,2024-06-12,18-24,Male,Seattle,United States,Basic,33.56
CUST-004464,Email,2024-06-12,45-54,Female,London,United Kingdom,Basic,58.23
CUST-002422,Google Ads,2024-06-12,18-24,Male,Montreal,Canada,Basic,31.34
CUST-003787,Email,2024-06-12,35-44,Female,Mumbai,India,Free,26.42
CUST-005231,Email,2024-06-12,25-34,Female,Bengaluru,India,Basic,46.01
CUST-005199,Google Ads,2024-06-12,25-34,Other,Vancouver,Canada,Free,26.88
CUST-002958,Google Ads,2024-06-13,25-34,Male,Toronto,Canada,Free,28.16
CUST-003987,Google Ads,2024-06-13,45-54,Male,Seattle,United States,Basic,52.59
CUST-005777,Google Ads,2024-06-13,35-44,Male,Melbourne,Australia,Free,19.33
CUST-004790,Email,2024-06-13,25-34,Female,Delhi,India,Enterprise,50.75
CUST-002098,Email,2024-06-13,18-24,Female,Chicago,United States,Basic,41.9
CUST-001070,Google Ads,2024-06-13,35-44,Male,Seattle,United States,Basic,53.74
CUST-004824,Email,2024-06-13,18-24,Female,Delhi,India,Basic,56.65
CUST-004540,Email,2024-06-13,45-54,Female,Seattle,United States,Free,30.89
CUST-002337,Email,2024-06-13,45-54,Male,Austin,United States,Free,20.8
CUST-001822,Google Ads,2024-06-13,18-24,Female,Chicago,United States,Premium,63.4
CUST-000964,Email,2024-06-13,35-44,Female,Chicago,United States,Premium,123.13
CUST-004361,Email,2024-06-13,25-34,Male,London,United Kingdom,Enterprise,167.33
CUST-001482,Email,2024-06-13,35-44,Male,Bengaluru,India,Basic,73.41
CUST-000637,Email,2024-06-13,25-34,Female,Pune,India,Free,15.14
CUST-000908,Email,2024-06-13,45-54,Female,Chicago,United States,Premium,100.98
CUST-005358,Email,2024-06-13,35-44,Male,Toronto,Canada,Basic,48.34
CUST-001105,Email,2024-06-13,55+,Male,Toronto,Canada,Free,18.71
CUST-005044,Email,2024-06-13,18-24,Male,Chicago,United States,Premium,77.02
CUST-004889,Email,2024-06-14,45-54,Female,Toronto,Canada,Premium,82.24
CUST-000050,Email,2024-06-14,25-34,Female,Chicago,United States,Free,23.87
CUST-005784,Instagram,2024-06-14,18-24,Female,Pune,India,Free,21.26
CUST-001139,Email,2024-06-14,18-24,Female,Seattle,United States,Basic,42.71
CUST-004550,Email,2024-06-14,25-34,Male,Birmingham,United Kingdom,Enterprise,210.04
CUST-001726,Email,2024-06-14,35-44,Female,Bengaluru,India,Premium,61.41
CUST-005984,Email,2024-06-14,45-54,Female,Los Angeles,United States,Free,19.62
CUST-004791,Email,2024-06-14,18-24,Female,Melbourne,Australia,Enterprise,217.61
CUST-002630,Google Ads,2024-06-14,18-24,Male,Chicago,United States,Free,24.04
CUST-005685,Email,2024-06-14,55+,Male,Delhi,India,Free,24.0
CUST-001153,Email,2024-06-14,25-34,Female,Austin,United States,Premium,128.8
CUST-004573,Email,2024-06-14,35-44,Male,Delhi,India,Basic,35.07
CUST-003194,Email,2024-06-14,35-44,Male,New York,United States,Premium,74.43
CUST-003656,Email,2024-06-14,45-54,Male,Birmingham,United Kingdom,Basic,57.57
CUST-001212,Email,2024-06-14,25-34,Other,Bengaluru,India,Premium,103.78
CUST-001357,Email,2024-06-14,18-24,Male,Los Angeles,United States,Free,25.71
CUST-004583,Instagram,2024-06-14,25-34,Female,Toronto,Canada,Premium,60.19
CUST-003608,Email,2024-06-14,35-44,Female,London,United Kingdom,Free,24.08
CUST-004021,Email,2024-06-15,35-44,Female,London,United Kingdom,Basic,52.11
CUST-005327,Google Ads,2024-06-15,35-44,Male,Delhi,India,Basic,27.79
CUST-004413,Email,2024-06-15,25-34,Male,New York,United States,Premium,94.55
CUST-002771,Google Ads,2024-06-15,25-34,Female,Birmingham,United Kingdom,Free,15.14
CUST-004910,Affiliate,2024-06-15,25-34,Male,Manchester,United Kingdom,Enterprise,180.96
CUST-005444,Email,2024-06-15,18-24,Female,Toronto,Canada,Premium,96.95
CUST-003429,Google Ads,2024-06-15,18-24,Female,Sydney,Australia,Free,27.77
CUST-002072,Email,2024-06-15,25-34,Male,Austin,United States,Premium,99.49
CUST-005673,Google Ads,2024-06-15,25-34,Male,Austin,United States,Free,32.0
CUST-001750,Email,2024-06-15,18-24,Female,Vancouver,Canada,Premium,90.76
CUST-004891,Email,2024-06-15,25-34,Female,Bengaluru,India,Free,17.84
CUST-001955,Google Ads,2024-06-15,25-34,Male,Melbourne,Australia,Premium,77.82
CUST-003982,Email,2024-06-15,35-44,Female,Bengaluru,India,Free,21.53
CUST-005766,Email,2024-06-15,25-34,Male,New York,United States,Premium,122.35
CUST-005127,Google Ads,2024-06-15,25-34,Male,Delhi,India,Free,32.54
CUST-003556,Email,2024-06-15,35-44,Female,New York,United States,Basic,25.59
CUST-001670,Email,2024-06-16,25-34,Other,Pune,India,Premium,90.46
CUST-001504,Affiliate,2024-06-16,45-54,Other,Austin,United States,Free,19.62
CUST-003914,Email,2024-06-16,25-34,Female,Chicago,United States,Free,29.89
CUST-004973,Email,2024-06-16,18-24,Male,Delhi,India,Premium,112.58
CUST-003698,Email,2024-06-16,35-44,Male,Sydney,Australia,Basic,52.93
CUST-003667,Email,2024-06-16,18-24,Female,Birmingham,United Kingdom,Basic,59.04
CUST-005593,Affiliate,2024-06-16,18-24,Female,Mumbai,India,Free,16.61
CUST-003585,Google Ads,2024-06-16,25-34,Female,Manchester,United Kingdom,Enterprise,202.92
CUST-004809,Email,2024-06-16,45-54,Female,New York,United States,Basic,57.72
CUST-003189,Google Ads,2024-06-16,25-34,Female,Austin,United States,Basic,59.99
CUST-000900,Google Ads,2024-06-16,25-34,Male,Pune,India,Premium,85.79
CUST-004204,Instagram,2024-06-16,18-24,Male,New York,United States,Free,24.75
CUST-002886,Instagram,2024-06-16,18-24,Male,Pune,India,Free,23.31
CUST-003454,Email,2024-06-16,18-24,Male,Seattle,United States,Basic,41.49
CUST-005336,Google Ads,2024-06-16,45-54,Male,Sydney,Australia,Premium,45.26
CUST-004162,Email,2024-06-16,25-34,Female,Vancouver,Canada,Enterprise,170.27
CUST-004259,Google Ads,2024-06-16,55+,Male,London,United Kingdom,Basic,67.34
CUST-005772,Email,2024-06-17,18-24,Female,Los Angeles,United States,Premium,65.57
CUST-003205,Email,2024-06-17,35-44,Male,Melbourne,Australia,Premium,62.39
CUST-000597,Email,2024-06-17,45-54,Male,Pune,India,Premium,120.79
CUST-001130,Google Ads,2024-06-17,25-34,Female,New York,United States,Basic,44.81
CUST-001343,Instagram,2024-06-17,18-24,Female,Manchester,United Kingdom,Basic,44.62
CUST-002236,Email,2024-06-17,18-24,Female,Bengaluru,India,Premium,83.63
CUST-004698,Instagram,2024-06-17,35-44,Male,Montreal,Canada,Free,20.74
CUST-002974,Google Ads,2024-06-17,25-34,Male,Pune,India,Premium,84.05
CUST-005236,Google Ads,2024-06-17,25-34,Female,London,United Kingdom,Free,28.74
CUST-003898,Email,2024-06-17,45-54,Other,Seattle,United States,Premium,83.35
CUST-004241,Email,2024-06-18,45-54,Female,Bengaluru,India,Free,26.44
CUST-002251,Affiliate,2024-06-18,35-44,Male,New York,United States,Premium,76.49
CUST-005298,Email,2024-06-18,18-24,Other,Chicago,United States,Premium,68.75
CUST-004009,Email,2024-06-18,45-54,Male,Vancouver,Canada,Premium,86.64
CUST-001393,Google Ads,2024-06-18,25-34,Female,Chicago,United States,Premium,119.08
CUST-003215,Google Ads,2024-06-18,18-24,Female,Mumbai,India,Basic,46.78
CUST-003567,Google Ads,2024-06-18,25-34,Female,Seattle,United States,Premium,96.08
CUST-005525,Affiliate,2024-06-18,55+,Female,Seattle,United States,Premium,115.84
CUST-002639,Google Ads,2024-06-18,55+,Other,Bengaluru,India,Basic,51.33
CUST-000578,Email,2024-06-18,25-34,Male,Seattle,United States,Premium,111.36
CUST-004541,Google Ads,2024-06-18,18-24,Male,Sydney,Australia,Free,21.0
CUST-003821,Google Ads,2024-06-18,45-54,Male,Los Angeles,United States,Basic,47.89
CUST-000534,Google Ads,2024-06-18,35-44,Other,Melbourne,Australia,Basic,45.5
CUST-003285,Email,2024-06-18,18-24,Female,Montreal,Canada,Free,22.1
CUST-002721,Google Ads,2024-06-18,45-54,Male,Sydney,Australia,Free,21.87
CUST-004445,Email,2024-06-19,25-34,Male,Melbourne,Australia,Basic,53.26
CUST-000683,Email,2024-06-19,18-24,Female,London,United Kingdom,Premium,68.13
CUST-004504,Google Ads,2024-06-19,35-44,Male,New York,United States,Premium,120.2
CUST-001924,Google Ads,2024-06-19,45-54,Female,New York,United States,Premium,115.81
CUST-003896,Email,2024-06-19,18-24,Male,Seattle,United States,Basic,54.57
CUST-002962,Email,2024-06-19,45-54,Female,Mumbai,India,Free,19.13
CUST-000413,Email,2024-06-19,18-24,Male,Chicago,United States,Free,22.77
CUST-000348,Email,2024-06-19,25-34,Female,Los Angeles,United States,Basic,62.75
CUST-004350,Google Ads,2024-06-19,35-44,Female,Manchester,United Kingdom,Basic,60.95
CUST-004349,Email,2024-06-19,25-34,Female,Pune,India,Premium,103.8
CUST-001627,Email,2024-06-20,18-24,Male,Austin,United States,Basic,66.82
CUST-004386,Email,2024-06-20,25-34,Male,Birmingham,United Kingdom,Basic,29.68
CUST-000643,Google Ads,2024-06-20,35-44,Female,Manchester,United Kingdom,Basic,61.28
CUST-004116,Email,2024-06-20,18-24,Female,Birmingham,United Kingdom,Basic,40.31
CUST-001634,Google Ads,2024-06-20,55+,Female,Manchester,United Kingdom,Basic,63.86
CUST-001844,Google Ads,2024-06-20,55+,Male,Montreal,Canada,Free,18.06
CUST-003511,Email,2024-06-20,18-24,Male,Bengaluru,India,Free,22.49
CUST-005465,Affiliate,2024-06-20,35-44,Female,Pune,India,Basic,52.74
CUST-001360,Email,2024-06-20,25-34,Male,Melbourne,Australia,Basic,19.45
CUST-000815,Email,2024-06-20,25-34,Male,Austin,United States,Free,12.99
CUST-005594,Email,2024-06-20,25-34,Male,Birmingham,United Kingdom,Premium,125.03
CUST-001594,Email,2024-06-20,25-34,Female,London,United Kingdom,Basic,27.05
CUST-002069,Google Ads,2024-06-20,25-34,Female,New York,United States,Basic,64.18
CUST-000746,Email,2024-06-20,18-24,Male,Toronto,Canada,Premium,85.61
CUST-001127,Email,2024-06-20,18-24,Male,Sydney,Australia,Premium,112.58
CUST-005834,Email,2024-06-20,35-44,Female,Pune,India,Premium,76.38
CUST-002132,Email,2024-06-20,18-24,Male,Mumbai,India,Basic,47.84
CUST-000576,Email,2024-06-20,18-24,Female,Chicago,United States,Enterprise,212.01
CUST-001749,Google Ads,2024-06-20,35-44,Male,Bengaluru,India,Premium,75.62
CUST-001179,Email,2024-06-20,25-34,Male,Chicago,United States,Free,21.43
CUST-001540,Google Ads,2024-06-21,18-24,Female,Manchester,United Kingdom,Premium,92.49
CUST-004072,Email,2024-06-21,18-24,Male,Los Angeles,United States,Premium,169.46
CUST-004603,Google Ads,2024-06-21,25-34,Female,Seattle,United States,Basic,60.34
CUST-003156,Google Ads,2024-06-21,18-24,Female,Montreal,Canada,Basic,44.36
CUST-005997,Email,2024-06-21,45-54,Male,Manchester,United Kingdom,Basic,58.27
CUST-000208,Email,2024-06-21,18-24,Female,Chicago,United States,Free,21.68
CUST-005061,Email,2024-06-21,25-34,Male,Vancouver,Canada,Premium,102.58
CUST-005747,Google Ads,2024-06-21,18-24,Male,Delhi,India,Basic,57.06
CUST-001133,Email,2024-06-21,25-34,Male,Melbourne,Australia,Free,17.85
CUST-001510,Email,2024-06-21,35-44,Female,New York,United States,Basic,44.08
CUST-004024,Email,2024-06-21,35-44,Female,Chicago,United States,Enterprise,232.11
CUST-000685,Email,2024-06-21,18-24,Female,London,United Kingdom,Free,24.32
CUST-004571,Email,2024-06-22,18-24,Female,New York,United States,Basic,56.15
CUST-004978,Email,2024-06-22,35-44,Female,Vancouver,Canada,Free,17.88
CUST-004584,Google Ads,2024-06-22,18-24,Female,London,United Kingdom,Enterprise,248.93
CUST-005054,Google Ads,2024-06-22,18-24,Male,Bengaluru,India,Premium,72.58
CUST-000136,Email,2024-06-22,25-34,Female,Bengaluru,India,Premium,86.47
CUST-003118,Google Ads,2024-06-22,35-44,Male,Manchester,United Kingdom,Premium,77.32
CUST-003922,Email,2024-06-22,18-24,Male,Pune,India,Enterprise,243.32
CUST-001562,Email,2024-06-22,55+,Male,Los Angeles,United States,Basic,44.99
CUST-001795,Email,2024-06-22,55+,Female,Birmingham,United Kingdom,Premium,93.61
CUST-004946,Email,2024-06-22,55+,Male,Sydney,Australia,Basic,48.09
CUST-005756,Email,2024-06-22,45-54,Female,New York,United States,Free,19.51
CUST-003473,Email,2024-06-22,35-44,Female,Seattle,United States,Premium,143.92
CUST-004705,Google Ads,2024-06-22,35-44,Male,Bengaluru,India,Free,16.48
CUST-001426,Email,2024-06-22,25-34,Female,Manchester,United Kingdom,Premium,82.37
CUST-005691,Google Ads,2024-06-22,25-34,Male,Austin,United States,Premium,67.94
CUST-001462,Email,2024-06-22,25-34,Female,New York,United States,Basic,44.03
CUST-005563,Email,2024-06-23,25-34,Female,Bengaluru,India,Basic,51.21
CUST-000211,Google Ads,2024-06-23,18-24,Male,Vancouver,Canada,Premium,105.24
CUST-004153,Email,2024-06-23,45-54,Female,Austin,United States,Basic,51.55
CUST-004205,Email,2024-06-23,35-44,Male,Pune,India,Premium,63.31
CUST-004710,Google Ads,2024-06-23,55+,Male,Birmingham,United Kingdom,Premium,96.91
CUST-003938,Email,2024-06-23,25-34,Male,Pune,India,Premium,125.95
CUST-004923,Email,2024-06-23,25-34,Male,Vancouver,Canada,Basic,41.26
CUST-000544,Email,2024-06-23,35-44,Male,Austin,United States,Basic,49.63
CUST-002331,Email,2024-06-23,18-24,Female,London,United Kingdom,Free,12.55
CUST-000421,Google Ads,2024-06-23,25-34,Female,Birmingham,United Kingdom,Free,25.2
CUST-000638,Email,2024-06-23,55+,Female,Chicago,United States,Basic,47.88
CUST-002394,Google Ads,2024-06-23,18-24,Male,Los Angeles,United States,Basic,63.16
CUST-005105,Email,2024-06-23,55+,Female,Chicago,United States,Free,15.66
CUST-004298,Google Ads,2024-06-23,35-44,Female,Manchester,United Kingdom,Enterprise,166.18
CUST-002144,Email,2024-06-24,25-34,Male,Manchester,United Kingdom,Premium,95.25
CUST-004624,Google Ads,2024-06-24,25-34,Female,Los Angeles,United States,Premium,76.8
CUST-000363,Email,2024-06-24,25-34,Male,New York,United States,Enterprise,312.96
CUST-003002,Email,2024-06-24,25-34,Male,Austin,United States,Premium,104.94
CUST-005524,Email,2024-06-24,18-24,Female,Pune,India,Basic,70.41
CUST-001258,Email,2024-06-24,55+,Female,Mumbai,India,Premium,77.38
CUST-003489,Email,2024-06-24,18-24,Female,Austin,United States,Enterprise,238.93
CUST-000007,Google Ads,2024-06-24,45-54,Male,Toronto,Canada,Premium,64.62
CUST-002397,Email,2024-06-24,25-34,Female,Austin,United States,Basic,43.96
CUST-003757,Email,2024-06-24,25-34,Female,Birmingham,United Kingdom,Premium,91.26
CUST-000951,Email,2024-06-24,18-24,Male,Birmingham,United Kingdom,Free,19.05
CUST-000563,Email,2024-06-24,18-24,Male,Los Angeles,United States,Free,27.62
CUST-005579,Email,2024-06-24,35-44,Male,Chicago,United States,Basic,53.0
CUST-002417,Email,2024-06-24,25-34,Male,Los Angeles,United States,Basic,37.24
CUST-002270,Google Ads,2024-06-25,25-34,Female,Austin,United States,Basic,64.3
CUST-002950,Google Ads,2024-06-25,45-54,Female,Seattle,United States,Enterprise,147.79
CUST-002531,Email,2024-06-25,35-44,Female,Mumbai,India,Premium,122.69
CUST-003653,Email,2024-06-25,25-34,Male,Montreal,Canada,Premium,89.75
CUST-004925,Email,2024-06-25,55+,Female,Chicago,United States,Free,28.4
CUST-001615,Google Ads,2024-06-25,35-44,Male,Seattle,United States,Enterprise,202.22
CUST-001037,Email,2024-06-25,18-24,Female,Montreal,Canada,Basic,40.29
CUST-003223,Email,2024-06-25,18-24,Male,Bengaluru,India,Premium,70.55
CUST-001320,Google Ads,2024-06-25,25-34,Male,New York,United States,Basic,44.1
CUST-005035,Email,2024-06-26,18-24,Female,Delhi,India,Premium,123.04
CUST-000829,Google Ads,2024-06-26,35-44,Female,Melbourne,Australia,Free,26.72
CUST-001211,Email,2024-06-26,25-34,Female,Toronto,Canada,Premium,85.36
CUST-002293,Instagram,2024-06-26,25-34,Female,Delhi,India,Basic,43.42
CUST-005108,Email,2024-06-26,18-24,Male,Delhi,India,Premium,43.84
CUST-000066,Email,2024-06-26,25-34,Male,Bengaluru,India,Basic,46.81
CUST-000711,Email,2024-06-26,25-34,Male,New York,United States,Premium,92.34
CUST-002572,Email,2024-06-26,35-44,Female,Montreal,Canada,Free,15.34
CUST-001768,Google Ads,2024-06-26,25-34,Female,Austin,United States,Premium,95.78
CUST-003543,Google Ads,2024-06-26,55+,Female,Mumbai,India,Basic,50.19
CUST-005889,Email,2024-06-26,45-54,Male,Seattle,United States,Basic,60.39
CUST-000456,Email,2024-06-26,35-44,Male,New York,United States,Basic,42.49
CUST-000522,Affiliate,2024-06-26,45-54,Male,Melbourne,Australia,Basic,46.05
CUST-005094,Email,2024-06-26,25-34,Female,Delhi,India,Free,26.48
CUST-000028,Email,2024-06-26,55+,Male,Seattle,United States,Basic,37.96
CUST-002193,Email,2024-06-26,25-34,Female,Seattle,United States,Basic,59.26
CUST-003875,Email,2024-06-26,35-44,Male,New York,United States,Premium,82.89
CUST-004375,Email,2024-06-26,18-24,Male,Seattle,United States,Premium,134.37
CUST-004430,Email,2024-06-27,25-34,Female,Montreal,Canada,Basic,36.81
CUST-002849,Email,2024-06-27,18-24,Female,Sydney,Australia,Premium,96.45
CUST-000468,Google Ads,2024-06-27,25-34,Male,Seattle,United States,Premium,143.32
CUST-002301,Email,2024-06-27,25-34,Male,Pune,India,Premium,145.53
CUST-001229,Google Ads,2024-06-27,45-54,Female,Chicago,United States,Premium,103.24
CUST-003225,Google Ads,2024-06-27,18-24,Male,Los Angeles,United States,Premium,68.95
CUST-003588,Email,2024-06-27,45-54,Male,London,United Kingdom,Premium,90.09
CUST-003023,Email,2024-06-27,35-44,Female,Manchester,United Kingdom,Premium,124.93
CUST-003281,Email,2024-06-27,18-24,Female,Sydney,Australia,Basic,50.36
CUST-001620,Email,2024-06-27,55+,Male,Toronto,Canada,Free,20.59
CUST-005005,Google Ads,2024-06-27,55+,Female,Pune,India,Free,24.47
CUST-004363,Email,2024-06-27,45-54,Other,Melbourne,Australia,Basic,32.34
CUST-005484,Email,2024-06-27,25-34,Male,Toronto,Canada,Premium,108.82
CUST-001254,Email,2024-06-28,18-24,Female,Austin,United States,Premium,106.65
CUST-005949,Email,2024-06-28,55+,Male,Los Angeles,United States,Free,27.19
CUST-003160,Google Ads,2024-06-28,55+,Male,Sydney,Australia,Basic,46.02
CUST-005655,Email,2024-06-28,25-34,Male,Birmingham,United Kingdom,Basic,47.61
CUST-003715,Instagram,2024-06-28,45-54,Male,Birmingham,United Kingdom,Basic,51.95
CUST-000777,Google Ads,2024-06-28,35-44,Male,Austin,United States,Basic,58.82
CUST-005055,Instagram,2024-06-28,45-54,Female,Delhi,India,Basic,59.12
CUST-002099,Email,2024-06-28,25-34,Male,Manchester,United Kingdom,Premium,60.13
CUST-005259,Google Ads,2024-06-29,55+,Other,Austin,United States,Basic,59.68
CUST-001986,Email,2024-06-29,25-34,Female,New York,United States,Basic,35.98
CUST-000325,Google Ads,2024-06-29,25-34,Male,New York,United States,Basic,46.65
CUST-001971,Google Ads,2024-06-29,55+,Female,Austin,United States,Premium,96.09
CUST-005586,Email,2024-06-29,35-44,Female,Austin,United States,Premium,112.59
CUST-004283,Email,2024-06-29,18-24,Female,Chicago,United States,Free,19.51
CUST-003062,Google Ads,2024-06-29,35-44,Female,Delhi,India,Basic,34.68
CUST-005877,Email,2024-06-29,25-34,Male,Austin,United States,Basic,23.79
CUST-005052,Email,2024-06-29,55+,Male,Austin,United States,Premium,93.32
CUST-001669,Email,2024-06-29,25-34,Female,Delhi,India,Basic,62.38
CUST-001075,Google Ads,2024-06-29,25-34,Female,Birmingham,United Kingdom,Basic,41.0
CUST-005419,Google Ads,2024-06-29,18-24,Male,New York,United States,Basic,44.72
CUST-000598,Email,2024-06-29,18-24,Male,Austin,United States,Free,26.73
CUST-002453,Affiliate,2024-06-29,25-34,Female,Austin,United States,Premium,88.9
CUST-003483,Google Ads,2024-06-29,45-54,Male,Sydney,Australia,Basic,31.47
CUST-001336,Google Ads,2024-06-29,18-24,Female,Birmingham,United Kingdom,Basic,39.43
CUST-000989,Google Ads,2024-06-29,35-44,Male,Chicago,United States,Premium,114.02
CUST-005263,Email,2024-06-29,18-24,Male,Montreal,Canada,Basic,19.19
CUST-004128,Email,2024-06-30,25-34,Female,New York,United States,Premium,82.05
CUST-002222,Google Ads,2024-06-30,35-44,Male,Delhi,India,Basic,28.48
CUST-003640,Email,2024-06-30,35-44,Female,Toronto,Canada,Basic,41.36
CUST-002474,Email,2024-06-30,45-54,Female,Seattle,United States,Basic,57.77
CUST-001407,Email,2024-06-30,25-34,Female,Seattle,United States,Free,30.53
CUST-001902,Email,2024-06-30,45-54,Male,Bengaluru,India,Enterprise,154.4
CUST-004097,Google Ads,2024-06-30,35-44,Male,New York,United States,Basic,43.42
CUST-005330,Google Ads,2024-06-30,25-34,Female,Los Angeles,United States,Premium,104.06
CUST-000132,Email,2024-06-30,35-44,Male,Birmingham,United Kingdom,Premium,92.71
CUST-000965,Email,2024-06-30,18-24,Female,Austin,United States,Basic,69.92
CUST-002254,Email,2024-07-01,45-54,Female,Bengaluru,India,Premium,95.53
CUST-004796,Email,2024-07-01,18-24,Male,Sydney,Australia,Enterprise,192.06
CUST-003000,Email,2024-07-01,25-34,Male,Seattle,United States,Premium,104.58
CUST-000033,Email,2024-07-01,25-34,Female,Chicago,United States,Premium,131.7
CUST-001163,Email,2024-07-01,45-54,Female,London,United Kingdom,Premium,89.66
CUST-002304,Instagram,2024-07-01,45-54,Female,Pune,India,Basic,36.88
CUST-005676,Email,2024-07-01,55+,Male,Birmingham,United Kingdom,Free,21.9
CUST-000089,Email,2024-07-01,45-54,Male,Sydney,Australia,Premium,138.0
CUST-003628,Google Ads,2024-07-01,45-54,Female,Bengaluru,India,Basic,53.69
CUST-000023,Email,2024-07-01,35-44,Male,Chicago,United States,Premium,129.41
CUST-003289,Email,2024-07-01,18-24,Female,New York,United States,Premium,114.99
CUST-000878,Email,2024-07-01,25-34,Male,Delhi,India,Basic,51.14
CUST-002920,Email,2024-07-01,25-34,Female,Sydney,Australia,Basic,59.6
CUST-001294,Google Ads,2024-07-01,18-24,Male,Bengaluru,India,Free,22.66
CUST-002518,Email,2024-07-01,25-34,Female,Los Angeles,United States,Free,17.86
CUST-004034,Email,2024-07-01,25-34,Male,Melbourne,Australia,Basic,49.01
CUST-004175,Email,2024-07-01,35-44,Female,Chicago,United States,Premium,101.71
CUST-005406,Email,2024-07-01,35-44,Male,Austin,United States,Basic,31.32
CUST-004055,Google Ads,2024-07-01,25-34,Male,London,United Kingdom,Premium,90.94
CUST-005353,Email,2024-07-01,25-34,Male,Seattle,United States,Basic,49.64
CUST-002447,Email,2024-07-02,45-54,Female,Bengaluru,India,Premium,95.53
CUST-005728,Email,2024-07-02,25-34,Female,Melbourne,Australia,Basic,49.77
CUST-000435,Google Ads,2024-07-02,25-34,Male,New York,United States,Free,22.97
CUST-001946,Google Ads,2024-07-02,35-44,Male,Birmingham,United Kingdom,Basic,39.81
CUST-000110,Email,2024-07-02,18-24,Female,Mumbai,India,Basic,47.39
CUST-001012,Google Ads,2024-07-02,25-34,Male,Pune,India,Free,22.5
CUST-004436,Email,2024-07-02,25-34,Female,New York,United States,Free,21.92
CUST-001335,Email,2024-07-02,25-34,Male,Pune,India,Free,21.97
CUST-003513,Google Ads,2024-07-02,45-54,Male,Manchester,United Kingdom,Premium,104.55
CUST-000775,Google Ads,2024-07-02,35-44,Male,Birmingham,United Kingdom,Premium,106.4
CUST-000555,Email,2024-07-02,18-24,Male,New York,United States,Free,29.73
CUST-004006,Email,2024-07-02,35-44,Female,New York,United States,Basic,60.1
CUST-002582,Email,2024-07-02,35-44,Male,Manchester,United Kingdom,Basic,54.81
CUST-005518,Email,2024-07-02,45-54,Male,Birmingham,United Kingdom,Premium,94.67
CUST-003010,Email,2024-07-02,35-44,Female,Austin,United States,Basic,37.86
CUST-003836,Email,2024-07-02,25-34,Male,London,United Kingdom,Basic,48.94
CUST-003861,Email,2024-07-02,35-44,Male,Seattle,United States,Premium,111.24
CUST-003201,Google Ads,2024-07-02,25-34,Female,Los Angeles,United States,Free,17.68
CUST-004788,Email,2024-07-02,18-24,Female,Sydney,Australia,Premium,124.95
CUST-001137,Google Ads,2024-07-03,18-24,Male,Pune,India,Premium,76.0
CUST-003224,Email,2024-07-03,35-44,Male,Bengaluru,India,Premium,131.24
CUST-003183,Email,2024-07-03,55+,Female,Pune,India,Free,13.57
CUST-001770,Email,2024-07-03,35-44,Male,Montreal,Canada,Premium,112.4
CUST-003270,Email,2024-07-03,35-44,Male,New York,United States,Free,22.45
CUST-001003,Email,2024-07-03,,Male,Seattle,United States,Basic,49.13
CUST-005701,Email,2024-07-03,25-34,Male,Delhi,India,Basic,49.01
CUST-001158,Email,2024-07-03,55+,Male,Melbourne,Australia,Free,26.9
CUST-001866,Google Ads,2024-07-03,35-44,Male,Austin,United States,Premium,128.64
CUST-000858,Google Ads,2024-07-03,45-54,Female,New York,United States,Premium,93.86
CUST-001888,Google Ads,2024-07-03,35-44,Female,Delhi,India,Free,26.4
CUST-002030,Google Ads,2024-07-03,18-24,Male,Vancouver,Canada,Free,10.71
CUST-002841,Email,2024-07-03,45-54,Male,Chicago,United States,Free,10.28
CUST-005347,Google Ads,2024-07-03,18-24,Female,Delhi,India,Premium,118.28
CUST-002657,Email,2024-07-03,35-44,Female,New York,United States,Basic,55.62
CUST-003044,Email,2024-07-03,55+,Female,New York,United States,Enterprise,195.37
CUST-000024,Email,2024-07-04,25-34,Female,Bengaluru,India,Free,19.59
CUST-005470,Email,2024-07-04,18-24,Male,London,United Kingdom,Enterprise,173.92
CUST-003104,Email,2024-07-04,35-44,Male,Delhi,India,Free,18.66
CUST-001140,Email,2024-07-04,25-34,Male,Montreal,Canada,Premium,131.23
CUST-003329,Email,2024-07-04,55+,Female,Sydney,Australia,Premium,106.0
CUST-003522,Instagram,2024-07-04,45-54,Female,Pune,India,Basic,63.01
CUST-000146,Email,2024-07-04,25-34,Female,Austin,United States,Enterprise,196.63
CUST-000889,Email,2024-07-04,18-24,Male,Melbourne,Australia,Premium,112.09
CUST-003847,Email,2024-07-04,25-34,Female,Los Angeles,United States,Basic,47.29
CUST-002258,Email,2024-07-04,25-34,Male,Seattle,United States,Basic,51.25
CUST-001849,Email,2024-07-05,25-34,Female,Melbourne,Australia,Enterprise,227.81
CUST-005910,Google Ads,2024-07-05,25-34,Female,Seattle,United States,Premium,180.24
CUST-005179,Email,2024-07-05,25-34,Female,Montreal,Canada,Premium,90.23
CUST-000654,Email,2024-07-05,35-44,Female,Delhi,India,Basic,49.82
CUST-001698,Email,2024-07-05,45-54,Male,Austin,United States,Basic,28.24
CUST-003915,Email,2024-07-05,18-24,Male,Manchester,United Kingdom,Free,28.82
CUST-000665,Email,2024-07-05,45-54,Male,Chicago,United States,Basic,58.83
CUST-004514,Email,2024-07-05,25-34,Female,Mumbai,India,Premium,92.01
CUST-002234,Email,2024-07-05,55+,Male,Melbourne,Australia,Premium,134.15
CUST-001162,Email,2024-07-05,25-34,Female,Los Angeles,United States,Free,30.3
CUST-004182,Email,2024-07-05,45-54,Female,Sydney,Australia,Free,31.24
CUST-003573,Email,2024-07-05,25-34,Female,Los Angeles,United States,Free,22.16
CUST-001053,Email,2024-07-05,18-24,Female,New York,United States,Free,11.02
CUST-000025,Email,2024-07-06,25-34,Female,Seattle,United States,Basic,44.31
CUST-004928,Email,2024-07-06,55+,Female,Manchester,United Kingdom,Premium,99.18
CUST-005569,Google Ads,2024-07-06,25-34,Male,Manchester,United Kingdom,Basic,58.02
CUST-003909,Email,2024-07-06,18-24,Male,London,United Kingdom,Premium,122.12
CUST-000189,Email,2024-07-06,45-54,Male,Montreal,Canada,Enterprise,287.34
CUST-004229,Email,2024-07-06,18-24,Female,Chicago,United States,Premium,62.87
CUST-001815,Google Ads,2024-07-06,25-34,Female,Sydney,Australia,Premium,118.72
CUST-005678,Google Ads,2024-07-06,35-44,Female,Austin,United States,Free,29.25
CUST-004079,Email,2024-07-06,55+,Male,Sydney,Australia,Free,15.37
CUST-001150,Email,2024-07-06,45-54,Male,Chicago,United States,Enterprise,188.98
CUST-004935,Email,2024-07-07,18-24,Male,Seattle,United States,Free,33.69
CUST-004408,Google Ads,2024-07-07,25-34,Male,New York,United States,Premium,69.59
CUST-002499,Google Ads,2024-07-07,55+,Female,Melbourne,Australia,Premium,59.49
CUST-002248,Google Ads,2024-07-07,25-34,Female,Los Angeles,United States,Free,30.4
CUST-004417,Email,2024-07-07,25-34,Female,London,United Kingdom,Basic,42.94
CUST-003516,Email,2024-07-07,18-24,Female,Sydney,Australia,Free,25.28
CUST-004324,Google Ads,2024-07-07,25-34,Other,Melbourne,Australia,Basic,50.12
CUST-001897,Email,2024-07-07,45-54,Female,Chicago,United States,Basic,16.84
CUST-002900,Email,2024-07-07,18-24,Female,Sydney,Australia,Basic,52.52
CUST-002163,Email,2024-07-07,35-44,Female,London,United Kingdom,Enterprise,224.66
CUST-000802,Email,2024-07-07,25-34,Male,Melbourne,Australia,Enterprise,234.74
CUST-002748,Email,2024-07-07,18-24,Male,Birmingham,United Kingdom,Premium,96.81
CUST-004194,Instagram,2024-07-07,18-24,Male,Bengaluru,India,Free,21.04
CUST-001437,Email,2024-07-07,25-34,Female,Bengaluru,India,Free,15.57
CUST-001834,Email,2024-07-07,35-44,Male,Mumbai,India,Premium,86.68
CUST-000747,Email,2024-07-07,18-24,Male,Vancouver,Canada,Premium,123.16
CUST-000913,Email,2024-07-07,45-54,Other,Birmingham,United Kingdom,Basic,46.81
CUST-005302,Google Ads,2024-07-07,45-54,Male,Los Angeles,United States,Premium,131.51
CUST-004663,Email,2024-07-07,25-34,Female,Chicago,United States,Basic,47.69
CUST-002296,Email,2024-07-07,25-34,Female,Manchester,United Kingdom,Basic,64.32
CUST-004347,Google Ads,2024-07-07,35-44,Male,Pune,India,Basic,39.3
CUST-005206,Email,2024-07-08,55+,Male,Chicago,United States,Free,18.9
CUST-003520,Email,2024-07-08,35-44,Female,London,United Kingdom,Premium,54.83
CUST-000055,Google Ads,2024-07-08,35-44,Male,Manchester,United Kingdom,Basic,31.11
CUST-004997,Google Ads,2024-07-08,45-54,Female,Chicago,United States,Premium,33.27
CUST-004747,Email,2024-07-08,25-34,Male,Mumbai,India,Basic,52.73
CUST-003766,Google Ads,2024-07-08,35-44,Female,Melbourne,Australia,Premium,83.61
CUST-005768,Email,2024-07-08,35-44,Female,Chicago,United States,Basic,38.59
CUST-005022,Email,2024-07-08,25-34,Male,Chicago,United States,Basic,43.76
CUST-005506,Google Ads,2024-07-08,35-44,Male,Toronto,Canada,Basic,66.98
CUST-000265,Google Ads,2024-07-09,55+,Male,Manchester,United Kingdom,Enterprise,164.85
CUST-005533,Email,2024-07-09,35-44,Female,Birmingham,United Kingdom,Enterprise,155.41
CUST-004629,Affiliate,2024-07-09,25-34,Male,New York,United States,Free,17.29
CUST-004073,Google Ads,2024-07-09,35-44,Male,Vancouver,Canada,Premium,52.04
CUST-002125,Email,2024-07-09,45-54,Female,Seattle,United States,Basic,53.98
CUST-002157,Google Ads,2024-07-09,45-54,Other,New York,United States,Basic,53.05
CUST-000182,Google Ads,2024-07-09,35-44,Male,Melbourne,Australia,Basic,78.7
CUST-002584,Email,2024-07-09,45-54,Male,Melbourne,Australia,Basic,53.44
CUST-005129,Email,2024-07-09,25-34,Female,Bengaluru,India,Enterprise,171.0
CUST-003472,Google Ads,2024-07-09,55+,Male,Toronto,Canada,Basic,45.57
CUST-001473,Email,2024-07-09,18-24,Male,Manchester,United Kingdom,Enterprise,143.15
CUST-003302,Email,2024-07-09,35-44,Female,Delhi,India,Premium,86.23
CUST-005937,Google Ads,2024-07-09,55+,Male,Los Angeles,United States,Basic,58.03
CUST-002052,Google Ads,2024-07-09,18-24,Female,Toronto,Canada,Basic,49.36
CUST-004989,Email,2024-07-09,35-44,Male,Bengaluru,India,Premium,131.59
CUST-004877,Email,2024-07-09,25-34,Male,Los Angeles,United States,Premium,131.25
CUST-005416,Instagram,2024-07-10,55+,Female,Bengaluru,India,Premium,100.25
CUST-001286,Email,2024-07-10,25-34,Female,Delhi,India,Premium,70.75
CUST-004757,Affiliate,2024-07-10,18-24,Male,Mumbai,India,Free,25.57
CUST-002269,Email,2024-07-10,35-44,Female,Seattle,United States,Basic,60.65
CUST-003633,Email,2024-07-10,35-44,Male,Chicago,United States,Premium,100.63
CUST-005037,Email,2024-07-10,25-34,Female,Bengaluru,India,Free,28.25
CUST-005744,Google Ads,2024-07-10,35-44,Female,London,United Kingdom,Basic,45.99
CUST-001528,Email,2024-07-10,18-24,Female,Los Angeles,United States,Free,18.25
CUST-004193,Email,2024-07-10,35-44,Male,Vancouver,Canada,Free,24.34
CUST-005850,Email,2024-07-11,35-44,Female,Vancouver,Canada,Basic,61.44
CUST-001848,Email,2024-07-11,25-34,Male,Pune,India,Free,11.85
CUST-003745,Email,2024-07-11,35-44,Male,London,United Kingdom,Enterprise,288.57
CUST-003933,Instagram,2024-07-11,55+,Male,Montreal,Canada,Basic,38.66
CUST-003811,Email,2024-07-11,18-24,Male,Montreal,Canada,Enterprise,159.24
CUST-003726,Email,2024-07-11,18-24,Male,Delhi,India,Basic,39.98
CUST-005570,Google Ads,2024-07-11,25-34,Other,Delhi,India,Basic,61.33
CUST-005909,Google Ads,2024-07-11,55+,Other,Delhi,India,Premium,132.19
CUST-002120,Email,2024-07-11,25-34,Female,Montreal,Canada,Basic,36.69
CUST-000538,Email,2024-07-11,25-34,Male,Pune,India,Premium,76.11
CUST-004409,Email,2024-07-11,18-24,Male,Sydney,Australia,Free,30.61
CUST-000640,Google Ads,2024-07-11,55+,Male,Toronto,Canada,Free,20.31
CUST-003096,Email,2024-07-11,18-24,Male,Austin,United States,Free,26.74
CUST-000680,Google Ads,2024-07-11,25-34,Male,New York,United States,Premium,89.83
CUST-001580,Google Ads,2024-07-11,35-44,Female,Chicago,United States,Premium,63.13
CUST-004960,Google Ads,2024-07-11,25-34,Female,Austin,United States,Premium,128.19
CUST-005260,Email,2024-07-11,25-34,Male,Mumbai,India,Basic,45.38
CUST-004167,Email,2024-07-12,25-34,Female,Chicago,United States,Basic,46.6
CUST-003500,Email,2024-07-12,25-34,Female,Melbourne,Australia,Premium,103.57
CUST-003249,Email,2024-07-12,45-54,Female,New York,United States,Basic,30.68
CUST-000693,Instagram,2024-07-12,35-44,Female,Delhi,India,Free,24.76
CUST-005413,Google Ads,2024-07-12,25-34,Female,Vancouver,Canada,Free,24.12
CUST-002128,Google Ads,2024-07-12,35-44,Male,Vancouver,Canada,Enterprise,167.19
CUST-004256,Google Ads,2024-07-12,25-34,Female,Pune,India,Premium,75.95
CUST-002172,Email,2024-07-12,25-34,Other,Melbourne,Australia,Premium,107.27
CUST-004758,Instagram,2024-07-13,18-24,Female,Austin,United States,Basic,52.34
CUST-003676,Email,2024-07-13,25-34,Male,Pune,India,Basic,34.97
CUST-000530,Email,2024-07-13,35-44,Male,Austin,United States,Basic,60.34
CUST-005311,Email,2024-07-13,25-34,Male,Pune,India,Free,25.75
CUST-005749,Email,2024-07-13,25-34,Female,Melbourne,Australia,Basic,49.87
CUST-002375,Email,2024-07-13,35-44,Male,London,United Kingdom,Free,20.44
CUST-004850,Google Ads,2024-07-13,25-34,Female,Manchester,United Kingdom,Free,24.01
CUST-004735,Email,2024-07-13,18-24,Female,Chicago,United States,Premium,98.79
CUST-004012,Email,2024-07-13,35-44,Female,London,United Kingdom,Free,19.15
CUST-001586,Email,2024-07-13,45-54,Male,Seattle,United States,Enterprise,150.91
CUST-001126,Email,2024-07-13,18-24,Male,Birmingham,United Kingdom,Free,11.27
CUST-003534,Email,2024-07-13,35-44,Male,Austin,United States,Free,23.49
CUST-005036,Google Ads,2024-07-13,25-34,Male,Delhi,India,Free,34.57
CUST-005075,Email,2024-07-13,18-24,Female,Vancouver,Canada,Basic,52.86
CUST-000714,Google Ads,2024-07-13,18-24,Female,London,United Kingdom,Free,26.67
CUST-002317,Google Ads,2024-07-13,55+,Female,Manchester,United Kingdom,Free,16.93
CUST-003963,Google Ads,2024-07-13,25-34,Male,Delhi,India,Basic,37.0
CUST-004932,Email,2024-07-13,25-34,Female,Sydney,Australia,Basic,40.5
CUST-002685,Email,2024-07-14,25-34,Male,Bengaluru,India,Free,21.22
CUST-003385,Email,2024-07-14,45-54,Male,New York,United States,Basic,74.2
CUST-005798,Google Ads,2024-07-14,18-24,Male,London,United Kingdom,Free,31.66
CUST-004675,Email,2024-07-14,25-34,Other,Seattle,United States,Premium,79.03
CUST-005245,Google Ads,2024-07-14,45-54,Female,Vancouver,Canada,Basic,55.62
CUST-004875,Email,2024-07-14,25-34,Female,London,United Kingdom,Premium,109.16
CUST-004508,Instagram,2024-07-14,35-44,Male,Sydney,Australia,Free,18.57
CUST-004270,Email,2024-07-14,25-34,Male,London,United Kingdom,Premium,80.93
CUST-003078,Email,2024-07-14,25-34,Male,Birmingham,United Kingdom,Basic,56.47
CUST-005539,Google Ads,2024-07-14,35-44,Male,Mumbai,India,Premium,79.8
CUST-003196,Email,2024-07-14,55+,Female,Delhi,India,Premium,117.53
CUST-000766,Google Ads,2024-07-14,25-34,Female,Pune,India,Enterprise,186.18
CUST-001672,Google Ads,2024-07-14,18-24,Female,Pune,India,Premium,130.3
CUST-004044,Email,2024-07-14,18-24,Female,Toronto,Canada,Premium,89.37
CUST-005471,Email,2024-07-14,45-54,Male,Delhi,India,Free,16.44
CUST-001297,Email,2024-07-14,35-44,Female,Mumbai,India,Basic,41.56
CUST-002689,Email,2024-07-15,45-54,Male,Birmingham,United Kingdom,Basic,29.25
CUST-000564,Email,2024-07-15,45-54,Female,Melbourne,Australia,Basic,18.79
CUST-001115,Email,2024-07-15,45-54,Female,Chicago,United States,Premium,78.91
CUST-000898,Email,2024-07-15,18-24,Male,Chicago,United States,Premium,74.27
CUST-005629,Email,2024-07-15,18-24,Female,Seattle,United States,Basic,65.77
CUST-000197,Email,2024-07-15,25-34,Female,Pune,India,Basic,54.49
CUST-000117,Google Ads,2024-07-15,35-44,Female,New York,United States,Basic,53.04
CUST-000696,Instagram,2024-07-15,25-34,Female,Austin,United States,Free,20.43
CUST-000252,Email,2024-07-16,45-54,Other,London,United Kingdom,Premium,151.11
CUST-000957,Email,2024-07-16,25-34,Male,Sydney,Australia,Basic,52.47
CUST-004588,Email,2024-07-16,25-34,Female,Chicago,United States,Free,15.54
CUST-002042,Email,2024-07-17,35-44,Female,Bengaluru,India,Free,28.09
CUST-000017,Instagram,2024-07-17,18-24,Female,Pune,India,Free,16.47
CUST-003771,Email,2024-07-17,55+,Male,Pune,India,Premium,131.87
CUST-000796,Email,2024-07-18,55+,Female,New York,United States,Basic,47.74
CUST-002817,Email,2024-07-18,35-44,Male,Sydney,Australia,Basic,16.64
CUST-002083,Email,2024-07-18,18-24,Female,Mumbai,India,Premium,64.36
CUST-001309,Email,2024-07-18,18-24,Female,Austin,United States,Basic,42.1
CUST-001244,Email,2024-07-19,35-44,Female,Chicago,United States,Premium,118.33
CUST-003581,Email,2024-07-19,25-34,Male,New York,United States,Premium,77.59
CUST-001236,Instagram,2024-07-19,35-44,Male,Austin,United States,Basic,44.97
CUST-003928,Email,2024-07-19,25-34,Female,Austin,United States,Basic,44.88
CUST-000454,Email,2024-07-19,35-44,Male,Vancouver,Canada,Enterprise,266.1
CUST-002929,Email,2024-07-19,45-54,Male,Seattle,United States,Free,24.95
CUST-001483,Email,2024-07-19,25-34,Male,Austin,United States,Premium,64.74
CUST-005104,Email,2024-07-19,55+,Female,Austin,United States,Basic,41.49
CUST-002195,Email,2024-07-20,25-34,Male,Delhi,India,Basic,67.72
CUST-002316,Email,2024-07-20,45-54,Female,Delhi,India,Basic,53.78
CUST-000076,Email,2024-07-20,25-34,Male,Toronto,Canada,Premium,102.42
CUST-001604,Email,2024-07-20,18-24,Female,Los Angeles,United States,Free,20.07
CUST-005329,Email,2024-07-20,25-34,Female,Seattle,United States,Enterprise,204.74
CUST-004120,Email,2024-07-20,35-44,Male,Vancouver,Canada,Premium,107.25
CUST-003851,Email,2024-07-20,35-44,Female,Austin,United States,Premium,123.41
CUST-002536,Email,2024-07-20,25-34,Female,Pune,India,Premium,83.7
CUST-001119,Email,2024-07-20,25-34,Male,Austin,United States,Free,29.32
CUST-002332,Email,2024-07-20,35-44,Male,New York,United States,Enterprise,193.76
CUST-003117,Email,2024-07-21,18-24,Male,Vancouver,Canada,Basic,48.48
CUST-005441,Email,2024-07-21,35-44,Female,Delhi,India,Free,30.98
CUST-005235,Email,2024-07-21,35-44,Female,Los Angeles,United States,Basic,60.09
CUST-000001,Email,2024-07-21,35-44,Female,Los Angeles,United States,Basic,65.96
CUST-001265,Email,2024-07-22,18-24,Female,Los Angeles,United States,Premium,99.4
CUST-000200,Email,2024-07-22,25-34,Male,Toronto,Canada,Enterprise,147.8
CUST-003586,Email,2024-07-22,55+,Male,Mumbai,India,Premium,102.02
CUST-002278,Email,2024-07-22,45-54,Female,Chicago,United States,Free,24.52
CUST-000968,Email,2024-07-22,25-34,Female,Montreal,Canada,Free,30.68
CUST-000579,Email,2024-07-23,25-34,Female,Seattle,United States,Basic,73.02
CUST-001916,Email,2024-07-23,25-34,Female,Sydney,Australia,Free,15.8
CUST-000053,Email,2024-07-23,25-34,Female,Toronto,Canada,Premium,119.9
CUST-005485,Email,2024-07-23,35-44,Female,Seattle,United States,Premium,93.28
CUST-000168,Email,2024-07-23,18-24,Female,Austin,United States,Free,20.55
CUST-001435,Email,2024-07-23,18-24,Female,Birmingham,United Kingdom,Basic,37.37
CUST-000825,Email,2024-07-23,45-54,Female,London,United Kingdom,Premium,127.07
CUST-005412,Organic,2024-07-23,35-44,Male,Birmingham,United Kingdom,Basic,61.66
CUST-003006,Email,2024-07-23,35-44,Other,Mumbai,India,Basic,62.12
CUST-003955,Email,2024-07-23,45-54,Female,Melbourne,Australia,Free,25.43
CUST-005794,Email,2024-07-24,18-24,Male,Chicago,United States,Basic,48.27
CUST-002773,Email,2024-07-24,55+,Male,Birmingham,United Kingdom,Premium,71.75
CUST-002142,Email,2024-07-24,,Other,London,United Kingdom,Basic,32.1
CUST-005041,Email,2024-07-24,35-44,Other,Sydney,Australia,Free,23.87
CUST-005020,Email,2024-07-24,35-44,Male,Pune,India,Basic,31.06
CUST-002874,Email,2024-07-24,35-44,Male,Bengaluru,India,Basic,49.7
CUST-005346,Email,2024-07-24,18-24,Male,Toronto,Canada,Free,24.26
CUST-004334,Email,2024-07-24,35-44,Female,Los Angeles,United States,Premium,92.66
CUST-005495,Email,2024-07-25,25-34,Male,Melbourne,Australia,Basic,57.36
CUST-003411,Email,2024-07-25,45-54,Male,Manchester,United Kingdom,Free,28.61
CUST-000660,Email,2024-07-25,18-24,Male,Bengaluru,India,Enterprise,236.09
CUST-001537,Email,2024-07-25,35-44,Female,London,United Kingdom,Premium,99.04
CUST-005985,Email,2024-07-25,45-54,Male,Los Angeles,United States,Enterprise,235.86
CUST-004180,Email,2024-07-25,18-24,Male,Seattle,United States,Premium,114.37
CUST-001769,Email,2024-07-25,18-24,Male,New York,United States,Premium,79.61
CUST-000692,Email,2024-07-25,45-54,Male,Delhi,India,Premium,130.43
CUST-004196,Affiliate,2024-07-25,35-44,Other,Chicago,United States,Basic,58.7
CUST-000869,Email,2024-07-25,25-34,Male,Austin,United States,Basic,52.09
CUST-001423,Email,2024-07-25,25-34,Male,London,United Kingdom,Free,15.75
CUST-000687,Email,2024-07-25,35-44,Female,Sydney,Australia,Enterprise,178.17
CUST-004005,Email,2024-07-25,25-34,Male,Austin,United States,Enterprise,326.37
CUST-002940,Email,2024-07-25,45-54,Female,Austin,United States,Premium,43.98
CUST-003287,Instagram,2024-07-25,35-44,Male,Mumbai,India,Basic,69.94
CUST-005362,Email,2024-07-26,25-34,Female,Austin,United States,Free,26.01
CUST-002016,Organic,2024-07-26,18-24,Female,New York,United States,Basic,48.99
CUST-001603,Email,2024-07-26,25-34,Female,Sydney,Australia,Premium,80.41
CUST-002444,Email,2024-07-26,25-34,Female,Los Angeles,United States,Free,25.21
CUST-004819,Organic,2024-07-26,45-54,Male,Pune,India,Basic,65.85
CUST-001054,Affiliate,2024-07-27,35-44,Male,Bengaluru,India,Enterprise,200.4
CUST-002181,Email,2024-07-28,35-44,Female,New York,United States,Premium,96.17
CUST-003921,Email,2024-07-28,55+,Female,New York,United States,Basic,40.74
CUST-001891,Email,2024-07-28,18-24,Male,Mumbai,India,Premium,58.66
CUST-005651,Email,2024-07-28,35-44,Other,Bengaluru,India,Premium,113.09
CUST-002914,Email,2024-07-28,25-34,Male,Manchester,United Kingdom,Enterprise,198.0
CUST-004830,Email,2024-07-28,25-34,Male,Austin,United States,Premium,91.57
CUST-005487,Organic,2024-07-28,25-34,Female,Austin,United States,Free,23.4
CUST-002386,Instagram,2024-07-28,25-34,Female,Delhi,India,Premium,125.58
CUST-002302,Email,2024-07-28,25-34,Female,Chicago,United States,Free,32.74
CUST-003552,Email,2024-07-28,35-44,Female,Pune,India,Free,22.06
CUST-002138,Affiliate,2024-07-28,35-44,Male,Los Angeles,United States,Free,30.91
CUST-000904,Email,2024-07-29,18-24,Female,Mumbai,India,Basic,54.51
CUST-002494,Email,2024-07-29,35-44,Male,Los Angeles,United States,Premium,118.42
CUST-000157,Organic,2024-07-29,35-44,Male,Chicago,United States,Basic,73.82
CUST-001677,Email,2024-07-29,18-24,Male,Austin,United States,Premium,72.12
CUST-002706,Email,2024-07-29,18-24,Female,Manchester,United Kingdom,Free,25.72
CUST-004242,Affiliate,2024-07-29,45-54,Female,Pune,India,Basic,56.48
CUST-001253,Email,2024-07-30,25-34,Male,Montreal,Canada,Basic,42.67
CUST-000849,Email,2024-07-30,25-34,Female,Sydney,Australia,Enterprise,270.88
CUST-003512,Organic,2024-07-31,18-24,Male,Seattle,United States,Basic,24.95
CUST-003839,Email,2024-07-31,25-34,Female,Pune,India,Basic,56.88
CUST-003814,Email,2024-07-31,55+,Male,New York,United States,Premium,70.39
CUST-003744,Email,2024-07-31,55+,Female,Austin,United States,Basic,44.95
CUST-004366,Email,2024-07-31,25-34,Female,Bengaluru,India,Basic,42.94
CUST-001036,Email,2024-07-31,25-34,Male,London,United Kingdom,Enterprise,219.42
CUST-003559,Email,2024-07-31,18-24,Female,Sydney,Australia,Basic,54.49
CUST-005496,Email,2024-07-31,55+,Male,Pune,India,Basic,62.43
CUST-004553,Email,2024-07-31,18-24,Female,Pune,India,Free,20.1
CUST-005748,Email,2024-07-31,55+,Male,New York,United States,Basic,46.51
CUST-004793,Email,2024-08-01,35-44,Female,Chicago,United States,Premium,83.2
CUST-004870,Email,2024-08-01,35-44,Male,Bengaluru,India,Free,15.23
CUST-005976,Email,2024-08-01,25-34,Female,Manchester,United Kingdom,Premium,91.59
CUST-002534,Email,2024-08-01,55+,Male,London,United Kingdom,Premium,119.1
CUST-004853,Organic,2024-08-01,25-34,Female,Austin,United States,Premium,104.02
CUST-000422,Email,2024-08-01,18-24,Female,Pune,India,Premium,84.34
CUST-000506,Email,2024-08-02,18-24,Male,Manchester,United Kingdom,Premium,121.13
CUST-004730,Email,2024-08-02,35-44,Male,Bengaluru,India,Basic,65.91
CUST-002733,Email,2024-08-02,25-34,Male,Melbourne,Australia,Premium,106.67
CUST-005433,Email,2024-08-02,25-34,Male,Seattle,United States,Premium,93.16
CUST-001173,Email,2024-08-03,45-54,Female,Chicago,United States,Free,35.05
CUST-003699,Email,2024-08-03,25-34,Female,Birmingham,United Kingdom,Basic,46.94
CUST-000205,Email,2024-08-03,35-44,Male,Pune,India,Premium,84.49
CUST-001957,Affiliate,2024-08-03,25-34,Female,Manchester,United Kingdom,Free,19.06
CUST-003693,Email,2024-08-04,25-34,Male,Birmingham,United Kingdom,Premium,91.97
CUST-004483,Organic,2024-08-04,18-24,Male,Montreal,Canada,Free,12.09
CUST-000810,Affiliate,2024-08-04,18-24,Female,Mumbai,India,Premium,102.28
CUST-001714,Email,2024-08-04,45-54,Other,Melbourne,Australia,Premium,117.53
CUST-003004,Email,2024-08-05,25-34,Female,Montreal,Canada,Premium,54.03
CUST-004972,Email,2024-08-05,25-34,Male,Austin,United States,Premium,135.61
CUST-005771,Email,2024-08-05,18-24,Male,Manchester,United Kingdom,Enterprise,192.24
CUST-003985,Organic,2024-08-05,45-54,Female,Melbourne,Australia,Premium,53.94
CUST-002651,Organic,2024-08-06,35-44,Female,Sydney,Australia,Basic,13.64
CUST-004389,Email,2024-08-06,25-34,Male,Seattle,United States,Basic,53.62
CUST-003356,Email,2024-08-06,25-34,Male,Mumbai,India,Premium,79.52
CUST-003786,Email,2024-08-06,55+,Male,Chicago,United States,Basic,57.54
CUST-000759,Email,2024-08-06,18-24,Male,Austin,United States,Basic,32.95
CUST-005464,Organic,2024-08-07,35-44,Female,Montreal,Canada,Premium,112.52
CUST-004502,Email,2024-08-07,45-54,Male,Mumbai,India,Enterprise,207.97
CUST-001878,Email,2024-08-07,35-44,Male,Bengaluru,India,Basic,48.58
CUST-000531,Email,2024-08-07,55+,Female,Seattle,United States,Premium,104.96
CUST-001049,Email,2024-08-07,35-44,Male,Los Angeles,United States,Free,16.06
CUST-001928,Email,2024-08-08,18-24,Female,Austin,United States,Basic,57.05
CUST-003240,Email,2024-08-08,45-54,Male,Austin,United States,Premium,39.16
CUST-002641,Organic,2024-08-08,18-24,Female,Melbourne,Australia,Free,20.11
CUST-002541,Email,2024-08-08,35-44,Female,Los Angeles,United States,Enterprise,200.65
CUST-001043,Email,2024-08-08,35-44,Male,Montreal,Canada,Premium,92.1
CUST-005023,Email,2024-08-09,35-44,Male,New York,United States,Basic,48.37
CUST-002712,Email,2024-08-09,18-24,Male,Austin,United States,Enterprise,248.32
CUST-000761,Organic,2024-08-09,18-24,Female,Delhi,India,Basic,44.88
CUST-004448,Email,2024-08-09,25-34,Female,Montreal,Canada,Premium,63.31
CUST-002211,Organic,2024-08-09,25-34,Male,Mumbai,India,Enterprise,190.44
CUST-001220,Email,2024-08-09,18-24,Male,Sydney,Australia,Basic,48.62
CUST-004328,Email,2024-08-10,55+,Other,Delhi,India,Basic,52.94
CUST-000980,Email,2024-08-10,45-54,Female,Chicago,United States,Basic,38.32
CUST-001496,Email,2024-08-10,35-44,Female,Birmingham,United Kingdom,Premium,63.84
CUST-002693,Email,2024-08-10,45-54,Male,London,United Kingdom,Free,16.94
CUST-004657,Email,2024-08-10,25-34,Female,Pune,India,Basic,50.15
CUST-005732,Email,2024-08-10,25-34,Male,Manchester,United Kingdom,Basic,54.6
CUST-002123,Email,2024-08-10,35-44,Male,New York,United States,Basic,18.31
CUST-004213,Email,2024-08-10,18-24,Male,Montreal,Canada,Basic,23.21
CUST-001639,Email,2024-08-10,25-34,Male,Montreal,Canada,Premium,59.61
CUST-005559,Email,2024-08-10,18-24,Female,Bengaluru,India,Free,21.25
CUST-005865,Email,2024-08-10,45-54,Female,Delhi,India,Basic,49.69
CUST-001039,Email,2024-08-10,25-34,Male,Mumbai,India,Premium,109.15
CUST-001564,Email,2024-08-10,45-54,Male,Chicago,United States,Basic,56.34
CUST-000360,Email,2024-08-11,45-54,Male,Sydney,Australia,Basic,69.23
CUST-004985,Email,2024-08-11,55+,Female,Melbourne,Australia,Free,21.76
CUST-000812,Email,2024-08-11,35-44,Female,Seattle,United States,Basic,44.55
CUST-001953,Email,2024-08-11,18-24,Female,Melbourne,Australia,Premium,70.04
CUST-001527,Email,2024-08-11,18-24,Male,Toronto,Canada,Free,22.2
CUST-002252,Affiliate,2024-08-11,55+,Female,Seattle,United States,Free,18.12
CUST-002953,Email,2024-08-11,35-44,Female,Los Angeles,United States,Enterprise,170.22
CUST-005779,Affiliate,2024-08-12,25-34,Female,Melbourne,Australia,Free,21.47
CUST-003366,Email,2024-08-12,35-44,Male,London,United Kingdom,Free,32.77
CUST-004331,Email,2024-08-12,25-34,Female,Chicago,United States,Basic,67.01
CUST-005843,Email,2024-08-12,45-54,Female,Delhi,India,Basic,77.43
CUST-004884,Email,2024-08-13,25-34,Male,Toronto,Canada,Premium,94.34
CUST-004332,Email,2024-08-13,35-44,Male,Delhi,India,Premium,58.12
CUST-005060,Email,2024-08-13,18-24,Female,Los Angeles,United States,Free,20.11
CUST-003475,Email,2024-08-13,18-24,Male,Mumbai,India,Basic,38.55
CUST-001082,Email,2024-08-13,55+,Male,London,United Kingdom,Basic,32.6
CUST-003261,Email,2024-08-14,18-24,Male,Pune,India,Premium,85.85
CUST-001778,Organic,2024-08-14,45-54,Male,Austin,United States,Free,26.05
CUST-002749,Email,2024-08-14,25-34,Female,Austin,United States,Premium,134.65
CUST-000289,Email,2024-08-15,25-34,Other,Toronto,Canada,Premium,96.32
CUST-005386,Email,2024-08-15,25-34,Male,Austin,United States,Premium,87.48
CUST-000365,Email,2024-08-16,35-44,Male,Sydney,Australia,Basic,43.95
CUST-005490,Organic,2024-08-16,35-44,Female,Mumbai,India,Free,21.5
CUST-004426,Affiliate,2024-08-16,45-54,Male,Mumbai,India,Premium,95.9
CUST-005682,Email,2024-08-16,35-44,Male,Sydney,Australia,Premium,103.3
CUST-002523,Email,2024-08-16,25-34,Male,Seattle,United States,Free,17.36
CUST-002095,Email,2024-08-17,35-44,Male,Austin,United States,Premium,89.46
CUST-004844,Organic,2024-08-17,35-44,Male,Montreal,Canada,Free,15.22
CUST-004475,Email,2024-08-17,35-44,Female,Chicago,United States,Basic,44.2
CUST-004679,Email,2024-08-17,45-54,Female,Chicago,United States,Basic,40.63
CUST-003950,Organic,2024-08-17,35-44,Male,Toronto,Canada,Premium,128.43
CUST-001205,Email,2024-08-18,25-34,Male,Bengaluru,India,Basic,48.43
CUST-003312,Organic,2024-08-18,25-34,Male,Mumbai,India,Free,17.59
CUST-005591,Email,2024-08-18,25-34,Female,Montreal,Canada,Free,29.59
CUST-002356,Email,2024-08-18,35-44,Female,Vancouver,Canada,Basic,59.31
CUST-005148,Email,2024-08-18,35-44,Male,New York,United States,Free,18.72
CUST-001733,Email,2024-08-18,55+,Male,Austin,United States,Free,19.94
CUST-005007,Email,2024-08-18,18-24,Female,Pune,India,Premium,30.17
CUST-001827,Email,2024-08-18,55+,Male,Austin,United States,Basic,44.54
CUST-001538,Email,2024-08-18,45-54,Female,Austin,United States,Premium,112.81
CUST-002680,Email,2024-08-18,35-44,Male,Los Angeles,United States,Basic,39.24
CUST-003763,Email,2024-08-19,25-34,Male,Mumbai,India,Free,23.15
CUST-001398,Email,2024-08-19,35-44,Female,Austin,United States,Premium,116.84
CUST-005914,Email,2024-08-19,55+,Female,Bengaluru,India,Enterprise,243.36
CUST-003387,Email,2024-08-19,18-24,Female,Toronto,Canada,Basic,41.74
CUST-003798,Organic,2024-08-19,18-24,Female,Chicago,United States,Premium,121.82
CUST-003391,Email,2024-08-19,45-54,Female,New York,United States,Premium,105.22
CUST-004664,Affiliate,2024-08-20,35-44,Male,Austin,United States,Enterprise,212.01
CUST-000377,Email,2024-08-20,25-34,Male,Delhi,India,Basic,63.96
CUST-003256,Email,2024-08-20,45-54,Female,Seattle,United States,Enterprise,93.39
CUST-005722,Email,2024-08-21,45-54,Male,Vancouver,Canada,Free,21.61
CUST-000116,Email,2024-08-21,18-24,Female,London,United Kingdom,Enterprise,165.22
CUST-002190,Email,2024-08-21,18-24,Male,New York,United States,Premium,85.69
CUST-004685,Email,2024-08-21,55+,Male,Vancouver,Canada,Free,16.15
CUST-002079,Organic,2024-08-21,18-24,Male,Mumbai,India,Free,26.91
CUST-004406,Instagram,2024-08-22,25-34,Male,New York,United States,Basic,39.12
CUST-002297,Affiliate,2024-08-22,25-34,Female,Manchester,United Kingdom,Enterprise,126.48
CUST-003233,Email,2024-08-22,25-34,Male,Seattle,United States,Basic,54.19
CUST-005899,Organic,2024-08-22,25-34,Female,Sydney,Australia,Free,11.78
CUST-002012,Email,2024-08-23,35-44,Female,Montreal,Canada,Premium,71.19
CUST-002460,Email,2024-08-23,45-54,Female,Los Angeles,United States,Free,18.23
CUST-001038,Email,2024-08-23,25-34,Female,Sydney,Australia,Enterprise,214.3
CUST-003542,Email,2024-08-23,25-34,Female,Seattle,United States,Premium,137.87
CUST-000217,Email,2024-08-24,25-34,Female,Toronto,Canada,Premium,98.28
CUST-000309,Email,2024-08-24,18-24,Female,Montreal,Canada,Premium,105.56
CUST-000322,Email,2024-08-24,25-34,Female,Birmingham,United Kingdom,Free,18.88
CUST-005123,Email,2024-08-24,45-54,Female,Seattle,United States,Basic,47.55
CUST-000647,Email,2024-08-24,45-54,Female,London,United Kingdom,Basic,46.09
CUST-002060,Email,2024-08-25,55+,Male,Birmingham,United Kingdom,Free,23.82
CUST-000074,Instagram,2024-08-25,18-24,Male,Chicago,United States,Basic,50.75
CUST-003296,Email,2024-08-25,18-24,Male,Montreal,Canada,Free,17.65
CUST-000568,Email,2024-08-25,55+,Male,Pune,India,Premium,160.38
CUST-002696,Affiliate,2024-08-25,18-24,Male,Los Angeles,United States,Premium,61.69
CUST-002073,Instagram,2024-08-25,35-44,Female,Toronto,Canada,Free,23.56
CUST-004801,Instagram,2024-08-25,45-54,Female,Delhi,India,Basic,45.07
CUST-003678,Email,2024-08-26,25-34,Female,Montreal,Canada,Premium,85.95
CUST-005723,Organic,2024-08-26,55+,Male,Austin,United States,Basic,42.18
CUST-003438,Email,2024-08-26,35-44,Female,Manchester,United Kingdom,Basic,48.2
CUST-003596,Organic,2024-08-26,25-34,Female,Mumbai,India,Free,17.93
CUST-005842,Instagram,2024-08-27,35-44,Male,Austin,United States,Basic,68.71
CUST-001348,Email,2024-08-28,18-24,Female,Bengaluru,India,Basic,39.24
CUST-001716,Email,2024-08-28,25-34,Male,Birmingham,United Kingdom,Basic,62.1
CUST-003149,Email,2024-08-28,35-44,Female,Chicago,United States,Basic,63.68
CUST-000019,Affiliate,2024-08-28,25-34,Male,Austin,United States,Premium,101.29
CUST-000573,Email,2024-08-28,25-34,Male,Austin,United States,Basic,62.14
CUST-001804,Email,2024-08-29,25-34,Female,Manchester,United Kingdom,Free,22.59
CUST-004355,Organic,2024-08-29,18-24,Male,Montreal,Canada,Basic,58.19
CUST-000956,Email,2024-08-29,18-24,Male,Austin,United States,Premium,35.46
CUST-005497,Email,2024-08-30,25-34,Male,Seattle,United States,Free,16.56
CUST-005014,Email,2024-08-30,35-44,Female,Chicago,United States,Basic,41.15
CUST-003037,Email,2024-08-30,45-54,Female,Sydney,Australia,Premium,60.47
CUST-004124,Email,2024-08-30,25-34,Female,Birmingham,United Kingdom,Free,21.26
CUST-000107,Email,2024-08-30,45-54,Male,Vancouver,Canada,Free,19.34
CUST-003539,Email,2024-08-30,18-24,Female,Bengaluru,India,Free,21.21
CUST-001722,Email,2024-08-30,18-24,Female,Birmingham,United Kingdom,Basic,54.43
CUST-002071,Email,2024-09-01,45-54,Male,Pune,India,Premium,45.22
CUST-002121,Email,2024-09-01,18-24,Female,Austin,United States,Free,23.39
CUST-004983,Email,2024-09-01,18-24,Female,New York,United States,Basic,35.33
CUST-003860,Affiliate,2024-09-01,35-44,Male,Austin,United States,Basic,41.07
CUST-000723,Email,2024-09-01,35-44,Female,Austin,United States,Premium,99.79
CUST-005479,Email,2024-09-01,18-24,Male,Montreal,Canada,Basic,49.1
CUST-005705,Email,2024-09-02,35-44,Male,Toronto,Canada,Premium,73.97
CUST-004770,Email,2024-09-02,25-34,Female,London,United Kingdom,Free,25.89
CUST-001755,Email,2024-09-02,18-24,Male,Pune,India,Basic,36.13
CUST-001189,Instagram,2024-09-02,18-24,Male,Seattle,United States,Premium,117.8
CUST-001985,Email,2024-09-02,45-54,Male,Melbourne,Australia,Enterprise,242.5
CUST-003036,Email,2024-09-02,18-24,Male,New York,United States,Premium,95.86
CUST-000936,Email,2024-09-02,18-24,Male,Birmingham,United Kingdom,Free,18.83
CUST-004963,Email,2024-09-02,55+,Male,Chicago,United States,Premium,5.0
CUST-002228,Email,2024-09-02,18-24,Male,Melbourne,Australia,Basic,42.42
CUST-002324,Email,2024-09-03,55+,Male,Los Angeles,United States,Premium,89.68
CUST-002402,Email,2024-09-03,35-44,Male,Mumbai,India,Basic,38.68
CUST-004917,Affiliate,2024-09-03,45-54,Female,Sydney,Australia,Premium,112.18
CUST-004974,Email,2024-09-03,25-34,Female,Vancouver,Canada,Premium,79.9
CUST-003354,Email,2024-09-03,18-24,Female,Mumbai,India,Premium,107.97
CUST-000821,Email,2024-09-03,25-34,Female,Chicago,United States,Basic,36.95
CUST-001359,Email,2024-09-03,45-54,Male,Seattle,United States,Basic,33.49
CUST-005411,Email,2024-09-03,18-24,Male,Austin,United States,Premium,114.93
CUST-003892,Instagram,2024-09-03,25-34,Female,Melbourne,Australia,Basic,55.72
CUST-001154,Email,2024-09-04,45-54,Male,Birmingham,United Kingdom,Free,23.12
CUST-004335,Email,2024-09-04,35-44,Male,Birmingham,United Kingdom,Basic,50.82
CUST-003635,Instagram,2024-09-05,55+,Male,Seattle,United States,Basic,63.97
CUST-000937,Email,2024-09-05,35-44,Male,Chicago,United States,Premium,79.82
CUST-004059,Affiliate,2024-09-05,45-54,Female,Austin,United States,Basic,45.96
CUST-005448,Email,2024-09-05,25-34,Male,Mumbai,India,Basic,28.92
CUST-002333,Instagram,2024-09-06,18-24,Male,Austin,United States,Premium,96.07
CUST-002284,Email,2024-09-06,18-24,Male,New York,United States,Basic,58.36
CUST-000992,Affiliate,2024-09-06,25-34,Male,Sydney,Australia,Free,20.74
CUST-004621,Instagram,2024-09-06,45-54,Male,London,United Kingdom,Basic,21.19
CUST-001399,Email,2024-09-06,25-34,Female,Toronto,Canada,Basic,39.93
CUST-000785,Organic,2024-09-06,25-34,Male,Delhi,India,Free,27.49
CUST-002589,Email,2024-09-06,25-34,Female,Mumbai,India,Enterprise,254.21
CUST-002165,Email,2024-09-07,18-24,Male,Pune,India,Premium,84.39
CUST-003677,Email,2024-09-07,25-34,Male,Delhi,India,Basic,67.17
CUST-003890,Email,2024-09-07,45-54,Male,Manchester,United Kingdom,Free,20.49
CUST-000295,Email,2024-09-07,35-44,Male,London,United Kingdom,Premium,102.49
CUST-001089,Email,2024-09-07,35-44,Male,Sydney,Australia,Premium,96.83
CUST-004026,Instagram,2024-09-07,35-44,Female,Manchester,United Kingdom,Basic,60.16
CUST-001550,Email,2024-09-07,25-34,Male,Vancouver,Canada,Enterprise,220.09
CUST-003723,Email,2024-09-08,35-44,Male,Melbourne,Australia,Enterprise,116.67
CUST-001554,Email,2024-09-08,45-54,Male,Chicago,United States,Premium,130.64
CUST-005942,Email,2024-09-08,18-24,Female,Chicago,United States,Enterprise,172.12
CUST-000121,Email,2024-09-08,45-54,Male,Manchester,United Kingdom,Basic,51.29
CUST-003147,Organic,2024-09-08,18-24,Male,Los Angeles,United States,Free,14.06
CUST-002710,Email,2024-09-08,35-44,Female,Montreal,Canada,Premium,109.42
CUST-000770,Email,2024-09-09,25-34,Male,Los Angeles,United States,Basic,37.39
CUST-000072,Email,2024-09-09,18-24,Male,Seattle,United States,Basic,38.89
CUST-001689,Email,2024-09-09,45-54,Female,Montreal,Canada,Free,11.5
CUST-001383,Email,2024-09-09,45-54,Male,Chicago,United States,Free,27.19
CUST-003480,Email,2024-09-09,55+,Female,New York,United States,Enterprise,118.09
CUST-003835,Email,2024-09-09,18-24,Female,Melbourne,Australia,Enterprise,244.5
CUST-005667,Instagram,2024-09-09,18-24,Male,London,United Kingdom,Free,16.33
CUST-001577,Email,2024-09-09,45-54,Male,Sydney,Australia,Basic,37.16
CUST-002801,Email,2024-09-09,35-44,Male,Chicago,United States,Free,11.05
CUST-000947,Affiliate,2024-09-10,25-34,Female,Chicago,United States,Premium,85.24
CUST-005229,Organic,2024-09-10,55+,Male,Bengaluru,India,Free,16.8
CUST-003708,Email,2024-09-10,45-54,Male,Los Angeles,United States,Premium,86.28
CUST-002350,Email,2024-09-10,35-44,Male,Austin,United States,Free,21.41
CUST-002064,Email,2024-09-10,18-24,Female,Austin,United States,Premium,69.68
CUST-003311,Email,2024-09-11,25-34,Male,Austin,United States,Basic,40.49
CUST-000817,Instagram,2024-09-11,25-34,Female,Delhi,India,Free,18.83
CUST-002037,Email,2024-09-11,25-34,Female,Bengaluru,India,Basic,52.66
CUST-001109,Instagram,2024-09-11,55+,Female,Chicago,United States,Basic,45.06
CUST-000986,Email,2024-09-11,18-24,Male,Seattle,United States,Premium,143.04
CUST-003045,Email,2024-09-11,25-34,Female,New York,United States,Premium,48.67
CUST-005312,Email,2024-09-11,18-24,Male,New York,United States,Premium,87.37
CUST-002517,Instagram,2024-09-11,25-34,Male,London,United Kingdom,Premium,113.92
CUST-004096,Affiliate,2024-09-11,25-34,Male,Pune,India,Free,23.49
CUST-000176,Affiliate,2024-09-11,35-44,Male,Sydney,Australia,Premium,89.66
CUST-005527,Email,2024-09-11,55+,Female,Mumbai,India,Basic,63.91
CUST-004065,Instagram,2024-09-12,35-44,Female,London,United Kingdom,Basic,49.67
CUST-000037,Email,2024-09-12,25-34,Female,New York,United States,Free,31.6
CUST-000997,Email,2024-09-12,18-24,Female,London,United Kingdom,Free,30.42
CUST-002432,Affiliate,2024-09-12,25-34,Male,Melbourne,Australia,Premium,69.69
CUST-005913,Email,2024-09-12,45-54,Female,Austin,United States,Premium,72.5
CUST-005333,Email,2024-09-12,18-24,Male,Toronto,Canada,Basic,34.61
CUST-000811,Email,2024-09-12,35-44,Male,Pune,India,Enterprise,226.49
CUST-003486,Instagram,2024-09-12,35-44,Male,Seattle,United States,Free,27.61
CUST-004591,Email,2024-09-13,25-34,Male,Mumbai,India,Basic,36.46
CUST-004392,Email,2024-09-13,25-34,Female,Melbourne,Australia,Free,18.87
CUST-003844,Email,2024-09-13,35-44,Male,Sydney,Australia,Premium,101.69
CUST-000449,Email,2024-09-13,35-44,Other,Bengaluru,India,Basic,45.55
CUST-004126,Instagram,2024-09-13,55+,Female,Pune,India,Free,23.3
CUST-005388,Email,2024-09-14,25-34,Female,Bengaluru,India,Free,20.55
CUST-002806,Email,2024-09-14,35-44,Male,Bengaluru,India,Enterprise,241.28
CUST-003643,Affiliate,2024-09-14,35-44,Female,Toronto,Canada,Free,21.89
CUST-000575,Email,2024-09-14,25-34,Male,New York,United States,Premium,85.4
CUST-004623,Email,2024-09-14,25-34,Female,Delhi,India,Basic,38.74
CUST-002226,Email,2024-09-15,55+,Male,Vancouver,Canada,Premium,114.28
CUST-001933,Email,2024-09-15,18-24,Male,Seattle,United States,Free,14.91
CUST-001743,Email,2024-09-15,25-34,Male,New York,United States,Basic,54.9
CUST-000477,Email,2024-09-15,35-44,Female,Chicago,United States,Premium,123.01
CUST-003024,Email,2024-09-15,55+,Male,Chicago,United States,Free,23.47
CUST-005016,Organic,2024-09-15,25-34,Female,New York,United States,Free,17.35
CUST-000409,Instagram,2024-09-15,25-34,Female,Chicago,United States,Basic,61.68
CUST-001871,Organic,2024-09-15,25-34,Female,Vancouver,Canada,Free,24.75
CUST-001654,Email,2024-09-15,25-34,Male,Birmingham,United Kingdom,Basic,36.76
CUST-003449,Email,2024-09-16,35-44,Female,Montreal,Canada,Basic,33.48
CUST-001224,Email,2024-09-16,25-34,Male,Melbourne,Australia,Basic,61.28
CUST-000657,Email,2024-09-16,25-34,Female,Seattle,United States,Premium,139.13
CUST-003331,Email,2024-09-16,25-34,Female,Austin,United States,Free,13.78
CUST-000945,Email,2024-09-16,18-24,Male,Los Angeles,United States,Premium,94.56
CUST-000661,Email,2024-09-17,35-44,Female,Seattle,United States,Premium,113.29
CUST-003089,Instagram,2024-09-17,35-44,Male,Seattle,United States,Basic,48.52
CUST-005714,Email,2024-09-17,18-24,Male,Pune,India,Premium,104.92
CUST-000451,Email,2024-09-18,25-34,Male,Seattle,United States,Basic,65.94
CUST-000677,Instagram,2024-09-18,35-44,Male,Delhi,India,Basic,44.04
CUST-003239,Organic,2024-09-18,55+,Female,Delhi,India,Basic,32.0
CUST-002683,Email,2024-09-18,25-34,Male,Montreal,Canada,Premium,68.35
CUST-002626,Email,2024-09-18,18-24,Female,Seattle,United States,Basic,71.23
CUST-002336,Email,2024-09-18,25-34,Female,London,United Kingdom,Basic,47.43
CUST-004885,Email,2024-09-19,18-24,Female,Montreal,Canada,Basic,52.76
CUST-004964,Email,2024-09-19,25-34,Female,Birmingham,United Kingdom,Enterprise,169.58
CUST-005254,Instagram,2024-09-19,18-24,Male,Seattle,United States,Free,11.21
CUST-005272,Email,2024-09-19,25-34,Male,London,United Kingdom,Premium,117.14
CUST-005919,Affiliate,2024-09-19,18-24,Male,Delhi,India,Premium,78.19
CUST-002512,Email,2024-09-19,25-34,Female,Sydney,Australia,Premium,42.11
CUST-003849,Affiliate,2024-09-19,35-44,Male,Birmingham,United Kingdom,Enterprise,185.29
CUST-004364,Email,2024-09-19,18-24,Female,Vancouver,Canada,Enterprise,232.64
CUST-001646,Email,2024-09-20,35-44,Male,Manchester,United Kingdom,Enterprise,276.8
CUST-002838,Instagram,2024-09-20,35-44,Male,Bengaluru,India,Free,20.34
CUST-000851,Email,2024-09-20,35-44,Female,Delhi,India,Free,32.49
CUST-002497,Instagram,2024-09-20,18-24,Female,Toronto,Canada,Free,25.18
CUST-004252,Email,2024-09-20,35-44,Male,Austin,United States,Basic,36.93
CUST-003432,Email,2024-09-20,35-44,Female,Chicago,United States,Basic,51.88
CUST-000666,Email,2024-09-20,45-54,Other,Bengaluru,India,Basic,37.79
CUST-003291,Email,2024-09-20,35-44,Female,Los Angeles,United States,Free,17.46
CUST-003371,Instagram,2024-09-20,55+,Male,Delhi,India,Basic,36.28
CUST-004944,Instagram,2024-09-21,55+,Female,Mumbai,India,Premium,103.35
CUST-002977,Email,2024-09-21,35-44,Male,Bengaluru,India,Premium,117.1
CUST-004743,Email,2024-09-21,35-44,Male,Seattle,United States,Basic,68.01
CUST-001451,Email,2024-09-21,35-44,Female,Pune,India,Premium,78.36
CUST-002673,Affiliate,2024-09-21,25-34,Male,Austin,United States,Free,27.57
CUST-004931,Email,2024-09-21,25-34,Male,Chicago,United States,Basic,54.09
CUST-001757,Email,2024-09-22,18-24,Female,Pune,India,Basic,60.24
CUST-004684,Email,2024-09-22,18-24,Female,Pune,India,Basic,39.18
CUST-004422,Email,2024-09-22,55+,Male,Delhi,India,Free,22.03
CUST-002649,Email,2024-09-22,18-24,Female,Melbourne,Australia,Enterprise,142.51
CUST-002548,Email,2024-09-22,18-24,Male,Seattle,United States,Premium,87.69
CUST-001370,Email,2024-09-22,25-34,Male,Manchester,United Kingdom,Premium,92.25
CUST-004704,Email,2024-09-22,45-54,Female,London,United Kingdom,Basic,64.3
CUST-003906,Email,2024-09-22,35-44,Female,Los Angeles,United States,Premium,104.38
CUST-005313,Email,2024-09-22,35-44,Male,Montreal,Canada,Free,29.24
CUST-005478,Email,2024-09-23,18-24,Male,Toronto,Canada,Basic,32.93
CUST-001861,Email,2024-09-23,18-24,Female,Los Angeles,United States,Basic,36.16
CUST-005351,Email,2024-09-23,25-34,Female,Los Angeles,United States,Free,16.55
CUST-004118,Instagram,2024-09-23,35-44,Male,New York,United States,Basic,49.99
CUST-001045,Email,2024-09-23,25-34,Female,Bengaluru,India,Basic,42.56
CUST-001175,Email,2024-09-23,25-34,Male,Birmingham,United Kingdom,Premium,85.26
CUST-003626,Email,2024-09-23,18-24,Female,Delhi,India,Premium,104.8
CUST-002959,Email,2024-09-23,35-44,Female,Chicago,United States,Enterprise,222.12
CUST-003186,Affiliate,2024-09-24,45-54,Male,Chicago,United States,Basic,36.81
CUST-004683,Affiliate,2024-09-24,35-44,Female,London,United Kingdom,Premium,124.48
CUST-004353,Affiliate,2024-09-24,18-24,Male,Montreal,Canada,Premium,118.15
CUST-001708,Email,2024-09-24,18-24,Female,Pune,India,Free,24.49
CUST-000731,Email,2024-09-24,25-34,Female,Austin,United States,Basic,52.37
CUST-000350,Email,2024-09-25,35-44,Other,Manchester,United Kingdom,Free,21.07
CUST-003569,Email,2024-09-25,18-24,Male,Toronto,Canada,Premium,74.49
CUST-003583,Email,2024-09-25,25-34,Female,Los Angeles,United States,Premium,94.33
CUST-000014,Email,2024-09-25,18-24,Female,London,United Kingdom,Premium,66.39
CUST-003884,Instagram,2024-09-25,25-34,Male,Seattle,United States,Free,14.74
CUST-005648,Email,2024-09-25,35-44,Other,Manchester,United Kingdom,Enterprise,196.82
CUST-000150,Instagram,2024-09-26,25-34,Female,Montreal,Canada,Free,27.38
CUST-002909,Email,2024-09-26,18-24,Male,Austin,United States,Premium,73.75
CUST-000263,Email,2024-09-26,25-34,Other,New York,United States,Premium,113.69
CUST-003966,Email,2024-09-26,18-24,Other,Austin,United States,Premium,83.49
CUST-005818,Organic,2024-09-26,18-24,Male,Chicago,United States,Basic,56.09
CUST-002489,Organic,2024-09-27,35-44,Female,Melbourne,Australia,Premium,74.48
CUST-005427,Email,2024-09-27,25-34,Male,Vancouver,Canada,Free,15.13
CUST-000517,Email,2024-09-27,25-34,Female,Vancouver,Canada,Enterprise,120.1
CUST-005948,Email,2024-09-27,25-34,Male,Bengaluru,India,Enterprise,281.29
CUST-005483,Email,2024-09-27,55+,Other,Melbourne,Australia,Premium,105.2
CUST-005144,Email,2024-09-27,35-44,Male,Melbourne,Australia,Premium,86.95
CUST-003058,Email,2024-09-27,25-34,Female,London,United Kingdom,Basic,35.35
CUST-000431,Email,2024-09-28,35-44,Female,Los Angeles,United States,Basic,44.55
CUST-001539,Email,2024-09-28,35-44,Male,Manchester,United Kingdom,Free,27.07
CUST-005792,Email,2024-09-28,45-54,Male,Pune,India,Free,27.36
CUST-003788,Email,2024-09-28,18-24,Female,Los Angeles,United States,Premium,102.23
CUST-005034,Organic,2024-09-28,25-34,Female,New York,United States,Premium,82.09
CUST-000270,Email,2024-09-29,35-44,Female,Pune,India,Basic,56.27
CUST-004036,Email,2024-09-29,25-34,Male,Delhi,India,Premium,133.61
CUST-001118,Email,2024-09-29,25-34,Male,Montreal,Canada,Premium,115.57
CUST-000118,Email,2024-09-29,18-24,Female,Seattle,United States,Enterprise,118.79
CUST-000854,Email,2024-09-29,35-44,Female,Austin,United States,Free,20.09
CUST-004440,Affiliate,2024-09-29,25-34,Female,Bengaluru,India,Free,28.88
CUST-004660,Email,2024-09-29,35-44,Female,Los Angeles,United States,Enterprise,160.91
CUST-002851,Email,2024-09-29,25-34,Female,Delhi,India,Premium,85.69
CUST-003190,Instagram,2024-09-29,35-44,Male,Manchester,United Kingdom,Free,16.89
CUST-003719,Email,2024-09-30,45-54,Female,Bengaluru,India,Premium,71.22
CUST-001081,Organic,2024-09-30,25-34,Female,Delhi,India,Free,14.05
CUST-003416,Email,2024-09-30,25-34,Male,Austin,United States,Free,20.28
CUST-004224,Email,2024-09-30,18-24,Female,Mumbai,India,Premium,121.97
CUST-003404,Email,2024-09-30,35-44,Male,Bengaluru,India,Basic,43.14
CUST-004054,Instagram,2024-09-30,35-44,Male,Chicago,United States,Basic,43.38
CUST-002506,Email,2024-10-01,18-24,Female,New York,United States,Premium,100.53
CUST-005926,Affiliate,2024-10-01,25-34,Female,Chicago,United States,Premium,84.89
CUST-003781,Email,2024-10-01,25-34,Male,Delhi,India,Basic,48.06
CUST-001448,Email,2024-10-02,25-34,Male,Seattle,United States,Free,16.99
CUST-005879,Email,2024-10-02,18-24,Female,Chicago,United States,Basic,50.1
CUST-004214,Email,2024-10-02,25-34,Male,Birmingham,United Kingdom,Basic,50.78
CUST-005770,Email,2024-10-02,45-54,Female,Vancouver,Canada,Premium,102.28
CUST-005394,Email,2024-10-02,55+,Female,Seattle,United States,Basic,34.7
CUST-002840,Instagram,2024-10-03,35-44,Female,Pune,India,Premium,128.04
CUST-002343,Instagram,2024-10-03,35-44,Male,Seattle,United States,Basic,64.52
CUST-004474,Affiliate,2024-10-03,25-34,Male,Chicago,United States,Basic,50.59
CUST-004138,Email,2024-10-03,18-24,Female,Manchester,United Kingdom,Premium,58.53
CUST-000806,Email,2024-10-03,55+,Female,Bengaluru,India,Enterprise,159.45
CUST-001041,Email,2024-10-03,35-44,Female,Manchester,United Kingdom,Enterprise,259.87
CUST-001062,Email,2024-10-04,25-34,Male,Mumbai,India,Free,24.58
CUST-002784,Email,2024-10-04,45-54,Female,Montreal,Canada,Premium,128.3
CUST-001850,Email,2024-10-04,25-34,Male,Manchester,United Kingdom,Premium,121.08
CUST-002955,Email,2024-10-04,18-24,Male,Vancouver,Canada,Basic,65.28
CUST-004527,Email,2024-10-04,45-54,Male,Austin,United States,Free,26.14
CUST-002520,Instagram,2024-10-05,45-54,Male,Chicago,United States,Basic,51.54
CUST-002990,Email,2024-10-05,45-54,Male,Los Angeles,United States,Premium,120.34
CUST-000524,Email,2024-10-05,55+,Female,Pune,India,Basic,59.28
CUST-000659,Email,2024-10-05,35-44,Male,Bengaluru,India,Basic,51.09
CUST-005658,Email,2024-10-05,18-24,Male,Seattle,United States,Free,19.11
CUST-004368,Email,2024-10-05,18-24,Male,Birmingham,United Kingdom,Free,16.5
CUST-000380,Instagram,2024-10-05,18-24,Female,Chicago,United States,Premium,94.91
CUST-000246,Email,2024-10-06,55+,Female,Melbourne,Australia,Free,27.14
CUST-000498,Email,2024-10-06,45-54,Male,Chicago,United States,Basic,44.22
CUST-003707,Email,2024-10-06,25-34,Male,Toronto,Canada,Premium,125.62
CUST-005695,Email,2024-10-07,18-24,Male,Delhi,India,Premium,84.39
CUST-003684,Email,2024-10-07,25-34,Female,Mumbai,India,Basic,69.28
CUST-000861,Affiliate,2024-10-07,18-24,Male,Birmingham,United Kingdom,Basic,48.63
CUST-001389,Email,2024-10-07,35-44,Female,Sydney,Australia,Free,18.62
CUST-002403,Email,2024-10-07,18-24,Female,Chicago,United States,Basic,64.42
CUST-000199,Email,2024-10-07,45-54,Female,Birmingham,United Kingdom,Basic,37.81
CUST-002307,Email,2024-10-07,35-44,Male,Mumbai,India,Premium,101.36
CUST-003199,Google Ads,2024-10-08,35-44,Male,Mumbai,India,Basic,49.46
CUST-001507,Instagram,2024-10-08,18-24,Male,Delhi,India,Basic,33.38
CUST-002594,Google Ads,2024-10-08,35-44,Male,Mumbai,India,Free,16.63
CUST-004208,Email,2024-10-08,45-54,Female,New York,United States,Free,27.0
CUST-000311,Affiliate,2024-10-08,18-24,Female,Mumbai,India,Free,17.91
CUST-002053,Email,2024-10-08,45-54,Male,Montreal,Canada,Premium,91.6
CUST-003692,Email,2024-10-08,18-24,Male,Mumbai,India,Basic,21.1
CUST-003899,Organic,2024-10-08,45-54,Female,Chicago,United States,Basic,42.74
CUST-002700,Email,2024-10-08,25-34,Male,London,United Kingdom,Premium,79.15
CUST-005438,Email,2024-10-09,35-44,Male,Chicago,United States,Free,14.68
CUST-004191,Email,2024-10-09,55+,Female,Montreal,Canada,Premium,127.33
CUST-000627,Google Ads,2024-10-09,18-24,Male,Pune,India,Premium,82.43
CUST-000514,Email,2024-10-09,18-24,Male,Manchester,United Kingdom,Basic,46.96
CUST-005549,Google Ads,2024-10-09,25-34,Male,Sydney,Australia,Premium,112.74
CUST-000571,Email,2024-10-10,18-24,Male,Melbourne,Australia,Free,18.07
CUST-000446,Email,2024-10-10,45-54,Female,Sydney,Australia,Basic,51.31
CUST-004732,Email,2024-10-10,55+,Female,Montreal,Canada,Free,7.06
CUST-000253,Google Ads,2024-10-10,35-44,Female,Sydney,Australia,Basic,45.06
CUST-003545,Google Ads,2024-10-10,25-34,Male,New York,United States,Premium,84.96
CUST-003660,Organic,2024-10-10,18-24,Female,Delhi,India,Basic,48.06
CUST-004959,Google Ads,2024-10-10,45-54,Male,Los Angeles,United States,Enterprise,192.04
CUST-002848,Google Ads,2024-10-10,55+,Male,Los Angeles,United States,Free,27.74
CUST-004490,Email,2024-10-10,25-34,Female,Sydney,Australia,Premium,76.09
CUST-001703,Google Ads,2024-10-11,18-24,Other,New York,United States,Free,13.82
CUST-001856,Instagram,2024-10-11,18-24,Female,Manchester,United Kingdom,Basic,23.57
CUST-002737,Google Ads,2024-10-11,25-34,Male,Delhi,India,Premium,89.76
CUST-000697,Google Ads,2024-10-11,45-54,Male,Pune,India,Free,26.41
CUST-001391,Instagram,2024-10-11,45-54,Male,Seattle,United States,Free,18.0
CUST-001172,Email,2024-10-11,25-34,Female,Montreal,Canada,Free,29.28
CUST-000651,Email,2024-10-12,45-54,Male,Manchester,United Kingdom,Basic,35.05
CUST-003491,Google Ads,2024-10-12,18-24,Male,New York,United States,Basic,27.68
CUST-002599,Google Ads,2024-10-12,45-54,Female,Los Angeles,United States,Premium,93.99
CUST-003054,Google Ads,2024-10-12,55+,Male,Melbourne,Australia,Basic,48.58
CUST-003941,Email,2024-10-12,25-34,Female,Mumbai,India,Premium,121.31
CUST-001712,Instagram,2024-10-12,55+,Male,Los Angeles,United States,Enterprise,285.88
CUST-000516,Google Ads,2024-10-12,35-44,Female,Chicago,United States,Free,24.68
CUST-004509,Google Ads,2024-10-12,35-44,Male,Delhi,India,Enterprise,244.02
CUST-000870,Instagram,2024-10-12,18-24,Male,Seattle,United States,Basic,50.89
CUST-004460,Google Ads,2024-10-13,45-54,Female,Austin,United States,Basic,39.14
CUST-003894,Email,2024-10-13,18-24,Female,Mumbai,India,Free,25.27
CUST-000727,Email,2024-10-13,18-24,Male,New York,United States,Basic,31.14
CUST-000708,Google Ads,2024-10-14,45-54,Male,Bengaluru,India,Free,20.75
CUST-004414,Email,2024-10-14,55+,Male,Toronto,Canada,Enterprise,215.57
CUST-003793,Email,2024-10-14,25-34,Female,Manchester,United Kingdom,Premium,96.03
CUST-001287,Google Ads,2024-10-14,35-44,Female,Bengaluru,India,Basic,35.63
CUST-000631,Google Ads,2024-10-14,25-34,Female,Chicago,United States,Enterprise,193.62
CUST-003362,Affiliate,2024-10-14,25-34,Male,Delhi,India,Basic,72.33
CUST-000141,Google Ads,2024-10-14,25-34,Male,Toronto,Canada,Basic,54.67
CUST-000706,Instagram,2024-10-14,45-54,Female,London,United Kingdom,Free,35.79
CUST-001056,Google Ads,2024-10-14,25-34,Female,Vancouver,Canada,Basic,44.14
CUST-005205,Google Ads,2024-10-14,25-34,Female,Montreal,Canada,Free,18.33
CUST-002171,Google Ads,2024-10-14,35-44,Male,Birmingham,United Kingdom,Premium,57.66
CUST-005278,Email,2024-10-14,25-34,Female,Mumbai,India,Basic,39.2
CUST-001542,Email,2024-10-14,18-24,Female,New York,United States,Free,17.62
CUST-001166,Email,2024-10-14,45-54,Male,Montreal,Canada,Basic,48.29
CUST-004548,Google Ads,2024-10-14,18-24,Female,Mumbai,India,Enterprise,235.37
CUST-002963,Google Ads,2024-10-14,35-44,Male,Sydney,Australia,Free,18.88
CUST-000720,Email,2024-10-15,35-44,Female,Bengaluru,India,Basic,41.95
CUST-001014,Google Ads,2024-10-15,18-24,Other,Birmingham,United Kingdom,Basic,40.79
CUST-005167,Instagram,2024-10-15,25-34,Male,Toronto,Canada,Free,17.92
CUST-004533,Email,2024-10-15,25-34,Female,Seattle,United States,Premium,137.2
CUST-000502,Email,2024-10-15,18-24,Female,Chicago,United States,Premium,69.83
CUST-003777,Affiliate,2024-10-15,55+,Female,Manchester,United Kingdom,Free,22.65
CUST-000779,Email,2024-10-15,45-54,Female,Los Angeles,United States,Free,24.8
CUST-001395,Email,2024-10-15,25-34,Male,Birmingham,United Kingdom,Basic,43.94
CUST-001885,Email,2024-10-15,35-44,Male,Chicago,United States,Basic,28.31
CUST-005363,Email,2024-10-15,25-34,Female,Sydney,Australia,Basic,38.45
CUST-005112,Instagram,2024-10-15,25-34,Other,Mumbai,India,Free,12.71
CUST-001160,Email,2024-10-15,55+,Female,Mumbai,India,Basic,61.49
CUST-000883,Instagram,2024-10-15,18-24,Female,Mumbai,India,Free,24.03
CUST-005635,Google Ads,2024-10-15,25-34,Male,Delhi,India,Basic,28.9
CUST-002279,Email,2024-10-16,25-34,Female,Melbourne,Australia,Premium,132.77
CUST-005250,Affiliate,2024-10-16,35-44,Female,Delhi,India,Premium,132.26
CUST-005916,Email,2024-10-16,18-24,Male,New York,United States,Free,33.84
CUST-005277,Email,2024-10-16,18-24,Female,Montreal,Canada,Enterprise,171.73
CUST-001103,Google Ads,2024-10-16,35-44,Male,Los Angeles,United States,Basic,40.04
CUST-003182,Instagram,2024-10-16,35-44,Male,Delhi,India,Free,24.84
CUST-004846,Affiliate,2024-10-16,35-44,Female,New York,United States,Premium,104.89
CUST-005121,Email,2024-10-16,18-24,Male,Seattle,United States,Premium,89.93
CUST-000709,Affiliate,2024-10-16,55+,Female,Delhi,India,Basic,54.24
CUST-002815,Email,2024-10-16,18-24,Male,Melbourne,Australia,Free,20.47
CUST-003427,Google Ads,2024-10-16,35-44,Female,Los Angeles,United States,Basic,37.66
CUST-004308,Google Ads,2024-10-17,35-44,Male,Delhi,India,Basic,50.86
CUST-001363,Google Ads,2024-10-17,25-34,Female,Delhi,India,Free,26.25
CUST-004774,Instagram,2024-10-17,45-54,Female,Birmingham,United Kingdom,Free,25.39
CUST-005967,Email,2024-10-17,25-34,Female,Chicago,United States,Basic,61.14
CUST-001503,Email,2024-10-17,45-54,Male,Delhi,India,Basic,48.4
CUST-001666,Google Ads,2024-10-17,18-24,Male,Vancouver,Canada,Premium,88.43
CUST-002944,Google Ads,2024-10-17,18-24,Female,Los Angeles,United States,Basic,40.11
CUST-001255,Google Ads,2024-10-17,35-44,Male,Austin,United States,Basic,26.84
CUST-002845,Google Ads,2024-10-17,35-44,Female,Seattle,United States,Enterprise,267.29
CUST-001170,Email,2024-10-17,35-44,Female,New York,United States,Premium,59.92
CUST-003417,Email,2024-10-17,25-34,Male,Los Angeles,United States,Premium,109.04
CUST-000925,Google Ads,2024-10-18,25-34,Female,Melbourne,Australia,Free,16.8
CUST-001569,Email,2024-10-18,35-44,Male,Austin,United States,Enterprise,271.67
CUST-002080,Google Ads,2024-10-18,45-54,Female,Austin,United States,Basic,49.05
CUST-005059,Instagram,2024-10-18,45-54,Female,Manchester,United Kingdom,Basic,65.63
CUST-001340,Email,2024-10-18,35-44,Female,Manchester,United Kingdom,Basic,45.03
CUST-002354,Google Ads,2024-10-18,18-24,Female,Delhi,India,Enterprise,260.17
CUST-004481,Email,2024-10-18,25-34,Female,Mumbai,India,Premium,96.68
CUST-004002,Google Ads,2024-10-18,18-24,Male,Austin,United States,Premium,115.28
CUST-002087,Email,2024-10-18,18-24,Male,Montreal,Canada,Basic,34.91
CUST-004755,Email,2024-10-18,35-44,Female,Chicago,United States,Free,27.43
CUST-002427,Google Ads,2024-10-19,35-44,Male,Los Angeles,United States,Free,20.1
CUST-003247,Google Ads,2024-10-19,55+,Female,Delhi,India,Enterprise,152.46
CUST-000842,Google Ads,2024-10-19,18-24,Female,Chicago,United States,Basic,46.19
CUST-004693,Google Ads,2024-10-19,25-34,Male,Sydney,Australia,Basic,53.24
CUST-000185,Email,2024-10-19,25-34,Female,London,United Kingdom,Premium,101.66
CUST-000458,Email,2024-10-19,55+,Female,Seattle,United States,Enterprise,205.73
CUST-003008,Google Ads,2024-10-19,25-34,Male,Seattle,United States,Enterprise,308.13
CUST-005323,Google Ads,2024-10-19,18-24,Female,Montreal,Canada,Free,18.69
CUST-003508,Email,2024-10-19,35-44,Female,Austin,United States,Basic,49.88
CUST-000324,Email,2024-10-19,18-24,Female,Toronto,Canada,Enterprise,231.3
CUST-002644,Organic,2024-10-19,35-44,Female,Los Angeles,United States,Basic,28.96
CUST-004023,Google Ads,2024-10-19,25-34,Female,Bengaluru,India,Enterprise,261.46
CUST-001468,Email,2024-10-19,45-54,Female,Austin,United States,Premium,141.32
CUST-002392,Google Ads,2024-10-20,35-44,Male,Bengaluru,India,Basic,63.28
CUST-003275,Google Ads,2024-10-20,18-24,Female,Vancouver,Canada,Premium,65.69
CUST-000686,Email,2024-10-20,25-34,Female,Delhi,India,Basic,44.62
CUST-001432,Google Ads,2024-10-20,25-34,Male,Los Angeles,United States,Free,18.81
CUST-000991,Email,2024-10-20,35-44,Female,Vancouver,Canada,Enterprise,209.41
CUST-003815,Google Ads,2024-10-20,18-24,Female,Chicago,United States,Enterprise,259.98
CUST-001975,Email,2024-10-20,18-24,Female,Melbourne,Australia,Free,18.41
CUST-000224,Email,2024-10-20,55+,Female,Los Angeles,United States,Premium,107.73
CUST-000420,Google Ads,2024-10-20,35-44,Female,London,United Kingdom,Premium,111.01
CUST-003992,Email,2024-10-20,55+,Female,Pune,India,Premium,46.65
CUST-000645,Google Ads,2024-10-20,25-34,Female,Birmingham,United Kingdom,Premium,115.11
CUST-004528,Email,2024-10-21,25-34,Female,Austin,United States,Basic,59.51
CUST-003765,Email,2024-10-21,55+,Male,Mumbai,India,Premium,75.08
CUST-005160,Email,2024-10-21,45-54,Male,Delhi,India,Enterprise,219.0
CUST-003168,Email,2024-10-21,45-54,Male,Austin,United States,Premium,109.57
CUST-002501,Organic,2024-10-21,25-34,Male,Bengaluru,India,Basic,39.78
CUST-001142,Email,2024-10-21,18-24,Male,Birmingham,United Kingdom,Basic,48.45
CUST-005636,Email,2024-10-21,35-44,Female,Seattle,United States,Premium,60.01
CUST-003319,Email,2024-10-21,25-34,Male,Los Angeles,United States,Enterprise,218.76
CUST-001699,Email,2024-10-21,25-34,Female,Delhi,India,Basic,49.27
CUST-001806,Google Ads,2024-10-21,55+,Female,Sydney,Australia,Free,30.27
CUST-004078,Email,2024-10-22,18-24,Female,New York,United States,Enterprise,216.03
CUST-003435,Email,2024-10-22,35-44,Female,Montreal,Canada,Enterprise,217.04
CUST-002428,Google Ads,2024-10-22,18-24,Male,Vancouver,Canada,Basic,51.4
CUST-004033,Google Ads,2024-10-22,45-54,Female,Manchester,United Kingdom,Premium,110.35
CUST-004244,Email,2024-10-22,45-54,Female,Bengaluru,India,Basic,34.88
CUST-003321,Organic,2024-10-22,18-24,Female,Sydney,Australia,Free,27.54
CUST-004942,Google Ads,2024-10-22,35-44,Male,Delhi,India,Premium,106.99
CUST-004173,Google Ads,2024-10-22,25-34,Female,Montreal,Canada,Premium,129.79
CUST-004190,Email,2024-10-22,25-34,Female,Bengaluru,India,Enterprise,312.64
CUST-004134,Email,2024-10-22,35-44,Male,Toronto,Canada,Free,33.37
CUST-004912,Organic,2024-10-22,25-34,Male,Chicago,United States,Premium,93.46
CUST-004336,Email,2024-10-22,18-24,Female,Vancouver,Canada,Premium,52.31
CUST-003953,Email,2024-10-23,25-34,Female,Chicago,United States,Basic,49.35
CUST-003779,Google Ads,2024-10-23,25-34,Female,Bengaluru,India,Premium,83.46
CUST-003618,Email,2024-10-23,35-44,Female,Seattle,United States,Premium,117.81
CUST-001996,Email,2024-10-23,18-24,Female,Los Angeles,United States,Premium,78.06
CUST-000328,Google Ads,2024-10-23,55+,Other,Mumbai,India,Free,25.17
CUST-000634,Email,2024-10-23,25-34,Male,Melbourne,Australia,Premium,86.69
CUST-003213,Google Ads,2024-10-23,35-44,Female,Austin,United States,Basic,47.93
CUST-005724,Google Ads,2024-10-23,18-24,Female,Montreal,Canada,Enterprise,429.73
CUST-000433,Google Ads,2024-10-23,35-44,Male,Chicago,United States,Basic,40.97
CUST-002355,Email,2024-10-24,35-44,Male,Los Angeles,United States,Basic,55.51
CUST-004700,Email,2024-10-24,35-44,Female,Melbourne,Australia,Premium,86.17
CUST-004906,Email,2024-10-24,55+,Male,Manchester,United Kingdom,Premium,86.3
CUST-003442,Google Ads,2024-10-24,18-24,Male,Montreal,Canada,Premium,101.03
CUST-002434,Email,2024-10-24,45-54,Male,Montreal,Canada,Free,30.71
CUST-005974,Affiliate,2024-10-24,25-34,Male,Austin,United States,Enterprise,247.48
CUST-003418,Instagram,2024-10-24,45-54,Male,London,United Kingdom,Enterprise,286.52
CUST-002889,Email,2024-10-25,25-34,Female,Montreal,Canada,Basic,51.53
CUST-002032,Google Ads,2024-10-25,45-54,Female,Sydney,Australia,Premium,110.19
CUST-002793,Google Ads,2024-10-25,45-54,Other,Los Angeles,United States,Free,22.78
CUST-000773,Email,2024-10-25,35-44,Male,London,United Kingdom,Premium,125.3
CUST-005097,Email,2024-10-25,18-24,Female,Los Angeles,United States,Basic,42.67
CUST-002374,Organic,2024-10-25,25-34,Male,Seattle,United States,Free,25.73
CUST-003737,Email,2024-10-25,55+,Female,Pune,India,Basic,52.61
CUST-001598,Affiliate,2024-10-25,18-24,Male,Pune,India,Free,19.28
CUST-000990,Affiliate,2024-10-25,35-44,Female,New York,United States,Free,28.48
CUST-005310,Email,2024-10-25,35-44,Male,Chicago,United States,Premium,101.32
CUST-003030,Google Ads,2024-10-25,35-44,Female,Vancouver,Canada,Free,17.47
CUST-000662,Email,2024-10-25,25-34,Female,Pune,India,Free,19.9
CUST-005475,Google Ads,2024-10-25,35-44,Female,London,United Kingdom,Free,22.54
CUST-003648,Google Ads,2024-10-26,25-34,Male,New York,United States,Premium,106.7
CUST-005837,Email,2024-10-26,55+,Female,Toronto,Canada,Premium,133.8
CUST-001098,Email,2024-10-26,25-34,Other,Seattle,United States,Premium,96.65
CUST-000733,Google Ads,2024-10-26,35-44,Male,Montreal,Canada,Basic,26.29
CUST-004037,Email,2024-10-26,18-24,Male,London,United Kingdom,Free,30.26
CUST-004228,Google Ads,2024-10-26,35-44,Female,Vancouver,Canada,Free,17.51
CUST-005867,Email,2024-10-26,25-34,Male,Los Angeles,United States,Premium,93.34
CUST-000902,Email,2024-10-27,35-44,Female,Austin,United States,Basic,41.21
CUST-005966,Email,2024-10-27,35-44,Female,Birmingham,United Kingdom,Premium,126.7
CUST-001872,Email,2024-10-27,45-54,Male,New York,United States,Premium,77.7
CUST-004734,Google Ads,2024-10-27,25-34,Female,Manchester,United Kingdom,Premium,90.87
CUST-002993,Google Ads,2024-10-27,25-34,Female,Seattle,United States,Premium,88.21
CUST-002345,Organic,2024-10-27,55+,Male,Pune,India,Basic,49.87
CUST-001705,Email,2024-10-27,18-24,Female,Pune,India,Basic,47.47
CUST-002438,Google Ads,2024-10-27,45-54,Male,Bengaluru,India,Free,22.61
CUST-003165,Email,2024-10-27,18-24,Male,Austin,United States,Premium,89.09
CUST-004358,Google Ads,2024-10-28,25-34,Male,Sydney,Australia,Enterprise,331.81
CUST-000233,Google Ads,2024-10-28,35-44,Male,Los Angeles,United States,Free,23.92
CUST-000835,Email,2024-10-28,35-44,Female,Sydney,Australia,Basic,36.85
CUST-000466,Google Ads,2024-10-28,35-44,Male,Delhi,India,Basic,35.68
CUST-002708,Google Ads,2024-10-28,25-34,Male,Los Angeles,United States,Basic,60.46
CUST-000507,Email,2024-10-28,25-34,Female,Montreal,Canada,Premium,103.99
CUST-005932,Email,2024-10-28,35-44,Male,Montreal,Canada,Premium,94.18
CUST-002319,Organic,2024-10-28,35-44,Male,Seattle,United States,Basic,52.58
CUST-005417,Google Ads,2024-10-28,35-44,Female,Chicago,United States,Free,23.74
CUST-001767,Email,2024-10-28,55+,Male,Montreal,Canada,Basic,37.09
CUST-004135,Email,2024-10-28,25-34,Female,Delhi,India,Premium,101.6
CUST-002196,Google Ads,2024-10-28,35-44,Male,Austin,United States,Premium,63.61
CUST-000952,Affiliate,2024-10-29,18-24,Male,Seattle,United States,Premium,89.12
CUST-005257,Email,2024-10-29,18-24,Female,Melbourne,Australia,Premium,79.22
CUST-001372,Google Ads,2024-10-29,18-24,Male,Pune,India,Premium,119.44
CUST-003601,Affiliate,2024-10-29,35-44,Female,Austin,United States,Premium,104.06
CUST-004691,Email,2024-10-29,18-24,Female,Birmingham,United Kingdom,Premium,72.11
CUST-002601,Instagram,2024-10-29,25-34,Male,Pune,India,Basic,41.05
CUST-005898,Google Ads,2024-10-29,45-54,Male,Delhi,India,Premium,108.98
CUST-002239,Email,2024-10-29,18-24,Female,Bengaluru,India,Basic,58.91
CUST-000764,Google Ads,2024-10-29,25-34,Male,Los Angeles,United States,Free,20.28
CUST-001877,Email,2024-10-29,25-34,Male,Chicago,United States,Basic,56.98
CUST-003874,Google Ads,2024-10-29,25-34,Male,New York,United States,Free,20.81
CUST-005440,Google Ads,2024-10-29,45-54,Male,Los Angeles,United States,Basic,46.16
CUST-000219,Email,2024-10-30,55+,Female,Pune,India,Free,23.3
CUST-002852,Instagram,2024-10-30,45-54,Male,New York,United States,Free,21.66
CUST-004696,Google Ads,2024-10-30,35-44,Female,New York,United States,Free,24.2
CUST-003661,Email,2024-10-30,18-24,Male,New York,United States,Premium,97.3
CUST-001346,Email,2024-10-30,18-24,Male,Austin,United States,Basic,64.31
CUST-005587,Email,2024-10-30,35-44,Female,Pune,India,Basic,59.76
CUST-000518,Affiliate,2024-10-30,35-44,Female,Melbourne,Australia,Premium,109.18
CUST-003388,Google Ads,2024-10-30,25-34,Female,Pune,India,Basic,30.56
CUST-005845,Google Ads,2024-10-30,45-54,Other,Sydney,Australia,Basic,55.35
CUST-005269,Email,2024-10-30,25-34,Male,Sydney,Australia,Free,31.98
CUST-000788,Email,2024-10-30,25-34,Male,London,United Kingdom,Free,27.26
CUST-000045,Google Ads,2024-10-30,18-24,Female,Melbourne,Australia,Basic,49.8
CUST-001583,Google Ads,2024-10-31,35-44,Female,Sydney,Australia,Premium,102.32
CUST-003185,Email,2024-10-31,25-34,Male,Birmingham,United Kingdom,Basic,43.23
CUST-000607,Google Ads,2024-10-31,35-44,Female,Austin,United States,Premium,65.27
CUST-002113,Google Ads,2024-10-31,35-44,Male,Vancouver,Canada,Enterprise,172.15
CUST-003636,Organic,2024-10-31,18-24,Female,Austin,United States,Free,20.8
CUST-001413,Google Ads,2024-10-31,45-54,Male,Sydney,Australia,Basic,56.94
CUST-002389,TikTok,2024-10-31,25-34,Female,New York,United States,Free,23.72
CUST-001440,Google Ads,2024-10-31,45-54,Female,Austin,United States,Basic,40.53
CUST-004265,Instagram,2024-10-31,25-34,Female,Seattle,United States,Free,31.26
CUST-000457,Google Ads,2024-11-01,25-34,Male,Los Angeles,United States,Enterprise,126.08
CUST-003395,Google Ads,2024-11-01,18-24,Male,Birmingham,United Kingdom,Premium,94.07
CUST-001186,Instagram,2024-11-01,45-54,Female,Birmingham,United Kingdom,Free,11.39
CUST-002586,Google Ads,2024-11-01,55+,Female,Bengaluru,India,Premium,109.7
CUST-004799,Instagram,2024-11-01,55+,Female,Delhi,India,Basic,74.45
CUST-004119,Email,2024-11-02,35-44,Female,Austin,United States,Basic,59.75
CUST-001533,Organic,2024-11-02,45-54,Female,Sydney,Australia,Free,19.72
CUST-000404,Google Ads,2024-11-02,35-44,Female,Birmingham,United Kingdom,Free,24.54
CUST-004076,Instagram,2024-11-02,18-24,Male,Chicago,United States,Basic,47.4
CUST-000672,Email,2024-11-02,25-34,Male,Montreal,Canada,Premium,82.45
CUST-004750,Instagram,2024-11-02,25-34,Male,Melbourne,Australia,Basic,51.0
CUST-000959,Google Ads,2024-11-02,25-34,Female,Sydney,Australia,Basic,41.35
CUST-001579,Email,2024-11-02,45-54,Female,Chicago,United States,Free,21.69
CUST-005808,Email,2024-11-02,25-34,Male,London,United Kingdom,Premium,54.66
CUST-000540,Google Ads,2024-11-02,35-44,Male,Austin,United States,Basic,29.16
CUST-002556,TikTok,2024-11-02,18-24,Male,Delhi,India,Basic,38.29
CUST-000536,Google Ads,2024-11-02,25-34,Male,London,United Kingdom,Enterprise,219.65
CUST-002975,Email,2024-11-02,25-34,Female,Mumbai,India,Premium,50.58
CUST-005266,Email,2024-11-02,18-24,Male,Seattle,United States,Premium,90.46
CUST-005816,Instagram,2024-11-02,25-34,Male,Montreal,Canada,Premium,110.31
CUST-001167,Email,2024-11-02,45-54,Male,Seattle,United States,Free,20.11
CUST-004503,Google Ads,2024-11-02,18-24,Male,Manchester,United Kingdom,Free,17.48
CUST-003785,Email,2024-11-02,35-44,Other,Bengaluru,India,Free,22.65
CUST-000809,Email,2024-11-02,18-24,Female,Seattle,United States,Free,27.86
CUST-003243,Google Ads,2024-11-02,25-34,Female,New York,United States,Premium,91.96
CUST-005750,Google Ads,2024-11-02,35-44,Female,Sydney,Australia,Free,18.84
CUST-000689,Email,2024-11-03,25-34,Male,Mumbai,India,Free,20.29
CUST-000046,Google Ads,2024-11-03,45-54,Female,Austin,United States,Premium,91.61
CUST-003293,Affiliate,2024-11-03,18-24,Female,Montreal,Canada,Basic,50.8
CUST-002552,Email,2024-11-03,45-54,Male,Vancouver,Canada,Basic,33.48
CUST-000528,Email,2024-11-03,18-24,Female,Pune,India,Premium,119.92
CUST-001720,Instagram,2024-11-03,18-24,Female,London,United Kingdom,Free,24.21
CUST-004811,Google Ads,2024-11-03,35-44,Female,Delhi,India,Premium,75.79
CUST-000610,Instagram,2024-11-03,25-34,Female,New York,United States,Free,21.46
CUST-000882,Email,2024-11-03,18-24,Female,Austin,United States,Basic,43.84
CUST-005400,Email,2024-11-03,18-24,Male,Mumbai,India,Premium,69.36
CUST-003133,Email,2024-11-03,35-44,Female,Sydney,Australia,Basic,55.49
CUST-001913,Email,2024-11-03,25-34,Female,Los Angeles,United States,Basic,35.81
CUST-002347,Google Ads,2024-11-03,25-34,Male,Austin,United States,Premium,112.97
CUST-002202,Instagram,2024-11-03,18-24,Male,Manchester,United Kingdom,Basic,36.95
CUST-004287,Google Ads,2024-11-03,18-24,Male,Los Angeles,United States,Premium,119.01
CUST-003587,Email,2024-11-03,35-44,Male,New York,United States,Premium,73.12
CUST-005622,Email,2024-11-03,35-44,Male,Montreal,Canada,Basic,40.85
CUST-002819,Google Ads,2024-11-03,25-34,Female,Mumbai,India,Free,14.77
CUST-000935,Email,2024-11-03,45-54,Male,Pune,India,Basic,55.32
CUST-003846,Email,2024-11-03,25-34,Female,Mumbai,India,Premium,122.23
CUST-005565,Email,2024-11-03,35-44,Male,Chicago,United States,Enterprise,303.66
CUST-003172,Email,2024-11-03,25-34,Female,Seattle,United States,Basic,39.32
CUST-000515,Email,2024-11-03,45-54,Female,Mumbai,India,Premium,86.03
CUST-000653,Email,2024-11-04,35-44,Female,Chicago,United States,Basic,60.87
CUST-000565,Organic,2024-11-04,45-54,Male,Sydney,Australia,Premium,117.19
CUST-004988,Google Ads,2024-11-04,25-34,Female,Manchester,United Kingdom,Premium,122.41
CUST-003402,Email,2024-11-04,25-34,Female,Seattle,United States,Premium,100.95
CUST-005459,Google Ads,2024-11-04,35-44,Female,New York,United States,Premium,91.74
CUST-001857,TikTok,2024-11-04,35-44,Male,New York,United States,Free,29.05
CUST-003729,Email,2024-11-04,45-54,Male,Birmingham,United Kingdom,Premium,86.42
CUST-005797,Email,2024-11-04,18-24,Female,Sydney,Australia,Basic,27.72
CUST-005356,Google Ads,2024-11-05,18-24,Female,New York,United States,Free,17.39
CUST-000275,Instagram,2024-11-05,18-24,Male,Seattle,United States,Free,13.9
CUST-002917,Email,2024-11-05,35-44,Male,Montreal,Canada,Premium,85.28
CUST-001752,TikTok,2024-11-05,25-34,Female,Birmingham,United Kingdom,Free,20.94
CUST-002067,Google Ads,2024-11-05,18-24,Other,Manchester,United Kingdom,Basic,64.42
CUST-003799,Google Ads,2024-11-05,35-44,Female,London,United Kingdom,Basic,43.6
CUST-003259,Affiliate,2024-11-05,25-34,Female,Seattle,United States,Basic,36.16
CUST-005788,Email,2024-11-05,35-44,Female,Manchester,United Kingdom,Basic,53.17
CUST-005195,Email,2024-11-05,25-34,Male,Melbourne,Australia,Free,20.48
CUST-002473,Affiliate,2024-11-05,25-34,Male,Toronto,Canada,Premium,111.18
CUST-002663,Google Ads,2024-11-05,25-34,Male,Pune,India,Premium,144.25
CUST-002249,Google Ads,2024-11-05,18-24,Male,Los Angeles,United States,Basic,41.65
CUST-005689,Email,2024-11-05,45-54,Male,Chicago,United States,Free,18.04
CUST-001280,Email,2024-11-06,35-44,Male,Pune,India,Basic,38.65
CUST-003403,Instagram,2024-11-06,25-34,Other,New York,United States,Basic,36.12
CUST-005335,TikTok,2024-11-06,25-34,Male,Melbourne,Australia,Basic,53.93
CUST-004325,Email,2024-11-06,18-24,Female,Manchester,United Kingdom,Basic,58.64
CUST-000251,Email,2024-11-06,18-24,Male,Seattle,United States,Premium,83.4
CUST-000897,Google Ads,2024-11-06,25-34,Female,New York,United States,Free,30.46
CUST-004310,Email,2024-11-06,35-44,Female,Chicago,United States,Basic,71.6
CUST-004606,Google Ads,2024-11-06,18-24,Male,Los Angeles,United States,Premium,61.84
CUST-002825,Email,2024-11-06,25-34,Female,Los Angeles,United States,Enterprise,231.98
CUST-003244,Instagram,2024-11-06,18-24,Female,Sydney,Australia,Premium,123.46
CUST-001793,Google Ads,2024-11-06,35-44,Male,New York,United States,Enterprise,207.51
CUST-003617,Instagram,2024-11-06,25-34,Female,Vancouver,Canada,Premium,79.5
CUST-005139,Email,2024-11-06,25-34,Male,Austin,United States,Basic,51.81
CUST-002271,Email,2024-11-06,25-34,Female,Los Angeles,United States,Basic,33.96
CUST-003668,TikTok,2024-11-06,45-54,Female,Bengaluru,India,Free,21.31
CUST-001600,Google Ads,2024-11-06,55+,Female,Toronto,Canada,Free,17.72
CUST-003040,Affiliate,2024-11-06,25-34,Female,Chicago,United States,Premium,98.81
CUST-004062,Organic,2024-11-06,35-44,Female,Montreal,Canada,Premium,103.7
CUST-003998,Email,2024-11-06,25-34,Male,Melbourne,Australia,Premium,109.53
CUST-003502,Email,2024-11-06,35-44,Female,London,United Kingdom,Basic,45.66
CUST-001207,Google Ads,2024-11-06,25-34,Female,Seattle,United States,Premium,86.66
CUST-005725,Email,2024-11-07,25-34,Female,Chicago,United States,Basic,44.92
CUST-004163,Email,2024-11-07,25-34,Male,Birmingham,United Kingdom,Basic,50.25
CUST-001026,TikTok,2024-11-07,35-44,Male,Bengaluru,India,Free,25.86
CUST-004312,Email,2024-11-07,35-44,Male,Birmingham,United Kingdom,Basic,41.46
CUST-000160,Instagram,2024-11-07,55+,Female,Pune,India,Free,25.42
CUST-005972,Google Ads,2024-11-07,55+,Female,Chicago,United States,Free,17.89
CUST-003873,Email,2024-11-07,35-44,Female,Seattle,United States,Basic,59.64
CUST-000267,Email,2024-11-07,18-24,Male,Delhi,India,Basic,38.77
CUST-004083,Email,2024-11-08,25-34,Male,Melbourne,Australia,Basic,45.48
CUST-003169,Instagram,2024-11-08,18-24,Male,Delhi,India,Free,28.03
CUST-001881,Instagram,2024-11-08,25-34,Female,Vancouver,Canada,Basic,62.04
CUST-004050,Email,2024-11-08,25-34,Male,Bengaluru,India,Free,6.91
CUST-005283,Email,2024-11-08,35-44,Male,Austin,United States,Basic,68.42
CUST-002913,Google Ads,2024-11-08,35-44,Male,Austin,United States,Enterprise,208.94
CUST-005876,Email,2024-11-08,45-54,Male,London,United Kingdom,Basic,49.92
CUST-003689,Google Ads,2024-11-08,18-24,Male,Birmingham,United Kingdom,Enterprise,235.71
CUST-003098,Email,2024-11-08,45-54,Male,Chicago,United States,Basic,61.48
CUST-004294,Email,2024-11-08,25-34,Female,Austin,United States,Basic,57.42
CUST-000464,Organic,2024-11-08,18-24,Male,Chicago,United States,Basic,57.67
CUST-005513,TikTok,2024-11-08,25-34,Male,Seattle,United States,Basic,39.57
CUST-003074,Instagram,2024-11-08,45-54,Female,London,United Kingdom,Basic,68.29
CUST-000946,Google Ads,2024-11-08,,Female,Seattle,United States,Basic,31.23
CUST-005431,Email,2024-11-08,35-44,Male,Pune,India,Basic,38.21
CUST-003136,Email,2024-11-08,35-44,Male,Vancouver,Canada,Premium,98.95
CUST-004837,Email,2024-11-08,25-34,Female,Chicago,United States,Premium,77.41
CUST-004071,Email,2024-11-09,25-34,Female,Pune,India,Basic,39.12
CUST-002699,Email,2024-11-09,25-34,Female,Austin,United States,Premium,124.27
CUST-004572,Instagram,2024-11-09,45-54,Female,Los Angeles,United States,Free,15.48
CUST-003493,Email,2024-11-09,55+,Female,Los Angeles,United States,Free,19.79
CUST-004494,Email,2024-11-09,35-44,Male,Austin,United States,Free,23.38
CUST-002150,Email,2024-11-09,18-24,Male,New York,United States,Basic,60.82
CUST-005133,Email,2024-11-09,18-24,Female,Los Angeles,United States,Premium,82.33
CUST-003663,Google Ads,2024-11-09,18-24,Male,Mumbai,India,Free,31.94
CUST-002088,Google Ads,2024-11-09,35-44,Male,Manchester,United Kingdom,Premium,89.59
CUST-001566,Email,2024-11-09,25-34,Female,Pune,India,Premium,103.85
CUST-000395,Google Ads,2024-11-09,18-24,Female,New York,United States,Free,21.0
CUST-001201,Email,2024-11-09,35-44,Male,Birmingham,United Kingdom,Premium,83.76
CUST-000159,Email,2024-11-09,25-34,Other,Pune,India,Basic,53.21
CUST-003286,Google Ads,2024-11-09,18-24,Female,Bengaluru,India,Premium,132.77
CUST-004636,Email,2024-11-09,55+,Female,Montreal,Canada,Free,26.89
CUST-000075,Email,2024-11-09,35-44,Female,Seattle,United States,Basic,44.15
CUST-003105,Instagram,2024-11-09,45-54,Female,Mumbai,India,Premium,92.06
CUST-002656,Email,2024-11-10,55+,Male,Toronto,Canada,Free,24.79
CUST-003114,TikTok,2024-11-10,55+,Female,Montreal,Canada,Free,10.61
CUST-000529,Google Ads,2024-11-10,35-44,Female,New York,United States,Basic,45.66
CUST-000060,Google Ads,2024-11-10,35-44,Female,Melbourne,Australia,Basic,62.23
CUST-005729,TikTok,2024-11-10,25-34,Male,Montreal,Canada,Free,17.25
CUST-002096,Google Ads,2024-11-10,35-44,Female,Chicago,United States,Basic,43.21
CUST-005945,Email,2024-11-10,55+,Female,Seattle,United States,Premium,95.58
CUST-005578,Email,2024-11-10,25-34,Female,Sydney,Australia,Basic,39.88
CUST-005415,Email,2024-11-10,55+,Other,Manchester,United Kingdom,Premium,98.42
CUST-002287,Email,2024-11-11,45-54,Male,Delhi,India,Premium,91.52
CUST-005173,Email,2024-11-11,18-24,Male,Los Angeles,United States,Premium,78.45
CUST-002483,Email,2024-11-11,55+,Female,Los Angeles,United States,Basic,57.07
CUST-004289,Email,2024-11-11,18-24,Male,Delhi,India,Basic,38.58
CUST-004659,Email,2024-11-11,25-34,Female,Austin,United States,Basic,38.65
CUST-003144,TikTok,2024-11-11,35-44,Male,Bengaluru,India,Free,24.09
CUST-000389,Instagram,2024-11-11,35-44,Male,Chicago,United States,Basic,49.85
CUST-004695,Google Ads,2024-11-11,35-44,Male,Austin,United States,Basic,16.35
CUST-000722,Email,2024-11-11,25-34,Male,London,United Kingdom,Basic,45.34
CUST-000425,Google Ads,2024-11-11,18-24,Female,Seattle,United States,Free,21.05
CUST-005402,Email,2024-11-11,18-24,Female,Vancouver,Canada,Free,20.56
CUST-005989,Google Ads,2024-11-11,18-24,Male,Austin,United States,Premium,86.52
CUST-000069,Instagram,2024-11-11,35-44,Female,Los Angeles,United States,Enterprise,217.17
CUST-004833,Organic,2024-11-12,35-44,Male,Bengaluru,India,Enterprise,240.18
CUST-003848,Organic,2024-11-12,45-54,Female,New York,United States,Basic,45.95
CUST-005939,Google Ads,2024-11-12,25-34,Male,Austin,United States,Premium,52.69
CUST-002561,TikTok,2024-11-12,25-34,Male,London,United Kingdom,Basic,38.0
CUST-001786,Email,2024-11-12,18-24,Male,Pune,India,Basic,56.93
CUST-004505,Instagram,2024-11-12,55+,Male,Delhi,India,Basic,57.88
CUST-000695,Email,2024-11-12,18-24,Female,London,United Kingdom,Premium,95.07
CUST-002948,TikTok,2024-11-12,35-44,Male,Bengaluru,India,Free,26.41
CUST-002932,Email,2024-11-12,35-44,Female,Chicago,United States,Premium,94.8
CUST-000109,Email,2024-11-12,18-24,Male,Pune,India,Premium,99.95
CUST-004626,Email,2024-11-12,18-24,Male,Mumbai,India,Basic,57.67
CUST-004121,Email,2024-11-12,18-24,Female,London,United Kingdom,Basic,60.8
CUST-005712,Google Ads,2024-11-12,45-54,Male,Seattle,United States,Premium,77.15
CUST-001968,Google Ads,2024-11-12,25-34,Male,Chicago,United States,Basic,43.63
CUST-002894,Google Ads,2024-11-12,25-34,Male,Birmingham,United Kingdom,Free,18.97
CUST-005840,Organic,2024-11-12,55+,Male,Bengaluru,India,Premium,73.68
CUST-003736,Email,2024-11-12,18-24,Female,Pune,India,Free,16.45
CUST-003802,Email,2024-11-12,45-54,Female,Melbourne,Australia,Premium,107.15
CUST-002057,Email,2024-11-13,18-24,Female,New York,United States,Premium,88.79
CUST-003967,Google Ads,2024-11-13,25-34,Female,Mumbai,India,Free,24.91
CUST-005348,Email,2024-11-13,25-34,Male,Birmingham,United Kingdom,Enterprise,160.37
CUST-005192,Instagram,2024-11-13,18-24,Male,London,United Kingdom,Free,20.8
CUST-005884,Google Ads,2024-11-13,18-24,Male,Vancouver,Canada,Basic,45.94
CUST-002300,Google Ads,2024-11-13,25-34,Male,Chicago,United States,Basic,46.58
CUST-001325,TikTok,2024-11-13,18-24,Male,Sydney,Australia,Free,25.5
CUST-002862,Email,2024-11-13,45-54,Female,Los Angeles,United States,Free,5.0
CUST-001092,Google Ads,2024-11-13,55+,Female,Seattle,United States,Enterprise,219.55
CUST-003833,Email,2024-11-13,35-44,Female,London,United Kingdom,Premium,76.47
CUST-003748,Email,2024-11-13,45-54,Male,New York,United States,Free,24.75
CUST-004525,Google Ads,2024-11-13,35-44,Female,Los Angeles,United States,Basic,63.69
CUST-001421,Google Ads,2024-11-13,35-44,Female,London,United Kingdom,Free,23.81
CUST-005758,Google Ads,2024-11-13,25-34,Male,Manchester,United Kingdom,Premium,75.35
CUST-005523,Email,2024-11-13,55+,Male,Mumbai,India,Free,22.34
CUST-002139,Google Ads,2024-11-13,18-24,Male,New York,United States,Free,28.45
CUST-005078,Email,2024-11-13,35-44,Male,Delhi,India,Free,28.83
CUST-000405,Instagram,2024-11-13,25-34,Male,Melbourne,Australia,Free,35.81
CUST-000519,Instagram,2024-11-14,35-44,Female,Toronto,Canada,Free,23.32
CUST-004227,Email,2024-11-14,18-24,Female,Sydney,Australia,Basic,45.58
CUST-002595,Google Ads,2024-11-14,25-34,Male,Seattle,United States,Premium,84.64
CUST-002795,Email,2024-11-14,35-44,Male,New York,United States,Premium,108.33
CUST-003885,Email,2024-11-14,18-24,Male,Delhi,India,Basic,69.56
CUST-002376,Email,2024-11-14,55+,Male,Manchester,United Kingdom,Premium,91.9
CUST-000319,Google Ads,2024-11-14,25-34,Female,Seattle,United States,Basic,64.7
CUST-001676,Email,2024-11-14,45-54,Female,Los Angeles,United States,Premium,124.94
CUST-003762,Affiliate,2024-11-14,45-54,Female,Austin,United States,Free,10.13
CUST-003752,TikTok,2024-11-15,18-24,Other,Austin,United States,Free,23.01
CUST-005733,Email,2024-11-15,18-24,Male,Birmingham,United Kingdom,Free,26.18
CUST-000283,Email,2024-11-15,18-24,Male,Austin,United States,Premium,86.15
CUST-001776,Email,2024-11-15,18-24,Female,Pune,India,Basic,38.48
CUST-000999,Email,2024-11-15,35-44,Male,Los Angeles,United States,Enterprise,237.59
CUST-004383,Email,2024-11-15,35-44,Female,Austin,United States,Premium,49.92
CUST-005264,Email,2024-11-15,45-54,Female,Austin,United States,Free,22.82
CUST-005623,Email,2024-11-15,45-54,Male,Montreal,Canada,Premium,121.29
CUST-000616,Google Ads,2024-11-15,25-34,Male,Montreal,Canada,Premium,102.1
CUST-005168,Google Ads,2024-11-15,25-34,Female,London,United Kingdom,Basic,51.55
CUST-005337,Email,2024-11-15,35-44,Female,Austin,United States,Premium,104.12
CUST-004600,Email,2024-11-15,35-44,Female,Mumbai,India,Premium,64.71
CUST-002988,Google Ads,2024-11-15,25-34,Male,New York,United States,Free,18.73
CUST-004611,Email,2024-11-15,35-44,Female,Seattle,United States,Premium,100.44
CUST-001123,Email,2024-11-15,18-24,Male,London,United Kingdom,Enterprise,214.48
CUST-001356,Email,2024-11-15,25-34,Female,Austin,United States,Free,23.33
CUST-004938,Email,2024-11-16,18-24,Female,Melbourne,Australia,Free,21.74
CUST-001636,Email,2024-11-16,25-34,Male,Chicago,United States,Enterprise,151.52
CUST-005957,TikTok,2024-11-16,18-24,Female,Melbourne,Australia,Free,12.05
CUST-005627,Affiliate,2024-11-16,25-34,Male,New York,United States,Premium,77.05
CUST-001852,Email,2024-11-16,25-34,Male,Delhi,India,Premium,89.43
CUST-005757,Google Ads,2024-11-16,18-24,Female,Los Angeles,United States,Premium,42.54
CUST-000712,Email,2024-11-16,18-24,Female,Birmingham,United Kingdom,Free,24.22
CUST-004897,Google Ads,2024-11-16,18-24,Male,Pune,India,Free,17.8
CUST-002383,Email,2024-11-16,25-34,Male,Seattle,United States,Free,20.0
CUST-003912,Google Ads,2024-11-16,35-44,Female,Chicago,United States,Premium,73.54
CUST-005502,Instagram,2024-11-16,35-44,Female,Melbourne,Australia,Free,22.75
CUST-002533,Email,2024-11-16,35-44,Female,Sydney,Australia,Free,23.53
CUST-001983,Organic,2024-11-16,55+,Male,Austin,United States,Free,18.68
CUST-002918,Email,2024-11-16,55+,Female,Delhi,India,Basic,62.49
CUST-003900,Instagram,2024-11-16,18-24,Male,Vancouver,Canada,Basic,42.13
CUST-003372,Email,2024-11-16,35-44,Female,Los Angeles,United States,Enterprise,238.0
CUST-004388,TikTok,2024-11-16,18-24,Male,New York,United States,Free,19.13
CUST-001465,Google Ads,2024-11-17,18-24,Male,Pune,India,Premium,105.07
CUST-000323,Email,2024-11-17,45-54,Female,Seattle,United States,Basic,52.64
CUST-002895,Email,2024-11-17,18-24,Female,Delhi,India,Free,17.94
CUST-000167,Email,2024-11-17,25-34,Male,Melbourne,Australia,Free,28.9
CUST-004424,Email,2024-11-17,55+,Female,Birmingham,United Kingdom,Premium,113.95
CUST-004924,Google Ads,2024-11-17,35-44,Female,Birmingham,United Kingdom,Enterprise,260.66
CUST-004780,Google Ads,2024-11-17,18-24,Female,Chicago,United States,Free,18.37
CUST-000741,Google Ads,2024-11-17,35-44,Female,Los Angeles,United States,Basic,64.74
CUST-005666,Email,2024-11-17,55+,Male,Sydney,Australia,Premium,102.99
CUST-001911,Google Ads,2024-11-17,25-34,Male,Vancouver,Canada,Free,21.14
CUST-005153,Email,2024-11-17,25-34,Male,Chicago,United States,Basic,42.77
CUST-003337,Email,2024-11-17,25-34,Female,Austin,United States,Free,18.85
CUST-003106,Google Ads,2024-11-17,18-24,Male,Montreal,Canada,Basic,47.82
CUST-004731,Email,2024-11-17,18-24,Male,Birmingham,United Kingdom,Basic,31.07
CUST-003282,Email,2024-11-17,45-54,Male,Birmingham,United Kingdom,Basic,68.52
CUST-002439,Email,2024-11-18,25-34,Male,Mumbai,India,Premium,87.2
CUST-001875,Email,2024-11-18,18-24,Female,Manchester,United Kingdom,Basic,49.93
CUST-004478,Affiliate,2024-11-18,25-34,Male,Los Angeles,United States,Enterprise,285.49
CUST-002727,Affiliate,2024-11-18,18-24,Female,Delhi,India,Premium,107.53
CUST-000929,Google Ads,2024-11-18,55+,Female,New York,United States,Premium,91.6
CUST-005049,Affiliate,2024-11-18,18-24,Female,Bengaluru,India,Premium,115.26
CUST-001013,Email,2024-11-18,35-44,Male,Pune,India,Free,22.46
CUST-001967,Email,2024-11-18,25-34,Female,Los Angeles,United States,Basic,34.16
CUST-002185,Email,2024-11-18,18-24,Female,Pune,India,Basic,52.34
CUST-000129,Google Ads,2024-11-18,55+,Male,Austin,United States,Basic,41.67
CUST-003242,Email,2024-11-18,55+,Male,Delhi,India,Premium,98.3
CUST-004131,Email,2024-11-18,18-24,Male,Delhi,India,Basic,48.73
CUST-002560,TikTok,2024-11-18,25-34,Male,Birmingham,United Kingdom,Free,19.08
CUST-003592,Google Ads,2024-11-18,25-34,Female,New York,United States,Free,23.68
CUST-005812,Instagram,2024-11-18,18-24,Male,Delhi,India,Basic,38.07
CUST-002155,Email,2024-11-18,35-44,Male,Austin,United States,Premium,98.76
CUST-001181,Google Ads,2024-11-18,25-34,Female,Melbourne,Australia,Basic,58.65
CUST-003260,Google Ads,2024-11-19,45-54,Male,Seattle,United States,Enterprise,206.44
CUST-003088,Email,2024-11-19,45-54,Female,Los Angeles,United States,Enterprise,200.93
CUST-005191,Google Ads,2024-11-19,25-34,Male,Pune,India,Premium,99.08
CUST-002221,Google Ads,2024-11-19,18-24,Male,Vancouver,Canada,Free,20.93
CUST-001830,Google Ads,2024-11-19,35-44,Female,Melbourne,Australia,Basic,50.73
CUST-000879,Google Ads,2024-11-19,25-34,Other,Pune,India,Basic,53.09
CUST-002414,Google Ads,2024-11-19,45-54,Female,Delhi,India,Basic,41.73
CUST-004544,Email,2024-11-19,55+,Male,Birmingham,United Kingdom,Enterprise,212.52
CUST-003339,Instagram,2024-11-19,35-44,Female,Bengaluru,India,Basic,41.44
CUST-002033,Email,2024-11-19,55+,Male,London,United Kingdom,Premium,50.06
CUST-005136,Email,2024-11-19,18-24,Male,Sydney,Australia,Free,31.78
CUST-003794,TikTok,2024-11-19,25-34,Female,Birmingham,United Kingdom,Enterprise,191.98
CUST-003801,Email,2024-11-19,25-34,Male,Birmingham,United Kingdom,Premium,107.3
CUST-001773,TikTok,2024-11-19,18-24,Female,Vancouver,Canada,Free,22.22
CUST-004299,Google Ads,2024-11-19,25-34,Female,London,United Kingdom,Basic,36.0
CUST-000848,Google Ads,2024-11-19,18-24,Other,Sydney,Australia,Free,26.95
CUST-005519,Email,2024-11-20,35-44,Male,Austin,United States,Basic,52.4
CUST-000949,Google Ads,2024-11-20,18-24,Male,Austin,United States,Free,23.03
CUST-000481,Google Ads,2024-11-20,18-24,Female,Montreal,Canada,Premium,75.66
CUST-005365,Google Ads,2024-11-20,35-44,Female,Manchester,United Kingdom,Premium,92.23
CUST-002547,Google Ads,2024-11-20,45-54,Male,Los Angeles,United States,Premium,116.88
CUST-004225,TikTok,2024-11-20,45-54,Male,Chicago,United States,Enterprise,199.07
CUST-001439,Email,2024-11-20,18-24,Male,London,United Kingdom,Premium,109.44
CUST-004646,TikTok,2024-11-20,25-34,Male,Delhi,India,Basic,58.31
CUST-005853,Email,2024-11-20,45-54,Male,Pune,India,Premium,111.54
CUST-000257,Google Ads,2024-11-20,25-34,Female,Pune,India,Basic,62.03
CUST-002859,Email,2024-11-20,35-44,Male,Pune,India,Basic,59.95
CUST-005246,Google Ads,2024-11-20,55+,Female,London,United Kingdom,Free,20.43
CUST-000372,Google Ads,2024-11-21,35-44,Male,Melbourne,Australia,Premium,64.26
CUST-005343,Email,2024-11-21,35-44,Female,Montreal,Canada,Free,36.02
CUST-005069,Email,2024-11-21,25-34,Male,Delhi,India,Basic,50.21
CUST-002005,Instagram,2024-11-21,35-44,Male,London,United Kingdom,Basic,62.13
CUST-005683,Email,2024-11-21,55+,Female,Manchester,United Kingdom,Free,23.94
CUST-004798,Email,2024-11-21,25-34,Male,Mumbai,India,Basic,40.92
CUST-005612,Google Ads,2024-11-21,18-24,Male,Los Angeles,United States,Premium,99.0
CUST-003925,Affiliate,2024-11-21,25-34,Male,Vancouver,Canada,Premium,58.66
CUST-003173,Email,2024-11-21,35-44,Male,New York,United States,Premium,109.57
CUST-002808,Google Ads,2024-11-21,35-44,Female,Los Angeles,United States,Basic,63.78
CUST-003984,Google Ads,2024-11-21,25-34,Female,Los Angeles,United States,Premium,108.46
CUST-002219,Affiliate,2024-11-21,35-44,Male,Austin,United States,Premium,56.56
CUST-004045,Email,2024-11-21,35-44,Male,London,United Kingdom,Basic,49.43
CUST-005228,Facebook,2024-11-21,25-34,Male,Birmingham,United Kingdom,Free,20.99
CUST-002322,Affiliate,2024-11-21,25-34,Male,Mumbai,India,Free,28.86
CUST-003330,Email,2024-11-21,18-24,Male,Delhi,India,Basic,57.85
CUST-004523,Google Ads,2024-11-21,45-54,Male,Manchester,United Kingdom,Basic,34.96
CUST-001352,Google Ads,2024-11-21,35-44,Male,Los Angeles,United States,Enterprise,307.51
CUST-004275,Google Ads,2024-11-21,55+,Male,Bengaluru,India,Premium,103.05
CUST-002369,Facebook,2024-11-21,35-44,Female,Montreal,Canada,Free,27.09
CUST-003597,Google Ads,2024-11-21,25-34,Male,Sydney,Australia,Premium,78.82
CUST-001396,Email,2024-11-21,25-34,Female,Delhi,India,Free,19.76
CUST-000757,Email,2024-11-22,25-34,Male,Bengaluru,India,Enterprise,145.48
CUST-000376,Email,2024-11-22,45-54,Female,Birmingham,United Kingdom,Premium,71.16
CUST-004828,Email,2024-11-22,25-34,Female,Manchester,United Kingdom,Premium,135.13
CUST-001249,Organic,2024-11-22,18-24,Female,New York,United States,Enterprise,176.83
CUST-000934,Email,2024-11-22,55+,Other,Delhi,India,Premium,70.51
CUST-004014,TikTok,2024-11-22,18-24,Female,Bengaluru,India,Free,19.44
CUST-001057,Google Ads,2024-11-22,25-34,Male,Vancouver,Canada,Basic,66.48
CUST-000876,Email,2024-11-22,25-34,Female,Seattle,United States,Basic,43.82
CUST-001259,Google Ads,2024-11-22,35-44,Female,Mumbai,India,Enterprise,71.47
CUST-005872,Facebook,2024-11-22,45-54,Female,Pune,India,Free,21.9
CUST-004634,Email,2024-11-22,18-24,Male,London,United Kingdom,Premium,84.22
CUST-000928,Email,2024-11-22,25-34,Female,Toronto,Canada,Free,20.88
CUST-003124,Instagram,2024-11-22,25-34,Female,Chicago,United States,Premium,135.71
CUST-000931,Email,2024-11-22,35-44,Female,Manchester,United Kingdom,Premium,76.27
CUST-004727,Facebook,2024-11-22,25-34,Male,Birmingham,United Kingdom,Free,16.3
CUST-004893,Google Ads,2024-11-22,25-34,Male,London,United Kingdom,Basic,64.55
CUST-004195,Email,2024-11-22,18-24,Other,New York,United States,Basic,34.65
CUST-002687,Email,2024-11-22,25-34,Female,Austin,United States,Premium,121.02
CUST-003951,Email,2024-11-23,25-34,Female,Sydney,Australia,Basic,58.43
CUST-004618,Email,2024-11-23,25-34,Male,New York,United States,Free,14.88
CUST-004794,Facebook,2024-11-23,25-34,Female,Los Angeles,United States,Premium,102.23
CUST-004551,Email,2024-11-23,18-24,Male,Manchester,United Kingdom,Premium,111.72
CUST-003623,Affiliate,2024-11-23,25-34,Male,Pune,India,Enterprise,152.71
CUST-005174,Email,2024-11-23,25-34,Male,Austin,United States,Enterprise,137.71
CUST-005619,Facebook,2024-11-23,25-34,Male,London,United Kingdom,Basic,47.35
CUST-005931,Email,2024-11-23,35-44,Female,New York,United States,Premium,127.99
CUST-004243,Email,2024-11-23,25-34,Female,Birmingham,United Kingdom,Premium,58.9
CUST-004203,Email,2024-11-23,18-24,Male,Birmingham,United Kingdom,Free,27.02
CUST-002695,Email,2024-11-23,55+,Female,Delhi,India,Enterprise,201.4
CUST-000837,Google Ads,2024-11-23,35-44,Female,Bengaluru,India,Enterprise,119.02
CUST-000864,Email,2024-11-23,25-34,Male,Mumbai,India,Premium,87.3
CUST-005201,Google Ads,2024-11-23,35-44,Female,Austin,United States,Enterprise,206.71
CUST-002928,Email,2024-11-23,45-54,Female,Seattle,United States,Enterprise,230.92
CUST-001237,Instagram,2024-11-23,25-34,Female,Chicago,United States,Basic,67.09
CUST-004398,Email,2024-11-23,45-54,Female,Manchester,United Kingdom,Free,11.79
CUST-000152,Facebook,2024-11-23,25-34,Female,Vancouver,Canada,Basic,61.75
CUST-001377,Google Ads,2024-11-23,18-24,Male,Chicago,United States,Free,29.95
CUST-000885,Email,2024-11-23,25-34,Female,New York,United States,Enterprise,198.15
CUST-002964,Google Ads,2024-11-23,35-44,Male,Chicago,United States,Basic,58.62
CUST-001293,Email,2024-11-23,25-34,Female,Mumbai,India,Basic,30.61
CUST-001645,Google Ads,2024-11-23,25-34,Male,Manchester,United Kingdom,Basic,48.75
CUST-001667,Google Ads,2024-11-23,25-34,Female,London,United Kingdom,Basic,41.54
CUST-005505,Organic,2024-11-24,18-24,Male,Sydney,Australia,Free,22.29
CUST-001022,Organic,2024-11-24,55+,Male,Bengaluru,India,Premium,108.92
CUST-002194,Google Ads,2024-11-24,25-34,Male,Los Angeles,United States,Basic,45.9
CUST-000016,Organic,2024-11-24,18-24,Male,New York,United States,Free,12.39
CUST-003670,Google Ads,2024-11-24,25-34,Female,Melbourne,Australia,Basic,60.58
CUST-003238,Facebook,2024-11-24,18-24,Female,Chicago,United States,Premium,92.16
CUST-004814,Facebook,2024-11-24,45-54,Female,Pune,India,Free,23.32
CUST-003066,Email,2024-11-24,18-24,Female,Melbourne,Australia,Premium,140.08
CUST-002288,Email,2024-11-24,25-34,Other,Austin,United States,Basic,41.4
CUST-000875,Facebook,2024-11-24,25-34,Male,Austin,United States,Premium,114.14
CUST-002320,Email,2024-11-24,25-34,Male,Birmingham,United Kingdom,Free,19.69
CUST-000124,Email,2024-11-24,35-44,Male,Sydney,Australia,Basic,58.89
CUST-001515,Google Ads,2024-11-24,25-34,Female,Birmingham,United Kingdom,Basic,65.78
CUST-000349,Facebook,2024-11-24,25-34,Male,New York,United States,Premium,128.13
CUST-001301,Google Ads,2024-11-24,18-24,Male,Pune,India,Premium,66.16
CUST-000093,Email,2024-11-24,25-34,Female,Los Angeles,United States,Premium,80.41
CUST-002475,Google Ads,2024-11-24,18-24,Male,Austin,United States,Free,16.37
CUST-000639,Email,2024-11-24,35-44,Female,Bengaluru,India,Premium,95.69
CUST-002590,Facebook,2024-11-25,35-44,Male,Seattle,United States,Basic,53.21
CUST-004501,Facebook,2024-11-25,25-34,Male,Pune,India,Basic,47.24
CUST-005214,TikTok,2024-11-25,25-34,Female,Melbourne,Australia,Free,17.86
CUST-004674,Email,2024-11-25,18-24,Female,Mumbai,India,Enterprise,353.92
CUST-001422,Instagram,2024-11-25,35-44,Other,Toronto,Canada,Premium,62.68
CUST-002451,Google Ads,2024-11-25,25-34,Other,Melbourne,Australia,Free,27.96
CUST-005063,Email,2024-11-25,35-44,Female,Delhi,India,Basic,54.39
CUST-004892,Email,2024-11-25,25-34,Male,Birmingham,United Kingdom,Basic,39.03
CUST-000173,Email,2024-11-25,35-44,Female,Mumbai,India,Premium,81.46
CUST-000268,Google Ads,2024-11-25,18-24,Female,Pune,India,Premium,78.62
CUST-005185,Instagram,2024-11-25,35-44,Male,Los Angeles,United States,Premium,121.12
CUST-000700,Email,2024-11-25,45-54,Female,Sydney,Australia,Premium,98.92
CUST-000467,Email,2024-11-25,35-44,Male,Pune,India,Free,24.06
CUST-004536,Facebook,2024-11-25,45-54,Male,Toronto,Canada,Basic,56.86
CUST-005960,Google Ads,2024-11-25,25-34,Male,Delhi,India,Free,22.68
CUST-005713,Google Ads,2024-11-25,35-44,Male,Bengaluru,India,Basic,72.84
CUST-001180,Facebook,2024-11-26,45-54,Male,Mumbai,India,Free,30.75
CUST-002070,Google Ads,2024-11-26,18-24,Female,Manchester,United Kingdom,Free,29.21
CUST-001556,Facebook,2024-11-26,18-24,Male,Vancouver,Canada,Premium,76.13
CUST-002557,Google Ads,2024-11-26,18-24,Male,Sydney,Australia,Enterprise,152.69
CUST-004768,Google Ads,2024-11-26,25-34,Male,New York,United States,Free,16.88
CUST-005321,Google Ads,2024-11-26,35-44,Other,London,United Kingdom,Free,25.19
CUST-005552,Google Ads,2024-11-26,18-24,Male,Los Angeles,United States,Free,21.94
CUST-003852,Google Ads,2024-11-26,35-44,Male,Manchester,United Kingdom,Free,18.97
CUST-002627,Google Ads,2024-11-26,18-24,Male,Mumbai,India,Basic,38.41
CUST-001087,Google Ads,2024-11-26,35-44,Male,Toronto,Canada,Premium,120.69
CUST-005372,Facebook,2024-11-26,45-54,Male,Vancouver,Canada,Free,14.87
CUST-001408,Email,2024-11-26,18-24,Male,Los Angeles,United States,Enterprise,223.36
CUST-002897,Email,2024-11-26,25-34,Male,Birmingham,United Kingdom,Premium,111.11
CUST-000768,Instagram,2024-11-26,25-34,Male,Seattle,United States,Free,11.74
CUST-002521,Instagram,2024-11-26,55+,Female,Pune,India,Free,20.17
CUST-004220,Facebook,2024-11-26,18-24,Other,Sydney,Australia,Premium,83.45
CUST-003927,Google Ads,2024-11-26,25-34,Female,Seattle,United States,Premium,73.64
CUST-005684,Instagram,2024-11-26,35-44,Female,Los Angeles,United States,Premium,108.58
CUST-000784,Facebook,2024-11-26,25-34,Female,Seattle,United States,Premium,116.99
CUST-005306,Email,2024-11-26,18-24,Female,Bengaluru,India,Basic,43.12
CUST-001494,Google Ads,2024-11-26,25-34,Male,Austin,United States,Basic,29.95
CUST-001892,Email,2024-11-26,18-24,Female,London,United Kingdom,Premium,90.86
CUST-005978,Email,2024-11-26,25-34,Male,Sydney,Australia,Premium,117.88
CUST-003315,Google Ads,2024-11-26,25-34,Female,Bengaluru,India,Basic,64.81
CUST-002381,Facebook,2024-11-27,35-44,Male,Seattle,United States,Premium,119.96
CUST-002485,Google Ads,2024-11-27,45-54,Male,Birmingham,United Kingdom,Basic,64.48
CUST-005110,Email,2024-11-27,18-24,Female,Bengaluru,India,Premium,52.46
CUST-005938,Email,2024-11-27,55+,Female,Los Angeles,United States,Basic,29.14
CUST-005361,Email,2024-11-27,25-34,Male,Delhi,India,Enterprise,161.83
CUST-004740,Google Ads,2024-11-27,35-44,Female,London,United Kingdom,Basic,51.59
CUST-001970,Google Ads,2024-11-27,25-34,Female,Montreal,Canada,Enterprise,186.88
CUST-004322,Google Ads,2024-11-27,18-24,Female,New York,United States,Basic,40.21
CUST-005649,Email,2024-11-27,25-34,Male,Chicago,United States,Basic,44.29
CUST-001658,Email,2024-11-27,25-34,Male,Chicago,United States,Basic,52.69
CUST-004166,Email,2024-11-27,35-44,Male,Manchester,United Kingdom,Free,20.12
CUST-000288,Email,2024-11-27,35-44,Female,Manchester,United Kingdom,Basic,39.79
CUST-003237,Facebook,2024-11-27,18-24,Male,Chicago,United States,Basic,54.05
CUST-002456,Email,2024-11-27,18-24,Male,Chicago,United States,Free,24.67
CUST-000198,Email,2024-11-27,25-34,Male,Montreal,Canada,Premium,80.43
CUST-005677,Affiliate,2024-11-27,45-54,Female,Seattle,United States,Enterprise,109.88
CUST-005164,Google Ads,2024-11-27,35-44,Male,Austin,United States,Free,25.12
CUST-004303,TikTok,2024-11-28,35-44,Female,Birmingham,United Kingdom,Premium,131.4
CUST-004515,Email,2024-11-28,45-54,Male,London,United Kingdom,Premium,109.91
CUST-004313,Google Ads,2024-11-28,18-24,Male,London,United Kingdom,Basic,39.99
CUST-000944,Google Ads,2024-11-28,25-34,Male,Bengaluru,India,Free,28.94
CUST-004975,Google Ads,2024-11-28,35-44,Female,Los Angeles,United States,Basic,39.28
CUST-002484,Organic,2024-11-28,25-34,Male,Mumbai,India,Free,9.4
CUST-005890,Email,2024-11-28,35-44,Male,Los Angeles,United States,Basic,44.38
CUST-002160,TikTok,2024-11-28,18-24,Female,Manchester,United Kingdom,Free,26.01
CUST-004176,Google Ads,2024-11-28,35-44,Female,Vancouver,Canada,Premium,90.66
CUST-003685,Google Ads,2024-11-28,45-54,Female,Vancouver,Canada,Free,12.81
CUST-004271,Facebook,2024-11-28,35-44,Female,Austin,United States,Basic,42.74
CUST-004671,Google Ads,2024-11-28,35-44,Male,Austin,United States,Free,19.74
CUST-000020,Google Ads,2024-11-28,25-34,Female,Delhi,India,Basic,39.98
CUST-000694,Facebook,2024-11-28,18-24,Female,London,United Kingdom,Basic,47.64
CUST-002329,Facebook,2024-11-28,25-34,Female,London,United Kingdom,Basic,36.19
CUST-003022,Affiliate,2024-11-28,25-34,Male,Los Angeles,United States,Free,33.53
CUST-003325,Email,2024-11-28,25-34,Male,Pune,India,Basic,53.04
CUST-004261,Google Ads,2024-11-28,25-34,Male,Sydney,Australia,Enterprise,94.31
CUST-005653,Email,2024-11-28,35-44,Female,Montreal,Canada,Basic,76.85
CUST-003341,Google Ads,2024-11-28,55+,Male,Seattle,United States,Premium,62.87
CUST-005396,Google Ads,2024-11-28,18-24,Male,Mumbai,India,Basic,58.39
CUST-005755,Facebook,2024-11-28,35-44,Female,Mumbai,India,Free,27.37
CUST-005142,Email,2024-11-28,18-24,Female,New York,United States,Basic,44.37
CUST-002996,Google Ads,2024-11-28,25-34,Female,Manchester,United Kingdom,Free,24.23
CUST-004057,Email,2024-11-28,18-24,Other,Austin,United States,Enterprise,172.87
CUST-001331,Google Ads,2024-11-29,35-44,Female,Birmingham,United Kingdom,Premium,103.23
CUST-003167,Google Ads,2024-11-29,18-24,Female,Bengaluru,India,Premium,70.66
CUST-004725,Facebook,2024-11-29,45-54,Other,Sydney,Australia,Basic,62.73
CUST-004260,Google Ads,2024-11-29,18-24,Female,Seattle,United States,Basic,27.23
CUST-005698,Email,2024-11-29,45-54,Male,Manchester,United Kingdom,Basic,48.42
CUST-001350,Email,2024-11-29,25-34,Male,Delhi,India,Premium,91.88
CUST-003606,Google Ads,2024-11-29,45-54,Female,Austin,United States,Premium,96.48
CUST-001659,Email,2024-11-29,18-24,Female,Sydney,Australia,Enterprise,241.93
CUST-000943,Email,2024-11-29,25-34,Male,Melbourne,Australia,Premium,69.29
CUST-002676,Email,2024-11-29,18-24,Female,Sydney,Australia,Premium,144.71
CUST-003706,Google Ads,2024-11-29,18-24,Female,Bengaluru,India,Premium,119.41
CUST-003616,Facebook,2024-11-29,18-24,Female,Delhi,India,Basic,50.26
CUST-003255,Facebook,2024-11-29,18-24,Other,Austin,United States,Free,19.25
CUST-003470,Google Ads,2024-11-29,35-44,Female,New York,United States,Basic,46.49
CUST-000445,Google Ads,2024-11-29,45-54,Male,Austin,United States,Basic,37.63
CUST-000170,Google Ads,2024-11-29,25-34,Female,Birmingham,United Kingdom,Free,34.19
CUST-001112,Google Ads,2024-11-29,45-54,Female,Seattle,United States,Basic,42.16
CUST-004902,Email,2024-11-29,25-34,Male,Vancouver,Canada,Premium,98.45
CUST-000967,Instagram,2024-11-29,55+,Male,Los Angeles,United States,Premium,96.64
CUST-002807,Google Ads,2024-11-29,18-24,Male,Melbourne,Australia,Basic,67.56
CUST-002921,Email,2024-11-30,18-24,Female,Austin,United States,Basic,60.16
CUST-000979,Google Ads,2024-11-30,35-44,Female,Delhi,India,Enterprise,267.79
CUST-001950,Google Ads,2024-11-30,45-54,Female,Chicago,United States,Premium,108.17
CUST-005000,Google Ads,2024-11-30,25-34,Male,London,United Kingdom,Free,25.86
CUST-004929,Email,2024-11-30,35-44,Female,New York,United States,Premium,97.48
CUST-003495,Google Ads,2024-11-30,25-34,Male,Manchester,United Kingdom,Free,24.98
CUST-005710,Google Ads,2024-11-30,35-44,Male,Delhi,India,Free,17.03
CUST-005457,Google Ads,2024-11-30,25-34,Female,London,United Kingdom,Basic,58.06
CUST-004493,Facebook,2024-11-30,45-54,Male,London,United Kingdom,Free,7.85
CUST-004632,Google Ads,2024-11-30,18-24,Female,Los Angeles,United States,Free,28.02
CUST-004620,Organic,2024-11-30,45-54,Female,New York,United States,Free,20.77
CUST-002015,Email,2024-11-30,18-24,Male,London,United Kingdom,Premium,70.77
CUST-004616,Email,2024-11-30,45-54,Male,Montreal,Canada,Free,23.1
CUST-000619,Instagram,2024-11-30,25-34,Female,Birmingham,United Kingdom,Free,16.44
CUST-001256,Email,2024-11-30,35-44,Male,New York,United States,Free,24.87
CUST-002198,Facebook,2024-11-30,25-34,Female,Delhi,India,Free,20.92
CUST-004136,TikTok,2024-11-30,35-44,Male,Melbourne,Australia,Premium,105.79
CUST-005083,Email,2024-11-30,45-54,Female,Delhi,India,Free,25.05
CUST-004843,Email,2024-11-30,45-54,Male,Toronto,Canada,Basic,52.88
CUST-004112,Google Ads,2024-11-30,45-54,Male,Pune,India,Basic,40.84
CUST-000483,Google Ads,2024-11-30,25-34,Male,Austin,United States,Premium,112.46
CUST-005064,Email,2024-12-01,35-44,Female,Seattle,United States,Premium,119.46
CUST-000412,TikTok,2024-12-01,25-34,Female,Montreal,Canada,Basic,68.51
CUST-004266,Email,2024-12-01,25-34,Female,Delhi,India,Premium,85.15
CUST-003428,Google Ads,2024-12-01,45-54,Female,Manchester,United Kingdom,Premium,117.32
CUST-003377,Facebook,2024-12-01,18-24,Female,Bengaluru,India,Basic,38.83
CUST-005369,Email,2024-12-01,55+,Female,Austin,United States,Premium,84.36
CUST-005564,Google Ads,2024-12-01,18-24,Male,Seattle,United States,Basic,36.67
CUST-001853,Google Ads,2024-12-01,18-24,Male,Pune,India,Basic,53.17
CUST-005196,Email,2024-12-01,35-44,Female,Delhi,India,Free,19.18
CUST-001944,Facebook,2024-12-01,35-44,Female,Seattle,United States,Basic,50.79
CUST-003632,Email,2024-12-01,35-44,Male,Sydney,Australia,Basic,54.92
CUST-004599,Google Ads,2024-12-01,45-54,Male,Los Angeles,United States,Enterprise,300.51
CUST-000296,Email,2024-12-01,35-44,Other,Manchester,United Kingdom,Premium,78.23
CUST-002855,Email,2024-12-01,55+,Female,Toronto,Canada,Free,17.8
CUST-005550,Facebook,2024-12-01,18-24,Male,Manchester,United Kingdom,Basic,57.44
CUST-003690,Email,2024-12-01,18-24,Male,Seattle,United States,Premium,94.28
CUST-005617,Organic,2024-12-01,25-34,Female,Mumbai,India,Enterprise,225.26
CUST-001296,Google Ads,2024-12-01,45-54,Male,Seattle,United States,Basic,49.7
CUST-000172,Instagram,2024-12-01,45-54,Male,Melbourne,Australia,Enterprise,280.12
CUST-005902,Email,2024-12-02,35-44,Male,Austin,United States,Free,27.26
CUST-001282,Email,2024-12-02,18-24,Female,Melbourne,Australia,Premium,116.02
CUST-000703,Email,2024-12-02,35-44,Male,Los Angeles,United States,Basic,27.91
CUST-001083,Email,2024-12-02,45-54,Female,Manchester,United Kingdom,Basic,26.56
CUST-002091,Google Ads,2024-12-02,55+,Female,Toronto,Canada,Basic,48.86
CUST-004575,TikTok,2024-12-02,35-44,Male,Mumbai,India,Basic,28.7
CUST-005364,Instagram,2024-12-02,25-34,Male,Bengaluru,India,Free,25.28
CUST-002405,Email,2024-12-02,45-54,Male,Sydney,Australia,Premium,71.23
CUST-001059,Facebook,2024-12-02,18-24,Male,Chicago,United States,Basic,54.1
CUST-000592,Email,2024-12-02,18-24,Female,Seattle,United States,Enterprise,263.56
CUST-000315,Organic,2024-12-02,55+,Male,Birmingham,United Kingdom,Basic,53.13
CUST-004123,Email,2024-12-02,25-34,Male,Birmingham,United Kingdom,Premium,108.84
CUST-000863,Facebook,2024-12-02,25-34,Female,Mumbai,India,Enterprise,160.06
CUST-002814,Facebook,2024-12-02,45-54,Male,Pune,India,Basic,43.8
CUST-003705,Facebook,2024-12-02,35-44,Male,Austin,United States,Free,22.82
CUST-000128,Facebook,2024-12-02,25-34,Male,Vancouver,Canada,Basic,32.86
CUST-005435,Email,2024-12-02,18-24,Female,Chicago,United States,Premium,125.57
CUST-004274,Google Ads,2024-12-02,25-34,Female,Chicago,United States,Enterprise,160.19
CUST-003576,Google Ads,2024-12-02,25-34,Male,Bengaluru,India,Premium,86.88
CUST-005886,Email,2024-12-02,45-54,Female,Sydney,Australia,Basic,10.92
CUST-004714,Google Ads,2024-12-02,18-24,Male,Austin,United States,Enterprise,260.11
CUST-002947,Google Ads,2024-12-03,45-54,Female,Seattle,United States,Basic,51.19
CUST-005158,Google Ads,2024-12-03,55+,Male,Mumbai,India,Basic,35.79
CUST-000845,Email,2024-12-03,25-34,Female,Chicago,United States,Basic,68.18
CUST-005038,Email,2024-12-03,35-44,Male,Los Angeles,United States,Free,30.24
CUST-005530,Instagram,2024-12-03,35-44,Male,Pune,India,Free,17.98
CUST-004008,Instagram,2024-12-03,18-24,Female,Bengaluru,India,Premium,109.04
CUST-002980,Email,2024-12-03,18-24,Female,New York,United States,Free,25.65
CUST-002084,Instagram,2024-12-03,55+,Female,Birmingham,United Kingdom,Free,26.13
CUST-004744,Facebook,2024-12-03,55+,Female,Los Angeles,United States,Premium,108.34
CUST-002047,Facebook,2024-12-03,25-34,Male,Bengaluru,India,Premium,81.12
CUST-004612,Google Ads,2024-12-03,25-34,Male,Austin,United States,Basic,58.01
CUST-000658,Organic,2024-12-03,18-24,Female,Chicago,United States,Basic,42.96
CUST-001592,Instagram,2024-12-03,35-44,Female,Manchester,United Kingdom,Enterprise,137.81
CUST-002166,Email,2024-12-03,18-24,Female,Delhi,India,Premium,21.33
CUST-000411,Email,2024-12-03,18-24,Male,Montreal,Canada,Basic,52.56
CUST-001040,Google Ads,2024-12-03,18-24,Male,Delhi,India,Basic,55.09
CUST-002774,Instagram,2024-12-03,18-24,Female,New York,United States,Free,20.65
CUST-000926,Facebook,2024-12-03,45-54,Male,Mumbai,India,Basic,51.45
CUST-002513,Google Ads,2024-12-03,45-54,Female,Austin,United States,Free,18.51
CUST-003857,Email,2024-12-03,45-54,Male,Mumbai,India,Basic,55.4
CUST-002622,Google Ads,2024-12-03,25-34,Male,Manchester,United Kingdom,Free,25.6
CUST-001859,Email,2024-12-03,18-24,Male,Sydney,Australia,Free,13.53
CUST-005233,Email,2024-12-03,35-44,Male,Delhi,India,Basic,45.76
CUST-001901,Google Ads,2024-12-03,55+,Female,Bengaluru,India,Basic,70.81
CUST-000736,Google Ads,2024-12-03,45-54,Male,Seattle,United States,Basic,58.9
CUST-002734,Email,2024-12-03,45-54,Male,Montreal,Canada,Premium,120.25
CUST-002682,Google Ads,2024-12-03,25-34,Female,Sydney,Australia,Free,16.5
CUST-004957,Google Ads,2024-12-03,18-24,Female,Bengaluru,India,Premium,93.85
CUST-004053,Google Ads,2024-12-03,25-34,Male,Austin,United States,Basic,30.83
CUST-001239,Google Ads,2024-12-04,18-24,Female,Bengaluru,India,Free,17.74
CUST-001428,Email,2024-12-04,18-24,Female,Manchester,United Kingdom,Free,24.44
CUST-005830,Email,2024-12-04,45-54,Female,Sydney,Australia,Basic,40.43
CUST-001198,Google Ads,2024-12-04,35-44,Male,Pune,India,Basic,56.37
CUST-005442,Facebook,2024-12-04,55+,Female,Seattle,United States,Free,20.88
CUST-003332,Email,2024-12-04,25-34,Female,Los Angeles,United States,Premium,131.25
CUST-000971,Email,2024-12-04,18-24,Male,Chicago,United States,Basic,42.4
CUST-000391,Email,2024-12-04,45-54,Male,Mumbai,India,Premium,64.9
CUST-003515,Organic,2024-12-04,55+,Male,Pune,India,Premium,88.46
CUST-002311,Email,2024-12-04,35-44,Female,Chicago,United States,Basic,42.75
CUST-000824,Email,2024-12-04,45-54,Male,Vancouver,Canada,Premium,102.54
CUST-003806,Google Ads,2024-12-04,18-24,Male,Austin,United States,Premium,125.8
CUST-004200,Facebook,2024-12-04,18-24,Female,Sydney,Australia,Basic,44.06
CUST-005802,Email,2024-12-04,45-54,Female,Melbourne,Australia,Free,5.0
CUST-005608,Email,2024-12-04,45-54,Male,Sydney,Australia,Premium,111.6
CUST-001117,Google Ads,2024-12-04,25-34,Female,New York,United States,Enterprise,235.51
CUST-002253,Email,2024-12-04,35-44,Female,Mumbai,India,Basic,63.25
CUST-005216,Instagram,2024-12-04,18-24,Male,New York,United States,Free,12.7
CUST-002466,Google Ads,2024-12-04,25-34,Male,Los Angeles,United States,Basic,51.98
CUST-004419,Google Ads,2024-12-04,18-24,Male,Pune,India,Free,17.96
CUST-005009,Facebook,2024-12-04,25-34,Male,Melbourne,Australia,Enterprise,230.21
CUST-004874,Email,2024-12-04,18-24,Female,Mumbai,India,Basic,44.7
CUST-001548,Email,2024-12-04,18-24,Male,Los Angeles,United States,Basic,47.47
CUST-004849,Google Ads,2024-12-05,18-24,Female,Los Angeles,United States,Free,20.92
CUST-001006,Email,2024-12-05,35-44,Female,Chicago,United States,Basic,33.09
CUST-003115,Email,2024-12-05,35-44,Female,Bengaluru,India,Basic,37.29
CUST-001690,Facebook,2024-12-05,45-54,Male,New York,United States,Basic,64.29
CUST-004994,Email,2024-12-05,18-24,Female,Delhi,India,Premium,108.41
CUST-004580,Email,2024-12-05,25-34,Other,Birmingham,United Kingdom,Premium,73.75
CUST-004804,Google Ads,2024-12-05,18-24,Female,Birmingham,United Kingdom,Basic,52.43
CUST-005669,Facebook,2024-12-05,25-34,Male,Birmingham,United Kingdom,Basic,42.39
CUST-004380,Email,2024-12-05,35-44,Female,Austin,United States,Basic,50.42
CUST-000106,Facebook,2024-12-05,35-44,Female,London,United Kingdom,Basic,32.35
CUST-002549,Google Ads,2024-12-05,25-34,Female,Melbourne,Australia,Free,30.23
CUST-002130,Email,2024-12-05,35-44,Female,Manchester,United Kingdom,Premium,66.56
CUST-003101,Email,2024-12-05,18-24,Female,Mumbai,India,Enterprise,197.31
CUST-003280,Google Ads,2024-12-05,45-54,Male,London,United Kingdom,Basic,66.51
CUST-000914,Google Ads,2024-12-05,25-34,Male,Toronto,Canada,Premium,88.44
CUST-003999,Email,2024-12-05,25-34,Female,Los Angeles,United States,Basic,62.25
CUST-003498,Email,2024-12-05,55+,Male,Pune,India,Premium,95.01
CUST-003824,Email,2024-12-05,35-44,Female,Vancouver,Canada,Premium,72.9
CUST-004233,Facebook,2024-12-06,18-24,Female,Los Angeles,United States,Basic,58.29
CUST-005746,Affiliate,2024-12-06,55+,Female,Sydney,Australia,Basic,45.73
CUST-005065,Facebook,2024-12-06,25-34,Male,Vancouver,Canada,Free,24.6
CUST-005911,Email,2024-12-06,55+,Male,Austin,United States,Free,17.43
CUST-003602,Google Ads,2024-12-06,45-54,Female,Mumbai,India,Free,10.72
CUST-002662,Email,2024-12-06,25-34,Male,Seattle,United States,Basic,60.05
CUST-000278,Email,2024-12-06,25-34,Male,Seattle,United States,Premium,102.29
CUST-000194,Email,2024-12-06,25-34,Male,Vancouver,Canada,Premium,113.36
CUST-004821,Google Ads,2024-12-06,18-24,Female,Bengaluru,India,Free,27.89
CUST-003530,Email,2024-12-06,35-44,Male,Vancouver,Canada,Basic,20.4
CUST-001088,Email,2024-12-06,45-54,Female,Delhi,India,Premium,141.15
CUST-001683,Google Ads,2024-12-06,35-44,Female,New York,United States,Enterprise,72.61
CUST-000261,Google Ads,2024-12-06,35-44,Male,Chicago,United States,Basic,47.18
CUST-005905,Google Ads,2024-12-06,35-44,Male,London,United Kingdom,Free,11.07
CUST-004216,Email,2024-12-06,35-44,Male,Sydney,Australia,Free,20.48
CUST-003298,Email,2024-12-06,45-54,Female,Birmingham,United Kingdom,Premium,104.67
CUST-002949,Google Ads,2024-12-06,25-34,Female,Melbourne,Australia,Premium,69.42
CUST-005248,Facebook,2024-12-06,35-44,Female,London,United Kingdom,Basic,76.58
CUST-005835,Google Ads,2024-12-06,18-24,Male,London,United Kingdom,Basic,46.36
CUST-003622,Email,2024-12-06,18-24,Female,Los Angeles,United States,Enterprise,252.22
CUST-005598,Google Ads,2024-12-06,35-44,Female,Bengaluru,India,Free,16.88
CUST-002837,Affiliate,2024-12-06,18-24,Male,Vancouver,Canada,Premium,110.51
CUST-000682,Email,2024-12-06,25-34,Female,Sydney,Australia,Enterprise,270.44
CUST-000135,Facebook,2024-12-06,25-34,Female,Bengaluru,India,Premium,76.79
CUST-001354,Email,2024-12-06,25-34,Other,Delhi,India,Enterprise,220.5
CUST-002103,Email,2024-12-06,35-44,Female,Bengaluru,India,Basic,50.64
CUST-002992,Email,2024-12-06,35-44,Male,Sydney,Australia,Enterprise,176.04
CUST-003140,Google Ads,2024-12-06,25-34,Male,Chicago,United States,Free,21.7
CUST-005774,Google Ads,2024-12-06,25-34,Male,Melbourne,Australia,Basic,36.96
CUST-004254,Email,2024-12-06,45-54,Male,Mumbai,India,Basic,56.82
CUST-001459,Google Ads,2024-12-06,45-54,Other,Sydney,Australia,Basic,61.9
CUST-000589,Affiliate,2024-12-06,25-34,Female,New York,United States,Premium,87.57
CUST-001629,Google Ads,2024-12-06,35-44,Male,Seattle,United States,Premium,110.28
CUST-003962,Email,2024-12-07,45-54,Other,Delhi,India,Premium,95.36
CUST-001549,Facebook,2024-12-07,35-44,Male,London,United Kingdom,Basic,46.8
CUST-001047,Email,2024-12-07,18-24,Male,Austin,United States,Basic,52.03
CUST-003439,Email,2024-12-07,35-44,Female,Birmingham,United Kingdom,Free,30.55
CUST-003822,Email,2024-12-07,35-44,Male,Sydney,Australia,Basic,47.92
CUST-005161,Email,2024-12-07,35-44,Male,Melbourne,Australia,Premium,89.35
CUST-003459,Google Ads,2024-12-07,25-34,Male,Delhi,India,Basic,66.33
CUST-000285,Google Ads,2024-12-07,18-24,Female,Birmingham,United Kingdom,Free,16.42
CUST-001107,Google Ads,2024-12-07,35-44,Female,Mumbai,India,Basic,37.97
CUST-000229,Email,2024-12-07,35-44,Male,Austin,United States,Free,23.98
CUST-001141,Email,2024-12-07,18-24,Male,Austin,United States,Basic,71.32
CUST-004888,Instagram,2024-12-07,35-44,Male,Birmingham,United Kingdom,Basic,62.81
CUST-001868,Email,2024-12-07,18-24,Male,Vancouver,Canada,Premium,61.72
CUST-001113,Email,2024-12-07,25-34,Male,Birmingham,United Kingdom,Free,30.17
CUST-003544,Google Ads,2024-12-07,35-44,Male,New York,United States,Basic,30.38
CUST-004231,Email,2024-12-07,35-44,Male,Pune,India,Free,20.72
CUST-004737,Email,2024-12-07,25-34,Male,Seattle,United States,Basic,73.89
CUST-001402,Email,2024-12-07,25-34,Male,New York,United States,Premium,111.47
CUST-005546,Email,2024-12-07,45-54,Male,Birmingham,United Kingdom,Enterprise,245.95
CUST-002728,Email,2024-12-07,18-24,Female,Austin,United States,Basic,35.38
CUST-001619,Google Ads,2024-12-07,25-34,Female,Austin,United States,Basic,52.51
CUST-004427,Instagram,2024-12-07,55+,Other,Austin,United States,Basic,62.92
CUST-001765,Email,2024-12-07,35-44,Female,Toronto,Canada,Basic,45.88
CUST-004085,Google Ads,2024-12-07,45-54,Male,Manchester,United Kingdom,Basic,42.06
CUST-002206,Facebook,2024-12-07,18-24,Female,Melbourne,Australia,Free,11.46
CUST-001984,Facebook,2024-12-07,25-34,Female,Chicago,United States,Premium,89.74
CUST-001358,Email,2024-12-07,25-34,Male,London,United Kingdom,Premium,108.12
CUST-002309,Email,2024-12-07,18-24,Female,Sydney,Australia,Free,10.22
CUST-005511,Google Ads,2024-12-07,18-24,Female,Sydney,Australia,Basic,66.84
CUST-005674,Google Ads,2024-12-07,35-44,Female,Los Angeles,United States,Basic,61.02
CUST-004666,Email,2024-12-07,18-24,Female,New York,United States,Premium,91.72
CUST-002672,Google Ads,2024-12-07,18-24,Male,Austin,United States,Premium,95.93
CUST-001760,Email,2024-12-08,45-54,Other,Mumbai,India,Basic,41.82
CUST-000444,Google Ads,2024-12-08,35-44,Female,Austin,United States,Basic,49.47
CUST-002357,Email,2024-12-08,25-34,Male,Montreal,Canada,Free,23.47
CUST-000930,Email,2024-12-08,25-34,Female,Manchester,United Kingdom,Premium,144.69
CUST-000605,Facebook,2024-12-08,25-34,Female,Chicago,United States,Basic,28.17
CUST-004962,Email,2024-12-08,25-34,Male,Sydney,Australia,Basic,62.76
CUST-002351,Email,2024-12-08,35-44,Male,Melbourne,Australia,Basic,29.17
CUST-002515,Facebook,2024-12-08,25-34,Male,Austin,United States,Basic,68.17
CUST-001547,Email,2024-12-08,45-54,Male,New York,United States,Premium,78.22
CUST-003614,Email,2024-12-08,18-24,Male,Birmingham,United Kingdom,Enterprise,209.15
CUST-005126,Email,2024-12-08,35-44,Female,Austin,United States,Free,20.12
CUST-002338,Affiliate,2024-12-08,55+,Female,Mumbai,India,Basic,24.83
CUST-001032,Email,2024-12-08,18-24,Male,Pune,India,Enterprise,313.36
CUST-002789,Email,2024-12-08,35-44,Male,Austin,United States,Premium,105.63
CUST-005398,Google Ads,2024-12-08,18-24,Male,Delhi,India,Basic,50.02
CUST-002092,Google Ads,2024-12-08,35-44,Male,Bengaluru,India,Basic,47.59
CUST-003346,Email,2024-12-08,45-54,Male,New York,United States,Basic,72.76
CUST-003423,Google Ads,2024-12-08,25-34,Male,Mumbai,India,Enterprise,256.97
CUST-000566,Email,2024-12-08,35-44,Female,Los Angeles,United States,Premium,93.97
CUST-001994,Email,2024-12-08,45-54,Male,Seattle,United States,Basic,47.08
CUST-001704,Email,2024-12-08,45-54,Male,Pune,India,Premium,127.24
CUST-002925,Email,2024-12-09,35-44,Female,Seattle,United States,Free,34.79
CUST-002388,Email,2024-12-09,25-34,Male,Chicago,United States,Basic,61.69
CUST-003627,Facebook,2024-12-09,25-34,Female,Bengaluru,India,Basic,69.9
CUST-004221,Email,2024-12-09,55+,Female,Chicago,United States,Basic,49.6
CUST-003127,Email,2024-12-09,18-24,Male,London,United Kingdom,Basic,50.5
CUST-002462,Email,2024-12-09,25-34,Male,Seattle,United States,Basic,54.36
CUST-004420,Email,2024-12-09,55+,Male,London,United Kingdom,Premium,77.95
CUST-005888,Instagram,2024-12-09,25-34,Female,Manchester,United Kingdom,Basic,48.95
CUST-002945,Google Ads,2024-12-09,18-24,Other,Birmingham,United Kingdom,Free,23.11
CUST-002272,Facebook,2024-12-09,35-44,Female,Los Angeles,United States,Premium,127.5
CUST-001025,Email,2024-12-09,45-54,Female,Delhi,India,Premium,154.89
CUST-001016,Email,2024-12-09,45-54,Other,Los Angeles,United States,Basic,69.26
CUST-004721,Google Ads,2024-12-09,45-54,Male,Delhi,India,Premium,67.24
CUST-000418,Google Ads,2024-12-09,35-44,Male,Manchester,United Kingdom,Premium,46.07
CUST-001824,Google Ads,2024-12-09,18-24,Male,Los Angeles,United States,Free,32.34
CUST-005243,Google Ads,2024-12-09,25-34,Male,New York,United States,Basic,44.16
CUST-005862,Email,2024-12-09,35-44,Female,Chicago,United States,Premium,93.47
CUST-001587,Email,2024-12-09,35-44,Male,Pune,India,Premium,107.49
CUST-002235,Google Ads,2024-12-09,18-24,Female,Pune,India,Free,18.3
CUST-005071,Facebook,2024-12-09,25-34,Female,Birmingham,United Kingdom,Free,17.09
CUST-005822,Email,2024-12-09,25-34,Male,Birmingham,United Kingdom,Free,18.95
CUST-001737,Google Ads,2024-12-09,18-24,Female,Vancouver,Canada,Free,7.74
CUST-004789,Google Ads,2024-12-09,18-24,Female,London,United Kingdom,Premium,69.07
CUST-000085,Email,2024-12-10,25-34,Male,Bengaluru,India,Premium,98.57
CUST-002794,Email,2024-12-10,45-54,Female,Montreal,Canada,Free,15.45
CUST-000970,Google Ads,2024-12-10,18-24,Male,Los Angeles,United States,Free,28.2
CUST-004920,Email,2024-12-10,25-34,Male,Austin,United States,Basic,51.38
CUST-001478,Email,2024-12-10,25-34,Female,Seattle,United States,Free,22.05
CUST-005561,Email,2024-12-10,25-34,Female,Melbourne,Australia,Premium,91.03
CUST-000648,Email,2024-12-10,25-34,Male,Manchester,United Kingdom,Premium,90.13
CUST-004198,Email,2024-12-10,18-24,Female,Los Angeles,United States,Premium,81.55
CUST-003767,Email,2024-12-10,35-44,Female,Vancouver,Canada,Free,15.83
CUST-003397,Google Ads,2024-12-10,55+,Female,Delhi,India,Enterprise,220.04
CUST-004143,Facebook,2024-12-10,35-44,Male,Melbourne,Australia,Premium,125.95
CUST-004896,Google Ads,2024-12-10,55+,Female,Pune,India,Free,24.1
CUST-002503,Email,2024-12-10,25-34,Male,Toronto,Canada,Premium,102.33
CUST-005089,Email,2024-12-10,45-54,Male,Bengaluru,India,Premium,104.71
CUST-005596,Google Ads,2024-12-10,18-24,Female,New York,United States,Free,19.27
CUST-004633,Email,2024-12-10,55+,Female,Pune,India,Premium,89.97
CUST-002883,Email,2024-12-10,35-44,Other,Delhi,India,Premium,89.59
CUST-003405,Google Ads,2024-12-10,35-44,Male,Austin,United States,Premium,114.58
CUST-004278,Organic,2024-12-10,25-34,Female,Seattle,United States,Basic,56.96
CUST-001096,Email,2024-12-10,35-44,Male,Pune,India,Free,21.49
CUST-000371,Email,2024-12-10,35-44,Female,Pune,India,Basic,58.48
CUST-005922,Google Ads,2024-12-10,18-24,Female,Birmingham,United Kingdom,Enterprise,260.25
CUST-005001,Email,2024-12-10,45-54,Male,Seattle,United States,Premium,102.36
CUST-003076,Facebook,2024-12-10,35-44,Male,Austin,United States,Enterprise,209.2
CUST-003977,Google Ads,2024-12-10,55+,Female,Chicago,United States,Premium,98.16
CUST-004453,Email,2024-12-10,35-44,Male,Los Angeles,United States,Premium,84.89
CUST-000343,Instagram,2024-12-10,25-34,Other,Austin,United States,Free,26.14
CUST-001431,Email,2024-12-10,18-24,Male,Delhi,India,Basic,46.42
CUST-004816,Email,2024-12-10,18-24,Female,London,United Kingdom,Basic,41.07
CUST-002061,Email,2024-12-10,25-34,Female,Toronto,Canada,Basic,19.3
CUST-005013,Email,2024-12-10,18-24,Female,Bengaluru,India,Premium,92.0
CUST-001829,Email,2024-12-10,25-34,Male,Pune,India,Basic,56.78
CUST-003091,Email,2024-12-10,25-34,Male,Birmingham,United Kingdom,Enterprise,229.71
CUST-002983,Facebook,2024-12-11,35-44,Male,Seattle,United States,Free,12.07
CUST-005226,Email,2024-12-11,18-24,Female,Chicago,United States,Basic,43.53
CUST-002184,Facebook,2024-12-11,25-34,Male,Birmingham,United Kingdom,Free,13.29
CUST-003868,Email,2024-12-11,25-34,Male,London,United Kingdom,Free,20.47
CUST-005806,Facebook,2024-12-11,35-44,Male,Melbourne,Australia,Basic,68.6
CUST-000130,Google Ads,2024-12-11,18-24,Male,Pune,India,Free,24.85
CUST-001102,Email,2024-12-11,35-44,Male,New York,United States,Premium,102.23
CUST-000559,Google Ads,2024-12-11,25-34,Female,Los Angeles,United States,Free,23.84
CUST-005813,Email,2024-12-11,35-44,Other,Austin,United States,Free,19.89
CUST-003434,Email,2024-12-11,18-24,Male,New York,United States,Free,23.49
CUST-005086,Email,2024-12-11,25-34,Female,Austin,United States,Free,23.96
CUST-002467,Email,2024-12-11,35-44,Male,Seattle,United States,Premium,94.74
CUST-005731,Email,2024-12-11,35-44,Male,Sydney,Australia,Premium,93.0
CUST-002141,Facebook,2024-12-11,18-24,Male,Mumbai,India,Free,21.88
CUST-003043,Google Ads,2024-12-11,25-34,Female,Manchester,United Kingdom,Free,12.45
CUST-003453,Google Ads,2024-12-11,35-44,Female,Austin,United States,Free,11.96
CUST-002816,Google Ads,2024-12-11,35-44,Female,Los Angeles,United States,Basic,49.23
CUST-001925,Google Ads,2024-12-11,25-34,Female,Sydney,Australia,Premium,106.13
CUST-000891,Email,2024-12-11,45-54,Female,Bengaluru,India,Basic,52.15
CUST-002705,Facebook,2024-12-11,35-44,Female,Manchester,United Kingdom,Free,28.81
CUST-002348,Email,2024-12-11,25-34,Female,Mumbai,India,Basic,59.53
CUST-002545,Organic,2024-12-11,55+,Male,Birmingham,United Kingdom,Premium,67.85
CUST-001064,Google Ads,2024-12-11,25-34,Female,New York,United States,Basic,34.61
CUST-002810,Email,2024-12-12,25-34,Male,Birmingham,United Kingdom,Premium,119.79
CUST-004807,Google Ads,2024-12-12,35-44,Male,Manchester,United Kingdom,Free,38.03
CUST-003954,Email,2024-12-12,55+,Female,Delhi,India,Premium,126.87
CUST-004159,Google Ads,2024-12-12,25-34,Female,Melbourne,Australia,Premium,112.42
CUST-002179,Facebook,2024-12-12,55+,Male,Chicago,United States,Premium,71.03
CUST-005304,Email,2024-12-12,18-24,Female,Melbourne,Australia,Premium,90.41
CUST-004654,Google Ads,2024-12-12,45-54,Female,Seattle,United States,Premium,94.1
CUST-000002,Google Ads,2024-12-12,35-44,Female,Melbourne,Australia,Free,17.76
CUST-001295,Email,2024-12-12,35-44,Female,New York,United States,Free,23.34
CUST-005030,Google Ads,2024-12-12,35-44,Female,New York,United States,Premium,100.23
CUST-000180,Affiliate,2024-12-12,45-54,Male,Los Angeles,United States,Premium,123.58
CUST-000910,Google Ads,2024-12-12,25-34,Female,Sydney,Australia,Basic,41.12
CUST-004416,Email,2024-12-12,18-24,Female,New York,United States,Premium,91.38
CUST-003725,Instagram,2024-12-12,18-24,Male,Chicago,United States,Free,19.11
CUST-001621,Email,2024-12-12,45-54,Female,Delhi,India,Enterprise,162.04
CUST-000455,Google Ads,2024-12-12,35-44,Female,Mumbai,India,Basic,48.55
CUST-000799,Google Ads,2024-12-12,25-34,Male,Los Angeles,United States,Basic,69.16
CUST-003488,Google Ads,2024-12-12,25-34,Male,Pune,India,Basic,45.35
CUST-004883,Google Ads,2024-12-12,18-24,Female,London,United Kingdom,Premium,108.87
CUST-005382,Facebook,2024-12-12,25-34,Female,Chicago,United States,Basic,55.49
CUST-004295,Facebook,2024-12-12,18-24,Female,Bengaluru,India,Free,26.13
CUST-004028,Email,2024-12-12,25-34,Female,Birmingham,United Kingdom,Free,26.08
CUST-004108,Email,2024-12-12,18-24,Female,Melbourne,Australia,Free,22.54
CUST-005011,Google Ads,2024-12-12,25-34,Female,Mumbai,India,Basic,45.85
CUST-002991,Google Ads,2024-12-12,18-24,Male,Delhi,India,Basic,46.15
CUST-005754,Google Ads,2024-12-13,35-44,Female,New York,United States,Enterprise,207.06
CUST-000591,Google Ads,2024-12-13,18-24,Female,London,United Kingdom,Premium,86.61
CUST-001513,Google Ads,2024-12-13,45-54,Female,Mumbai,India,Free,21.72
CUST-000362,Organic,2024-12-13,25-34,Male,Manchester,United Kingdom,Free,16.26
CUST-004171,Google Ads,2024-12-13,25-34,Female,Manchester,United Kingdom,Free,22.72
CUST-000316,Email,2024-12-13,18-24,Female,Seattle,United States,Basic,48.54
CUST-000512,Google Ads,2024-12-13,35-44,Male,Sydney,Australia,Enterprise,266.62
CUST-003973,Email,2024-12-13,55+,Male,Chicago,United States,Premium,99.69
CUST-002321,Email,2024-12-13,18-24,Female,Toronto,Canada,Basic,50.89
CUST-004394,Facebook,2024-12-13,25-34,Male,Chicago,United States,Basic,62.35
CUST-003241,Google Ads,2024-12-13,18-24,Female,Mumbai,India,Basic,35.65
CUST-001718,Google Ads,2024-12-13,35-44,Female,Manchester,United Kingdom,Free,24.02
CUST-001303,Email,2024-12-13,25-34,Male,Birmingham,United Kingdom,Basic,45.0
CUST-001209,Email,2024-12-13,25-34,Male,Vancouver,Canada,Premium,81.26
CUST-004921,Instagram,2024-12-13,45-54,Female,Sydney,Australia,Premium,90.97
CUST-003558,Email,2024-12-13,35-44,Male,Seattle,United States,Basic,47.34
CUST-004868,Google Ads,2024-12-13,18-24,Male,Los Angeles,United States,Premium,95.73
CUST-003229,Google Ads,2024-12-13,55+,Male,Bengaluru,India,Basic,49.63
CUST-003579,Instagram,2024-12-13,35-44,Male,Pune,India,Basic,32.3
CUST-003253,Facebook,2024-12-13,45-54,Male,London,United Kingdom,Free,18.41
CUST-003565,Google Ads,2024-12-13,25-34,Female,Bengaluru,India,Basic,33.06
CUST-000438,Email,2024-12-13,35-44,Male,Toronto,Canada,Basic,34.42
CUST-005836,Google Ads,2024-12-13,45-54,Male,Pune,India,Enterprise,105.24
CUST-004687,Email,2024-12-13,35-44,Male,Vancouver,Canada,Premium,93.71
CUST-005232,Email,2024-12-13,25-34,Male,Delhi,India,Premium,77.04
CUST-001570,Email,2024-12-13,25-34,Other,Chicago,United States,Basic,72.33
CUST-003504,Facebook,2024-12-13,35-44,Male,Bengaluru,India,Basic,63.96
CUST-002592,Email,2024-12-13,35-44,Male,Bengaluru,India,Free,16.4
CUST-002352,Google Ads,2024-12-13,25-34,Female,New York,United States,Enterprise,224.61
CUST-003349,Email,2024-12-13,25-34,Male,New York,United States,Basic,26.49
CUST-000612,Google Ads,2024-12-13,25-34,Male,Seattle,United States,Free,27.02
CUST-001497,Facebook,2024-12-13,35-44,Female,Delhi,India,Basic,40.8
CUST-003094,Google Ads,2024-12-13,25-34,Female,Seattle,United States,Free,21.96
CUST-004510,Email,2024-12-13,35-44,Male,Seattle,United States,Basic,71.07
CUST-000073,Google Ads,2024-12-13,55+,Male,Melbourne,Australia,Premium,86.88
CUST-003401,Email,2024-12-13,55+,Male,Delhi,India,Enterprise,245.48
CUST-001949,Google Ads,2024-12-13,25-34,Female,Chicago,United States,Free,20.26
CUST-005965,Email,2024-12-13,35-44,Male,Mumbai,India,Basic,38.28
CUST-003209,Google Ads,2024-12-13,18-24,Male,Toronto,Canada,Premium,84.2
CUST-000209,Google Ads,2024-12-13,45-54,Female,New York,United States,Basic,23.32
CUST-000690,Google Ads,2024-12-14,25-34,Female,Manchester,United Kingdom,Free,28.07
CUST-001656,Google Ads,2024-12-14,25-34,Male,Montreal,Canada,Basic,47.41
CUST-004372,Google Ads,2024-12-14,25-34,Male,Los Angeles,United States,Enterprise,98.52
CUST-002115,Instagram,2024-12-14,18-24,Female,Melbourne,Australia,Basic,49.63
CUST-004446,Email,2024-12-14,35-44,Male,London,United Kingdom,Basic,60.32
CUST-005829,Email,2024-12-14,55+,Male,Manchester,United Kingdom,Premium,76.58
CUST-003444,Google Ads,2024-12-14,35-44,Female,Montreal,Canada,Premium,72.2
CUST-001002,Instagram,2024-12-14,18-24,Male,Seattle,United States,Basic,65.11
CUST-003624,Facebook,2024-12-14,25-34,Male,Melbourne,Australia,Free,26.54
CUST-005015,Google Ads,2024-12-14,45-54,Male,Toronto,Canada,Basic,58.11
CUST-000717,Google Ads,2024-12-14,25-34,Female,Los Angeles,United States,Basic,63.97
CUST-001535,Facebook,2024-12-14,25-34,Male,London,United Kingdom,Premium,133.45
CUST-000008,Email,2024-12-14,25-34,Female,New York,United States,Premium,133.21
CUST-004429,Affiliate,2024-12-14,25-34,Male,Los Angeles,United States,Basic,29.2
CUST-004367,Email,2024-12-14,55+,Female,Sydney,Australia,Basic,36.5
CUST-001553,Email,2024-12-14,25-34,Female,Toronto,Canada,Basic,50.98
CUST-000526,Email,2024-12-14,45-54,Male,Delhi,India,Basic,41.78
CUST-003274,Facebook,2024-12-14,25-34,Female,Delhi,India,Basic,48.91
CUST-004495,Google Ads,2024-12-14,25-34,Female,Melbourne,Australia,Premium,86.65
CUST-005557,Affiliate,2024-12-14,55+,Male,Pune,India,Basic,34.56
CUST-000463,Google Ads,2024-12-14,35-44,Male,Toronto,Canada,Basic,42.28
CUST-001216,Instagram,2024-12-14,18-24,Female,Seattle,United States,Free,13.1
CUST-003968,Email,2024-12-14,55+,Female,Mumbai,India,Free,19.26
CUST-004661,Google Ads,2024-12-14,45-54,Male,London,United Kingdom,Premium,113.54
CUST-003945,Email,2024-12-14,35-44,Female,Montreal,Canada,Basic,13.51
CUST-005443,Facebook,2024-12-14,25-34,Other,Bengaluru,India,Premium,92.27
CUST-005660,Google Ads,2024-12-14,25-34,Other,Delhi,India,Premium,92.85
CUST-005355,Email,2024-12-15,25-34,Male,Delhi,India,Premium,72.41
CUST-005453,Organic,2024-12-15,35-44,Male,Birmingham,United Kingdom,Premium,67.73
CUST-002559,Facebook,2024-12-15,25-34,Male,London,United Kingdom,Free,25.38
CUST-004223,Email,2024-12-15,25-34,Female,London,United Kingdom,Basic,42.41
CUST-004286,Email,2024-12-15,35-44,Female,Montreal,Canada,Basic,20.93
CUST-001313,Google Ads,2024-12-15,18-24,Male,Manchester,United Kingdom,Basic,46.95
CUST-004443,Google Ads,2024-12-15,18-24,Female,Los Angeles,United States,Enterprise,286.91
CUST-001323,Facebook,2024-12-15,18-24,Female,Melbourne,Australia,Basic,47.35
CUST-001832,Facebook,2024-12-15,25-34,Male,Sydney,Australia,Premium,97.25
CUST-004248,Instagram,2024-12-15,18-24,Male,Bengaluru,India,Free,15.23
CUST-002775,Email,2024-12-15,35-44,Male,Montreal,Canada,Free,15.11
CUST-000961,Affiliate,2024-12-15,25-34,Female,Pune,India,Basic,52.27
CUST-004457,Email,2024-12-15,45-54,Male,Birmingham,United Kingdom,Basic,65.84
CUST-002006,Facebook,2024-12-15,35-44,Female,Birmingham,United Kingdom,Free,24.12
CUST-002636,Google Ads,2024-12-15,25-34,Male,Sydney,Australia,Basic,34.22
CUST-003003,Facebook,2024-12-15,18-24,Male,Vancouver,Canada,Basic,27.73
CUST-004913,Email,2024-12-15,25-34,Female,Chicago,United States,Premium,92.62
CUST-002229,Email,2024-12-15,35-44,Male,Austin,United States,Basic,48.94
CUST-002753,Email,2024-12-15,55+,Female,Seattle,United States,Free,13.92
CUST-005560,Email,2024-12-15,25-34,Female,Seattle,United States,Basic,44.35
CUST-005134,Google Ads,2024-12-15,18-24,Male,Manchester,United Kingdom,Premium,94.66
CUST-004137,Affiliate,2024-12-15,55+,Male,Chicago,United States,Basic,74.27
CUST-004104,Google Ads,2024-12-15,35-44,Female,Melbourne,Australia,Basic,40.84
CUST-000798,Google Ads,2024-12-15,35-44,Male,Chicago,United States,Basic,37.46
CUST-003863,Email,2024-12-15,35-44,Female,Birmingham,United Kingdom,Free,15.78
CUST-004749,Email,2024-12-15,45-54,Male,Sydney,Australia,Premium,85.34
CUST-005422,Email,2024-12-15,55+,Male,Sydney,Australia,Free,23.74
CUST-000726,Google Ads,2024-12-15,25-34,Female,Melbourne,Australia,Basic,80.3
CUST-001744,Google Ads,2024-12-15,25-34,Male,Los Angeles,United States,Basic,75.07
CUST-004560,Instagram,2024-12-15,45-54,Female,Toronto,Canada,Free,22.24
CUST-001202,Affiliate,2024-12-16,35-44,Male,Los Angeles,United States,Basic,53.83
CUST-001327,Email,2024-12-16,35-44,Female,Mumbai,India,Basic,15.3
CUST-002110,Google Ads,2024-12-16,35-44,Male,New York,United States,Basic,35.08
CUST-004869,Google Ads,2024-12-16,18-24,Male,Chicago,United States,Basic,48.28
CUST-003886,Email,2024-12-16,35-44,Male,Melbourne,Australia,Free,12.76
CUST-005783,Google Ads,2024-12-16,18-24,Male,Montreal,Canada,Basic,58.76
CUST-005801,Facebook,2024-12-16,25-34,Male,Delhi,India,Free,24.06
CUST-004272,Google Ads,2024-12-16,35-44,Male,Sydney,Australia,Basic,49.23
CUST-003415,Email,2024-12-16,25-34,Male,Pune,India,Premium,73.82
CUST-000048,Facebook,2024-12-16,45-54,Male,Delhi,India,Free,19.05
CUST-002482,Instagram,2024-12-16,18-24,Female,Bengaluru,India,Premium,73.86
CUST-004351,Google Ads,2024-12-16,25-34,Male,Chicago,United States,Premium,111.46
CUST-002800,Google Ads,2024-12-16,25-34,Male,Pune,India,Basic,20.25
CUST-005894,Google Ads,2024-12-16,35-44,Male,Delhi,India,Premium,108.47
CUST-004586,Email,2024-12-16,25-34,Male,Austin,United States,Premium,102.04
CUST-001191,Google Ads,2024-12-16,25-34,Male,Vancouver,Canada,Free,20.15
CUST-004292,Google Ads,2024-12-16,35-44,Male,Bengaluru,India,Enterprise,134.69
CUST-005956,Email,2024-12-16,25-34,Female,New York,United States,Basic,40.17
CUST-005267,Google Ads,2024-12-16,18-24,Male,Bengaluru,India,Basic,57.58
CUST-001203,Email,2024-12-16,35-44,Female,Manchester,United Kingdom,Enterprise,179.13
CUST-001317,Facebook,2024-12-16,25-34,Male,Bengaluru,India,Premium,90.0
CUST-003310,Email,2024-12-16,35-44,Female,Los Angeles,United States,Premium,100.45
CUST-005991,Google Ads,2024-12-16,18-24,Female,Seattle,United States,Basic,63.17
CUST-003294,Google Ads,2024-12-16,25-34,Male,Mumbai,India,Basic,39.56
CUST-001687,Google Ads,2024-12-16,45-54,Male,Chicago,United States,Free,15.84
CUST-005679,Email,2024-12-16,55+,Female,Bengaluru,India,Premium,131.28
CUST-004645,Email,2024-12-16,25-34,Male,Birmingham,United Kingdom,Premium,117.75
CUST-005307,Email,2024-12-16,25-34,Female,Melbourne,Australia,Premium,91.53
CUST-003819,Organic,2024-12-16,55+,Male,Delhi,India,Free,12.41
CUST-001738,Facebook,2024-12-16,25-34,Male,Los Angeles,United States,Basic,40.42
CUST-001171,Google Ads,2024-12-16,25-34,Female,Bengaluru,India,Basic,46.69
CUST-003749,Email,2024-12-17,,Male,Toronto,Canada,Premium,88.27
CUST-003859,Facebook,2024-12-17,45-54,Female,Chicago,United States,Basic,51.66
CUST-001281,Facebook,2024-12-17,25-34,Female,Austin,United States,Free,18.44
CUST-001228,Email,2024-12-17,35-44,Female,Melbourne,Australia,Premium,100.0
CUST-001647,Google Ads,2024-12-17,25-34,Male,Mumbai,India,Enterprise,154.87
CUST-005455,Google Ads,2024-12-17,18-24,Female,Vancouver,Canada,Free,16.99
CUST-003221,Google Ads,2024-12-17,35-44,Male,Chicago,United States,Free,18.92
CUST-003867,Facebook,2024-12-17,25-34,Female,Vancouver,Canada,Free,18.99
CUST-001794,Email,2024-12-17,55+,Male,New York,United States,Basic,18.36
CUST-005588,Facebook,2024-12-17,35-44,Male,Austin,United States,Free,26.06
CUST-003681,Email,2024-12-17,35-44,Other,Bengaluru,India,Basic,40.0
CUST-002411,Email,2024-12-17,35-44,Male,Los Angeles,United States,Premium,60.7
CUST-002942,Email,2024-12-17,45-54,Female,Toronto,Canada,Premium,103.06
CUST-002736,Google Ads,2024-12-17,18-24,Male,Vancouver,Canada,Free,24.43
CUST-005994,Email,2024-12-17,45-54,Female,Seattle,United States,Basic,41.75
CUST-004377,Instagram,2024-12-17,18-24,Female,Sydney,Australia,Free,26.97
CUST-004739,Facebook,2024-12-17,25-34,Female,Austin,United States,Basic,47.21
CUST-004718,Email,2024-12-17,45-54,Female,Manchester,United Kingdom,Free,17.07
CUST-004947,Google Ads,2024-12-17,25-34,Male,Pune,India,Premium,100.46
CUST-002528,Google Ads,2024-12-17,35-44,Female,Seattle,United States,Enterprise,216.94
CUST-005962,Email,2024-12-17,55+,Female,Chicago,United States,Enterprise,180.62
CUST-001068,Instagram,2024-12-17,25-34,Female,Toronto,Canada,Premium,117.61
CUST-004782,Facebook,2024-12-17,45-54,Female,New York,United States,Premium,79.65
CUST-003658,Google Ads,2024-12-17,55+,Male,Vancouver,Canada,Premium,96.88
CUST-004084,Facebook,2024-12-18,35-44,Other,Vancouver,Canada,Free,28.28
CUST-000893,Instagram,2024-12-18,45-54,Male,Mumbai,India,Free,15.12
CUST-000830,Email,2024-12-18,25-34,Female,Chicago,United States,Premium,95.33
CUST-002542,Facebook,2024-12-18,45-54,Male,Seattle,United States,Basic,46.45
CUST-003680,Email,2024-12-18,25-34,Male,Pune,India,Basic,52.87
CUST-002865,Facebook,2024-12-18,18-24,Female,Los Angeles,United States,Premium,109.5
CUST-001675,Organic,2024-12-18,25-34,Female,Bengaluru,India,Free,22.01
CUST-003499,Email,2024-12-18,55+,Female,Birmingham,United Kingdom,Premium,76.36
CUST-003932,Facebook,2024-12-18,35-44,Female,Austin,United States,Premium,74.58
CUST-003740,Instagram,2024-12-18,18-24,Male,Montreal,Canada,Premium,122.56
CUST-003308,Email,2024-12-18,35-44,Male,Melbourne,Australia,Basic,53.51
CUST-003764,Email,2024-12-18,45-54,Male,Mumbai,India,Premium,85.67
CUST-004686,Email,2024-12-18,35-44,Male,Toronto,Canada,Basic,51.46
CUST-005165,Email,2024-12-18,18-24,Female,London,United Kingdom,Basic,46.93
CUST-000087,Email,2024-12-18,25-34,Male,Bengaluru,India,Premium,138.85
CUST-000940,Instagram,2024-12-18,25-34,Female,Delhi,India,Free,20.71
CUST-001300,Email,2024-12-18,35-44,Male,Manchester,United Kingdom,Basic,27.56
CUST-005583,Google Ads,2024-12-19,25-34,Female,London,United Kingdom,Premium,88.8
CUST-002077,Email,2024-12-19,35-44,Female,New York,United States,Free,22.46
CUST-001945,Email,2024-12-19,18-24,Other,Pune,India,Basic,57.06
CUST-000599,Email,2024-12-19,25-34,Male,Los Angeles,United States,Premium,85.61
CUST-001410,Email,2024-12-19,25-34,Other,Melbourne,Australia,Premium,113.81
CUST-001091,Organic,2024-12-19,18-24,Female,London,United Kingdom,Basic,39.34
CUST-000163,Google Ads,2024-12-19,35-44,Male,London,United Kingdom,Premium,80.83
CUST-004359,Email,2024-12-19,25-34,Female,New York,United States,Free,24.58
CUST-001732,Email,2024-12-19,25-34,Male,Manchester,United Kingdom,Enterprise,162.6
CUST-002464,Google Ads,2024-12-19,25-34,Female,Melbourne,Australia,Basic,47.35
CUST-004452,Google Ads,2024-12-19,18-24,Male,New York,United States,Free,22.66
CUST-001954,Email,2024-12-19,25-34,Male,Vancouver,Canada,Free,18.28
CUST-002665,Facebook,2024-12-19,18-24,Male,Vancouver,Canada,Basic,44.56
CUST-001978,Google Ads,2024-12-19,45-54,Male,Mumbai,India,Free,17.86
CUST-005707,Google Ads,2024-12-19,18-24,Female,London,United Kingdom,Premium,122.86
CUST-002643,Google Ads,2024-12-19,25-34,Male,Chicago,United States,Basic,42.87
CUST-005432,Google Ads,2024-12-19,55+,Female,Montreal,Canada,Basic,54.77
CUST-001190,Email,2024-12-19,18-24,Female,Montreal,Canada,Basic,44.0
CUST-004031,Google Ads,2024-12-19,35-44,Female,New York,United States,Premium,98.12
CUST-000487,Google Ads,2024-12-19,25-34,Male,Melbourne,Australia,Basic,38.97
CUST-005446,Google Ads,2024-12-19,35-44,Male,Bengaluru,India,Free,29.08
CUST-001961,Google Ads,2024-12-19,35-44,Male,New York,United States,Free,19.93
CUST-005488,Email,2024-12-19,18-24,Female,Manchester,United Kingdom,Free,21.66
CUST-004239,Email,2024-12-19,18-24,Female,Los Angeles,United States,Basic,49.68
CUST-002720,Google Ads,2024-12-19,55+,Female,Melbourne,Australia,Basic,40.39
CUST-003813,Google Ads,2024-12-20,35-44,Male,Seattle,United States,Basic,32.47
CUST-005070,Google Ads,2024-12-20,25-34,Other,Pune,India,Free,28.23
CUST-001779,Email,2024-12-20,25-34,Female,Birmingham,United Kingdom,Basic,41.1
CUST-001977,Google Ads,2024-12-20,45-54,Female,Bengaluru,India,Premium,69.69
CUST-002133,Organic,2024-12-20,25-34,Male,Toronto,Canada,Premium,74.25
CUST-005210,Google Ads,2024-12-20,55+,Male,Toronto,Canada,Free,20.88
CUST-000862,Google Ads,2024-12-20,25-34,Female,Montreal,Canada,Premium,85.89
CUST-002306,Email,2024-12-20,25-34,Female,Bengaluru,India,Premium,107.87
CUST-005880,Google Ads,2024-12-20,25-34,Female,Pune,India,Basic,56.52
CUST-003097,Google Ads,2024-12-20,55+,Female,Melbourne,Australia,Free,22.78
CUST-003611,Email,2024-12-20,25-34,Female,Los Angeles,United States,Basic,41.43
CUST-000629,Email,2024-12-20,35-44,Male,Birmingham,United Kingdom,Premium,48.29
CUST-001958,Organic,2024-12-20,45-54,Male,Delhi,India,Basic,52.19
CUST-003735,Facebook,2024-12-20,45-54,Other,Pune,India,Free,22.19
CUST-002433,Google Ads,2024-12-20,35-44,Female,Vancouver,Canada,Free,29.55
CUST-002396,Google Ads,2024-12-20,25-34,Female,Vancouver,Canada,Basic,25.01
CUST-005003,Email,2024-12-20,35-44,Female,Los Angeles,United States,Basic,38.88
CUST-000755,Email,2024-12-20,18-24,Female,Mumbai,India,Basic,42.05
CUST-005874,Email,2024-12-20,25-34,Female,Bengaluru,India,Free,26.92
CUST-001863,Affiliate,2024-12-21,25-34,Female,Toronto,Canada,Enterprise,180.94
CUST-001719,Google Ads,2024-12-21,18-24,Female,Mumbai,India,Basic,55.81
CUST-002459,Google Ads,2024-12-21,25-34,Female,New York,United States,Basic,60.45
CUST-001218,Google Ads,2024-12-21,25-34,Male,Pune,India,Premium,77.14
CUST-005074,Google Ads,2024-12-21,25-34,Female,London,United Kingdom,Basic,52.42
CUST-004130,Email,2024-12-21,45-54,Female,Austin,United States,Premium,101.17
CUST-000015,Google Ads,2024-12-21,18-24,Female,Los Angeles,United States,Basic,34.91
CUST-002368,Facebook,2024-12-21,55+,Female,Montreal,Canada,Premium,61.43
CUST-004432,Email,2024-12-21,18-24,Female,New York,United States,Premium,108.72
CUST-003358,Email,2024-12-21,25-34,Male,Birmingham,United Kingdom,Premium,94.21
CUST-000548,Google Ads,2024-12-21,18-24,Male,New York,United States,Premium,103.14
CUST-003028,Google Ads,2024-12-21,18-24,Female,Chicago,United States,Basic,51.64
CUST-005050,Email,2024-12-21,25-34,Female,Melbourne,Australia,Enterprise,238.21
CUST-000068,Facebook,2024-12-21,35-44,Male,Bengaluru,India,Basic,69.03
CUST-002623,Email,2024-12-21,25-34,Male,Seattle,United States,Premium,81.33
CUST-004421,Email,2024-12-21,25-34,Female,Delhi,India,Premium,83.08
CUST-003971,Instagram,2024-12-21,18-24,Female,Delhi,India,Premium,119.85
CUST-003231,Affiliate,2024-12-21,25-34,Female,London,United Kingdom,Free,19.35
CUST-005542,Affiliate,2024-12-21,35-44,Female,London,United Kingdom,Enterprise,258.93
CUST-001558,Google Ads,2024-12-21,25-34,Male,Chicago,United States,Basic,48.33
CUST-000441,Google Ads,2024-12-21,35-44,Male,Birmingham,United Kingdom,Premium,70.49
CUST-000049,Email,2024-12-21,18-24,Female,Sydney,Australia,Premium,117.22
CUST-001607,Email,2024-12-21,35-44,Female,Chicago,United States,Premium,103.26
CUST-000671,Email,2024-12-21,35-44,Female,Chicago,United States,Enterprise,292.04
CUST-003012,Facebook,2024-12-22,55+,Male,Chicago,United States,Free,24.61
CUST-002177,Facebook,2024-12-22,25-34,Female,Sydney,Australia,Basic,16.66
CUST-002097,Google Ads,2024-12-22,25-34,Female,Mumbai,India,Free,13.14
CUST-000177,Google Ads,2024-12-22,55+,Male,Toronto,Canada,Premium,100.64
CUST-001196,Instagram,2024-12-22,18-24,Male,Los Angeles,United States,Basic,40.99
CUST-003686,Google Ads,2024-12-22,25-34,Female,Seattle,United States,Basic,68.65
CUST-003399,Affiliate,2024-12-22,35-44,Female,Melbourne,Australia,Premium,67.81
CUST-003378,Google Ads,2024-12-22,25-34,Male,New York,United States,Free,28.87
CUST-005626,Google Ads,2024-12-22,55+,Male,Mumbai,India,Free,18.13
CUST-001292,Email,2024-12-22,18-24,Male,Pune,India,Basic,52.65
CUST-004211,Google Ads,2024-12-22,55+,Male,Mumbai,India,Free,12.45
CUST-004904,Google Ads,2024-12-22,35-44,Female,Chicago,United States,Basic,46.03
CUST-004179,Email,2024-12-22,18-24,Female,New York,United States,Basic,41.48
CUST-001616,Email,2024-12-22,25-34,Male,Sydney,Australia,Enterprise,138.41
CUST-004146,Google Ads,2024-12-22,25-34,Female,New York,United States,Basic,31.41
CUST-001268,Email,2024-12-22,25-34,Female,Montreal,Canada,Basic,44.75
CUST-004160,Email,2024-12-22,35-44,Male,Austin,United States,Basic,48.95
CUST-002384,Email,2024-12-23,35-44,Female,Pune,India,Premium,78.28
CUST-000245,Email,2024-12-23,18-24,Male,Pune,India,Free,20.42
CUST-002000,Google Ads,2024-12-23,55+,Male,Montreal,Canada,Basic,50.37
CUST-005186,Email,2024-12-23,45-54,Male,Melbourne,Australia,Premium,30.3
CUST-003946,Google Ads,2024-12-23,45-54,Female,Chicago,United States,Enterprise,195.52
CUST-000250,Email,2024-12-23,35-44,Male,Pune,India,Premium,142.49
CUST-004064,Google Ads,2024-12-23,45-54,Male,Mumbai,India,Basic,29.54
CUST-002530,Email,2024-12-23,35-44,Male,Sydney,Australia,Premium,65.78
CUST-001270,Facebook,2024-12-23,25-34,Female,Manchester,United Kingdom,Free,20.96
CUST-005668,Email,2024-12-23,35-44,Male,Manchester,United Kingdom,Premium,122.06
CUST-000600,Email,2024-12-23,18-24,Female,Seattle,United States,Premium,82.76
CUST-001836,Email,2024-12-23,18-24,Male,Chicago,United States,Basic,45.18
CUST-004471,Facebook,2024-12-23,35-44,Female,Chicago,United States,Premium,67.83
CUST-003056,Email,2024-12-23,18-24,Female,Toronto,Canada,Basic,40.26
CUST-002718,Instagram,2024-12-23,35-44,Female,Los Angeles,United States,Free,21.27
CUST-000813,Facebook,2024-12-23,25-34,Male,Chicago,United States,Free,27.87
CUST-001349,Email,2024-12-23,25-34,Male,Chicago,United States,Basic,51.28
CUST-003251,Email,2024-12-23,25-34,Female,Seattle,United States,Free,10.34
CUST-004407,Google Ads,2024-12-23,25-34,Male,Delhi,India,Free,21.87
CUST-000786,Email,2024-12-23,55+,Female,Delhi,India,Premium,78.09
CUST-004982,Facebook,2024-12-23,55+,Male,Pune,India,Basic,25.55
CUST-002261,Facebook,2024-12-23,25-34,Male,New York,United States,Basic,63.79
CUST-004041,Email,2024-12-23,35-44,Other,Montreal,Canada,Premium,94.9
CUST-000924,Email,2024-12-23,45-54,Male,Los Angeles,United States,Free,16.51
CUST-005566,Email,2024-12-23,25-34,Female,Pune,India,Premium,100.69
CUST-000342,Facebook,2024-12-24,25-34,Male,Mumbai,India,Free,18.7
CUST-003334,Email,2024-12-24,55+,Female,Bengaluru,India,Premium,46.8
CUST-003049,Email,2024-12-24,18-24,Female,Los Angeles,United States,Premium,93.23
CUST-003314,Google Ads,2024-12-24,45-54,Female,Delhi,India,Premium,79.14
CUST-003409,Email,2024-12-24,25-34,Male,Seattle,United States,Free,33.2
CUST-004630,Google Ads,2024-12-24,18-24,Male,Toronto,Canada,Premium,100.39
CUST-001799,Email,2024-12-24,18-24,Male,Delhi,India,Basic,57.04
CUST-001886,Email,2024-12-24,55+,Male,Pune,India,Basic,54.08
CUST-002677,Google Ads,2024-12-24,35-44,Male,Mumbai,India,Free,22.81
CUST-004462,Facebook,2024-12-24,18-24,Male,Sydney,Australia,Free,31.23
CUST-001284,Organic,2024-12-24,18-24,Male,Los Angeles,United States,Premium,108.08
CUST-001759,Email,2024-12-24,25-34,Male,Sydney,Australia,Enterprise,177.28
CUST-001511,Google Ads,2024-12-24,18-24,Female,Austin,United States,Enterprise,195.59
CUST-003913,Instagram,2024-12-24,25-34,Female,Mumbai,India,Basic,31.11
CUST-002225,Email,2024-12-24,25-34,Female,Los Angeles,United States,Premium,50.06
CUST-002289,Google Ads,2024-12-24,35-44,Female,Pune,India,Basic,65.61
CUST-002939,Google Ads,2024-12-24,25-34,Female,Los Angeles,United States,Basic,24.88
CUST-005933,Google Ads,2024-12-24,25-34,Male,Sydney,Australia,Free,28.05
CUST-003364,Email,2024-12-24,25-34,Other,London,United Kingdom,Free,23.02
CUST-000022,Email,2024-12-24,35-44,Female,Los Angeles,United States,Premium,80.96
CUST-004592,Email,2024-12-24,18-24,Female,Birmingham,United Kingdom,Premium,76.4
CUST-001427,Facebook,2024-12-24,18-24,Female,Melbourne,Australia,Free,15.33
CUST-004596,Google Ads,2024-12-24,25-34,Female,Austin,United States,Free,25.27
CUST-004105,Email,2024-12-24,25-34,Female,Montreal,Canada,Enterprise,197.22
CUST-000805,Google Ads,2024-12-24,18-24,Male,Birmingham,United Kingdom,Premium,80.92
CUST-000298,Google Ads,2024-12-25,18-24,Male,Melbourne,Australia,Free,29.62
CUST-000383,Google Ads,2024-12-25,35-44,Male,Vancouver,Canada,Enterprise,150.49
CUST-002564,Email,2024-12-25,25-34,Other,Chicago,United States,Basic,52.75
CUST-000920,Google Ads,2024-12-25,18-24,Male,Seattle,United States,Free,7.56
CUST-005458,Email,2024-12-25,35-44,Female,Seattle,United States,Basic,62.76
CUST-004638,Email,2024-12-25,18-24,Male,Mumbai,India,Free,25.51
CUST-002744,Facebook,2024-12-25,18-24,Male,Mumbai,India,Basic,33.79
CUST-000596,Email,2024-12-25,18-24,Male,Los Angeles,United States,Basic,31.54
CUST-004001,Google Ads,2024-12-25,25-34,Female,Los Angeles,United States,Premium,78.0
CUST-005778,Email,2024-12-25,18-24,Female,Sydney,Australia,Basic,54.23
CUST-002879,Email,2024-12-25,25-34,Male,Toronto,Canada,Basic,65.77
CUST-004444,Email,2024-12-25,25-34,Female,Austin,United States,Basic,64.09
CUST-005637,Email,2024-12-25,25-34,Male,London,United Kingdom,Premium,61.75
CUST-001960,Google Ads,2024-12-25,18-24,Female,Austin,United States,Premium,90.7
CUST-005339,Facebook,2024-12-25,25-34,Male,Seattle,United States,Free,22.56
CUST-000258,Email,2024-12-26,35-44,Other,Seattle,United States,Premium,119.91
CUST-003421,Email,2024-12-26,45-54,Male,Manchester,United Kingdom,Premium,100.43
CUST-002151,Email,2024-12-26,25-34,Male,Seattle,United States,Free,29.33
CUST-001373,Affiliate,2024-12-26,25-34,Male,Toronto,Canada,Basic,61.82
CUST-003901,Email,2024-12-26,35-44,Female,New York,United States,Premium,95.04
CUST-002094,Email,2024-12-26,45-54,Female,Vancouver,Canada,Free,33.9
CUST-003975,Google Ads,2024-12-26,45-54,Female,Bengaluru,India,Premium,119.69
CUST-001597,Email,2024-12-26,18-24,Female,Montreal,Canada,Premium,93.43
CUST-005993,Email,2024-12-26,18-24,Male,Delhi,India,Free,11.36
CUST-002058,Email,2024-12-26,35-44,Male,Los Angeles,United States,Premium,75.93
CUST-002750,Email,2024-12-26,25-34,Female,Mumbai,India,Premium,122.17
CUST-000545,Email,2024-12-26,25-34,Female,London,United Kingdom,Enterprise,207.67
CUST-000318,Google Ads,2024-12-26,45-54,Male,Birmingham,United Kingdom,Free,25.54
CUST-003939,Affiliate,2024-12-26,18-24,Female,Los Angeles,United States,Premium,115.74
CUST-004158,Email,2024-12-26,18-24,Female,Birmingham,United Kingdom,Basic,64.33
CUST-000907,Google Ads,2024-12-26,35-44,Female,Pune,India,Basic,40.4
CUST-003161,Email,2024-12-26,25-34,Female,Austin,United States,Premium,143.09
CUST-001796,Email,2024-12-26,55+,Male,Los Angeles,United States,Basic,50.72
CUST-001810,Google Ads,2024-12-26,35-44,Male,New York,United States,Enterprise,172.2
CUST-005982,Email,2024-12-26,18-24,Female,Chicago,United States,Free,18.95
CUST-002050,Email,2024-12-26,25-34,Female,Los Angeles,United States,Premium,80.81
CUST-004976,Google Ads,2024-12-26,55+,Male,Bengaluru,India,Free,18.64
CUST-002779,Affiliate,2024-12-26,18-24,Female,Mumbai,India,Premium,87.4
CUST-002370,Email,2024-12-26,18-24,Female,Toronto,Canada,Basic,46.86
CUST-000780,Affiliate,2024-12-26,18-24,Female,London,United Kingdom,Enterprise,230.19
CUST-000760,Email,2024-12-26,25-34,Female,New York,United States,Premium,74.28
CUST-005711,Email,2024-12-26,18-24,Female,Delhi,India,Free,26.85
CUST-004340,Facebook,2024-12-26,45-54,Male,Vancouver,Canada,Free,21.53
CUST-004751,Email,2024-12-26,18-24,Other,Pune,India,Enterprise,162.49
CUST-002212,Google Ads,2024-12-26,35-44,Female,New York,United States,Free,17.22
CUST-005081,Google Ads,2024-12-27,18-24,Male,Pune,India,Enterprise,126.77
CUST-001922,Google Ads,2024-12-27,18-24,Female,Sydney,Australia,Basic,46.78
CUST-004673,Facebook,2024-12-27,55+,Female,Bengaluru,India,Free,18.58
CUST-003931,Email,2024-12-27,25-34,Female,Toronto,Canada,Basic,39.48
CUST-000092,Email,2024-12-27,25-34,Male,Austin,United States,Basic,40.29
CUST-001324,Google Ads,2024-12-27,35-44,Male,Toronto,Canada,Premium,93.33
CUST-003856,Email,2024-12-27,35-44,Male,New York,United States,Basic,37.37
CUST-001903,Email,2024-12-27,35-44,Female,London,United Kingdom,Basic,44.23
CUST-003219,Email,2024-12-27,25-34,Other,Delhi,India,Basic,68.92
CUST-002926,Facebook,2024-12-27,45-54,Male,Mumbai,India,Free,10.93
CUST-003828,Email,2024-12-27,18-24,Female,New York,United States,Premium,46.96
CUST-005320,Email,2024-12-27,25-34,Male,Pune,India,Basic,52.33
CUST-002769,Affiliate,2024-12-27,55+,Female,Delhi,India,Free,25.21
CUST-003065,Email,2024-12-27,25-34,Male,Sydney,Australia,Free,34.91
CUST-001076,Facebook,2024-12-27,25-34,Male,London,United Kingdom,Basic,34.82
CUST-002562,Google Ads,2024-12-27,18-24,Male,Pune,India,Premium,128.46
CUST-001551,Email,2024-12-27,45-54,Female,Bengaluru,India,Basic,37.63
CUST-001707,Email,2024-12-27,18-24,Female,New York,United States,Basic,50.72
CUST-001623,Google Ads,2024-12-27,45-54,Male,Sydney,Australia,Premium,74.53
CUST-004965,Email,2024-12-27,18-24,Male,Delhi,India,Basic,41.98
CUST-000332,Organic,2024-12-27,35-44,Female,Manchester,United Kingdom,Premium,102.61
CUST-002277,Facebook,2024-12-27,45-54,Female,Bengaluru,India,Free,26.35
CUST-000277,Google Ads,2024-12-27,25-34,Female,Manchester,United Kingdom,Basic,47.11
CUST-005638,Google Ads,2024-12-28,18-24,Male,Toronto,Canada,Basic,39.59
CUST-000392,Email,2024-12-28,35-44,Female,New York,United States,Premium,101.77
CUST-005761,Email,2024-12-28,25-34,Male,Mumbai,India,Premium,86.96
CUST-001691,Google Ads,2024-12-28,25-34,Female,Toronto,Canada,Basic,58.42
CUST-001692,Email,2024-12-28,35-44,Female,Birmingham,United Kingdom,Basic,52.23
CUST-002366,Email,2024-12-28,35-44,Male,Delhi,India,Free,10.53
CUST-002763,Google Ads,2024-12-28,35-44,Female,Chicago,United States,Premium,105.27
CUST-004681,Google Ads,2024-12-28,35-44,Other,Seattle,United States,Basic,41.81
CUST-003595,Email,2024-12-28,25-34,Female,Montreal,Canada,Enterprise,255.51
CUST-005571,Email,2024-12-28,35-44,Female,Manchester,United Kingdom,Premium,83.08
CUST-003657,Email,2024-12-28,55+,Male,Montreal,Canada,Enterprise,241.56
CUST-000300,Google Ads,2024-12-28,25-34,Male,Chicago,United States,Basic,45.01
CUST-003621,Email,2024-12-28,18-24,Female,London,United Kingdom,Basic,46.34
CUST-003804,Google Ads,2024-12-28,18-24,Female,Toronto,Canada,Free,15.39
CUST-002888,Google Ads,2024-12-28,18-24,Male,New York,United States,Premium,36.97
CUST-005342,Google Ads,2024-12-28,35-44,Male,Delhi,India,Premium,118.09
CUST-003226,Facebook,2024-12-28,35-44,Female,Pune,India,Basic,28.27
CUST-003879,Google Ads,2024-12-28,35-44,Female,Seattle,United States,Premium,95.03
CUST-003956,Google Ads,2024-12-28,25-34,Female,Austin,United States,Premium,87.83
CUST-003051,Facebook,2024-12-28,45-54,Female,Birmingham,United Kingdom,Free,18.7
CUST-005114,Google Ads,2024-12-28,25-34,Female,Bengaluru,India,Basic,31.11
CUST-004761,Email,2024-12-28,35-44,Male,London,United Kingdom,Premium,71.77
CUST-000439,Email,2024-12-28,55+,Female,Seattle,United States,Premium,88.67
CUST-003783,Google Ads,2024-12-29,35-44,Female,Birmingham,United Kingdom,Basic,44.58
CUST-001947,Email,2024-12-29,18-24,Male,Mumbai,India,Basic,38.0
CUST-000756,Google Ads,2024-12-29,25-34,Male,Manchester,United Kingdom,Free,24.56
CUST-003743,Organic,2024-12-29,18-24,Female,Seattle,United States,Premium,110.08
CUST-004459,Google Ads,2024-12-29,55+,Male,Toronto,Canada,Enterprise,261.62
CUST-004032,Google Ads,2024-12-29,18-24,Female,Los Angeles,United States,Basic,35.6
CUST-001529,Facebook,2024-12-29,35-44,Other,Bengaluru,India,Basic,53.98
CUST-005572,Google Ads,2024-12-29,25-34,Female,London,United Kingdom,Premium,86.5
CUST-001512,Email,2024-12-29,18-24,Female,Seattle,United States,Premium,86.28
CUST-003531,Google Ads,2024-12-29,35-44,Female,New York,United States,Basic,47.06
CUST-005634,Email,2024-12-29,18-24,Male,Vancouver,Canada,Premium,59.21
CUST-001803,Email,2024-12-29,25-34,Male,New York,United States,Enterprise,249.96
CUST-002654,Google Ads,2024-12-29,18-24,Male,Montreal,Canada,Premium,39.27
CUST-002827,Google Ads,2024-12-29,25-34,Female,Chicago,United States,Free,27.04
CUST-003360,Email,2024-12-29,45-54,Female,Birmingham,United Kingdom,Basic,62.71
CUST-000220,Google Ads,2024-12-29,25-34,Male,Montreal,Canada,Basic,35.82
CUST-003077,Email,2024-12-29,18-24,Male,Pune,India,Enterprise,290.27
CUST-002645,Email,2024-12-29,45-54,Male,Los Angeles,United States,Premium,109.48
CUST-005827,Affiliate,2024-12-29,25-34,Female,Mumbai,India,Premium,54.42
CUST-001453,Email,2024-12-29,25-34,Male,New York,United States,Basic,43.07
CUST-002621,Email,2024-12-29,35-44,Female,Los Angeles,United States,Free,24.25
CUST-004847,Affiliate,2024-12-30,55+,Female,Bengaluru,India,Premium,117.45
CUST-001552,Email,2024-12-30,25-34,Male,Birmingham,United Kingdom,Basic,37.17
CUST-005936,Google Ads,2024-12-30,55+,Male,Delhi,India,Premium,96.91
CUST-004652,Affiliate,2024-12-30,25-34,Male,Austin,United States,Free,18.13
CUST-005697,Google Ads,2024-12-30,18-24,Male,Melbourne,Australia,Basic,63.25
CUST-003437,Email,2024-12-30,55+,Male,Pune,India,Basic,62.73
CUST-003775,Email,2024-12-30,18-24,Female,Vancouver,Canada,Free,12.29
CUST-001480,Facebook,2024-12-30,25-34,Male,Seattle,United States,Premium,161.43
CUST-000397,Email,2024-12-30,35-44,Female,Melbourne,Australia,Basic,59.36
CUST-002804,Email,2024-12-30,25-34,Female,Pune,India,Premium,60.98
CUST-002126,Google Ads,2024-12-30,25-34,Female,Chicago,United States,Premium,87.27
CUST-000314,Email,2024-12-30,25-34,Male,New York,United States,Enterprise,223.81
CUST-002353,Email,2024-12-30,25-34,Female,New York,United States,Free,20.39
CUST-004859,Email,2024-12-30,35-44,Male,Seattle,United States,Premium,116.4
CUST-003580,Email,2024-12-30,25-34,Female,Pune,India,Basic,62.54
CUST-001649,Facebook,2024-12-30,35-44,Male,New York,United States,Premium,139.86
CUST-005918,Email,2024-12-30,18-24,Other,Austin,United States,Free,23.77
CUST-005959,Email,2024-12-30,55+,Male,Seattle,United States,Basic,58.49
CUST-000216,Organic,2024-12-30,18-24,Male,Los Angeles,United States,Basic,55.3
CUST-002243,Email,2024-12-30,18-24,Female,London,United Kingdom,Free,17.09
CUST-004300,Google Ads,2024-12-30,18-24,Other,Chicago,United States,Free,23.02
CUST-000215,Email,2024-12-30,35-44,Female,Melbourne,Australia,Premium,130.49
CUST-001652,Email,2024-12-30,18-24,Female,London,United Kingdom,Premium,108.32
CUST-005516,Google Ads,2024-12-30,18-24,Female,New York,United States,Free,24.78
CUST-000131,Facebook,2024-12-31,25-34,Male,Austin,United States,Free,18.19
CUST-002867,Email,2024-12-31,35-44,Male,Melbourne,Australia,Premium,122.95
CUST-004107,Email,2024-12-31,25-34,Female,Los Angeles,United States,Free,13.07
CUST-003940,Google Ads,2024-12-31,25-34,Male,Birmingham,United Kingdom,Free,20.81
CUST-000669,Email,2024-12-31,25-34,Male,Austin,United States,Premium,101.23
CUST-002681,Google Ads,2024-12-31,35-44,Male,Manchester,United Kingdom,Premium,111.39
CUST-000151,Email,2024-12-31,45-54,Male,Melbourne,Australia,Premium,50.78
CUST-004234,Email,2024-12-31,55+,Female,Birmingham,United Kingdom,Basic,56.37
CUST-000911,Email,2024-12-31,55+,Female,Pune,India,Premium,69.32
CUST-005752,Facebook,2024-12-31,25-34,Male,Birmingham,United Kingdom,Basic,55.35
CUST-000549,Email,2024-12-31,45-54,Other,Chicago,United States,Basic,29.51
CUST-003721,Email,2024-12-31,45-54,Male,Seattle,United States,Premium,83.17
CUST-001376,Google Ads,2024-12-31,25-34,Female,Seattle,United States,Free,15.96
CUST-001385,Google Ads,2024-12-31,25-34,Male,Bengaluru,India,Basic,55.68
CUST-002049,Facebook,2024-12-31,55+,Male,Seattle,United States,Premium,53.98
CUST-003478,Email,2024-12-31,35-44,Male,Bengaluru,India,Free,19.84
CUST-001831,Email,2024-12-31,25-34,Female,Manchester,United Kingdom,Basic,41.13
CUST-000478,Google Ads,2024-12-31,45-54,Male,Mumbai,India,Free,25.36
CUST-001936,Email,2024-12-31,35-44,Female,Austin,United States,Basic,9.1
CUST-005147,Google Ads,2024-12-31,25-34,Female,Austin,United States,Basic,80.0
CUST-005515,Email,2024-12-31,18-24,Male,Birmingham,United Kingdom,Enterprise,201.23
CUST-003995,Email,2024-12-31,25-34,Other,Mumbai,India,Premium,100.78
CUST-000826,Google Ads,2024-12-31,18-24,Female,London,United Kingdom,Basic,61.12
CUST-005040,Email,2024-12-31,18-24,Female,Los Angeles,United States,Basic,45.98
CUST-002981,Google Ads,2024-12-31,45-54,Other,Seattle,United States,Premium,35.49
CUST-005466,Google Ads,2024-12-31,18-24,Female,Manchester,United Kingdom,Basic,45.7
CUST-001204,Facebook,2024-12-31,45-54,Male,Toronto,Canada,Free,22.22
CUST-000355,Email,2025-01-01,18-24,Male,Chicago,United States,Free,24.96
CUST-005664,Facebook,2025-01-01,25-34,Other,New York,United States,Basic,40.68
CUST-003521,Affiliate,2025-01-01,55+,Female,Pune,India,Basic,41.28
CUST-000887,Google Ads,2025-01-01,25-34,Female,Mumbai,India,Basic,37.3
CUST-001956,Google Ads,2025-01-01,18-24,Male,New York,United States,Basic,50.35
CUST-003598,Google Ads,2025-01-01,18-24,Male,Chicago,United States,Enterprise,178.19
CUST-005973,Email,2025-01-01,35-44,Female,Austin,United States,Premium,72.77
CUST-003093,Facebook,2025-01-01,45-54,Male,Manchester,United Kingdom,Enterprise,306.16
CUST-003958,Email,2025-01-01,35-44,Female,Sydney,Australia,Premium,57.35
CUST-005429,Google Ads,2025-01-01,55+,Female,Sydney,Australia,Free,25.5
CUST-003126,Email,2025-01-02,25-34,Male,Los Angeles,United States,Free,24.52
CUST-005048,Google Ads,2025-01-02,55+,Male,Manchester,United Kingdom,Free,19.62
CUST-002224,Google Ads,2025-01-02,25-34,Male,Melbourne,Australia,Premium,88.72
CUST-003630,Email,2025-01-02,35-44,Female,Seattle,United States,Basic,50.84
CUST-005582,Facebook,2025-01-02,35-44,Female,Bengaluru,India,Basic,28.11
CUST-003936,Email,2025-01-02,35-44,Male,Chicago,United States,Free,16.59
CUST-004909,Google Ads,2025-01-02,25-34,Male,Los Angeles,United States,Premium,63.27
CUST-005300,Google Ads,2025-01-02,55+,Female,Birmingham,United Kingdom,Premium,79.74
CUST-000484,Facebook,2025-01-02,18-24,Male,Sydney,Australia,Premium,83.97
CUST-004688,Email,2025-01-02,18-24,Female,Manchester,United Kingdom,Enterprise,262.93
CUST-000642,Google Ads,2025-01-02,18-24,Male,Los Angeles,United States,Basic,45.66
CUST-003277,Email,2025-01-02,35-44,Female,Manchester,United Kingdom,Free,24.41
CUST-003750,Google Ads,2025-01-02,25-34,Female,New York,United States,Basic,54.63
CUST-000652,Email,2025-01-02,25-34,Male,Toronto,Canada,Basic,41.73
CUST-000567,Email,2025-01-02,18-24,Male,London,United Kingdom,Premium,66.52
CUST-002250,Facebook,2025-01-02,55+,Male,Manchester,United Kingdom,Free,19.31
CUST-005053,Google Ads,2025-01-02,35-44,Female,Seattle,United States,Premium,89.38
CUST-002821,Organic,2025-01-02,18-24,Female,Los Angeles,United States,Premium,129.27
CUST-005737,Facebook,2025-01-02,18-24,Female,Austin,United States,Enterprise,182.52
CUST-001808,Google Ads,2025-01-02,25-34,Male,New York,United States,Premium,99.48
CUST-001584,Organic,2025-01-03,35-44,Female,Bengaluru,India,Premium,111.3
CUST-003342,Email,2025-01-03,35-44,Male,Vancouver,Canada,Basic,44.46
CUST-002117,Google Ads,2025-01-03,18-24,Female,Melbourne,Australia,Premium,67.74
CUST-004581,Facebook,2025-01-03,18-24,Male,Delhi,India,Premium,102.01
CUST-001766,Google Ads,2025-01-03,25-34,Other,Los Angeles,United States,Basic,48.22
CUST-000903,Google Ads,2025-01-03,25-34,Female,Chicago,United States,Free,23.32
CUST-000923,Google Ads,2025-01-03,55+,Female,Austin,United States,Free,30.76
CUST-005907,Google Ads,2025-01-03,35-44,Other,New York,United States,Free,22.3
CUST-005118,Email,2025-01-03,18-24,Male,Mumbai,India,Basic,55.82
CUST-005568,Google Ads,2025-01-03,45-54,Female,Manchester,United Kingdom,Basic,43.92
CUST-000039,Affiliate,2025-01-03,25-34,Other,Bengaluru,India,Basic,46.14
CUST-002435,Email,2025-01-03,55+,Male,New York,United States,Free,25.86
CUST-002857,Email,2025-01-03,25-34,Male,Austin,United States,Premium,111.64
CUST-004056,Google Ads,2025-01-03,35-44,Male,Mumbai,India,Premium,109.72
CUST-005145,Email,2025-01-03,25-34,Female,Chicago,United States,Premium,64.52
CUST-003267,Google Ads,2025-01-03,45-54,Female,Austin,United States,Premium,101.99
CUST-004018,Email,2025-01-03,55+,Other,Chicago,United States,Basic,38.85
CUST-001401,Facebook,2025-01-03,35-44,Male,New York,United States,Premium,126.87
CUST-003683,Organic,2025-01-03,18-24,Female,Toronto,Canada,Free,26.62
CUST-001974,Email,2025-01-03,18-24,Female,Austin,United States,Basic,47.66
CUST-005934,Email,2025-01-03,35-44,Female,Bengaluru,India,Free,24.05
CUST-005654,Email,2025-01-03,25-34,Female,Birmingham,United Kingdom,Premium,89.6
CUST-001367,Affiliate,2025-01-03,25-34,Female,Toronto,Canada,Premium,108.18
CUST-003053,Google Ads,2025-01-04,35-44,Male,Delhi,India,Basic,37.71
CUST-001110,Google Ads,2025-01-04,45-54,Male,Chicago,United States,Free,14.0
CUST-005616,Facebook,2025-01-04,25-34,Female,New York,United States,Free,29.04
CUST-001987,Facebook,2025-01-04,35-44,Female,Los Angeles,United States,Basic,72.75
CUST-004818,Email,2025-01-04,35-44,Male,Montreal,Canada,Free,15.03
CUST-003123,Google Ads,2025-01-04,18-24,Male,Manchester,United Kingdom,Basic,37.18
CUST-005670,Email,2025-01-04,35-44,Female,Delhi,India,Enterprise,196.03
CUST-002197,Google Ads,2025-01-04,25-34,Female,New York,United States,Basic,39.42
CUST-002691,Email,2025-01-04,45-54,Male,Austin,United States,Premium,100.7
CUST-001753,Email,2025-01-04,18-24,Female,Seattle,United States,Free,19.09
CUST-002701,Email,2025-01-04,25-34,Male,Sydney,Australia,Premium,170.84
CUST-000793,Google Ads,2025-01-04,35-44,Other,Manchester,United Kingdom,Premium,115.76
CUST-001696,Email,2025-01-04,35-44,Male,Sydney,Australia,Premium,69.21
CUST-003872,Google Ads,2025-01-04,25-34,Female,Chicago,United States,Basic,52.32
CUST-004863,Email,2025-01-04,25-34,Male,Seattle,United States,Basic,41.52
CUST-001308,Email,2025-01-04,18-24,Female,Sydney,Australia,Free,12.53
CUST-000036,Google Ads,2025-01-04,25-34,Male,New York,United States,Basic,38.02
CUST-001706,Google Ads,2025-01-04,18-24,Female,Bengaluru,India,Premium,85.27
CUST-000988,Facebook,2025-01-04,25-34,Female,Pune,India,Premium,109.08
CUST-005928,Email,2025-01-04,25-34,Other,Delhi,India,Free,24.67
CUST-005849,Email,2025-01-04,25-34,Male,Seattle,United States,Basic,60.46
CUST-000938,Email,2025-01-04,35-44,Female,New York,United States,Enterprise,313.0
CUST-004491,Facebook,2025-01-04,25-34,Male,Los Angeles,United States,Enterprise,234.11
CUST-003496,Facebook,2025-01-04,45-54,Male,Los Angeles,United States,Free,18.02
CUST-002362,Email,2025-01-04,35-44,Female,Chicago,United States,Premium,88.27
CUST-004477,Facebook,2025-01-04,35-44,Female,Sydney,Australia,Basic,36.82
CUST-005891,Organic,2025-01-04,45-54,Female,Delhi,India,Premium,115.68
CUST-004344,Email,2025-01-04,55+,Female,Delhi,India,Premium,73.84
CUST-005080,Google Ads,2025-01-04,35-44,Female,London,United Kingdom,Basic,48.43
CUST-003450,Google Ads,2025-01-05,18-24,Female,Los Angeles,United States,Premium,77.31
CUST-004787,Email,2025-01-05,35-44,Female,Mumbai,India,Free,23.7
CUST-005999,Email,2025-01-05,18-24,Male,Montreal,Canada,Premium,97.19
CUST-003461,Affiliate,2025-01-05,55+,Male,London,United Kingdom,Premium,102.1
CUST-004890,Affiliate,2025-01-05,45-54,Female,London,United Kingdom,Enterprise,235.2
CUST-001197,Email,2025-01-05,18-24,Male,London,United Kingdom,Enterprise,186.94
CUST-001491,Google Ads,2025-01-05,18-24,Male,Seattle,United States,Premium,103.4
CUST-003176,Email,2025-01-05,18-24,Male,Bengaluru,India,Basic,38.03
CUST-000401,Google Ads,2025-01-05,45-54,Male,Los Angeles,United States,Free,24.67
CUST-000933,Email,2025-01-05,25-34,Male,Toronto,Canada,Basic,63.67
CUST-004716,Google Ads,2025-01-05,18-24,Female,Birmingham,United Kingdom,Premium,93.14
CUST-000125,Email,2025-01-05,18-24,Male,New York,United States,Free,20.93
CUST-001858,Email,2025-01-05,18-24,Male,Chicago,United States,Premium,104.42
CUST-000673,Google Ads,2025-01-05,25-34,Female,Melbourne,Australia,Basic,57.16
CUST-001588,Email,2025-01-05,45-54,Female,New York,United States,Basic,27.69
CUST-002008,Email,2025-01-05,25-34,Male,Austin,United States,Premium,97.67
CUST-005807,Google Ads,2025-01-05,25-34,Female,Los Angeles,United States,Premium,82.17
CUST-000086,Google Ads,2025-01-05,35-44,Male,Manchester,United Kingdom,Enterprise,227.04
CUST-000305,Email,2025-01-05,35-44,Female,Pune,India,Premium,125.76
CUST-004614,Email,2025-01-05,45-54,Male,Pune,India,Premium,97.86
CUST-002054,Facebook,2025-01-05,35-44,Female,Melbourne,Australia,Free,19.31
CUST-000361,Facebook,2025-01-05,18-24,Female,Birmingham,United Kingdom,Enterprise,246.94
CUST-000475,Email,2025-01-05,45-54,Male,Chicago,United States,Free,13.7
CUST-003733,Facebook,2025-01-05,25-34,Male,Los Angeles,United States,Premium,98.59
CUST-001520,Email,2025-01-05,35-44,Male,Vancouver,Canada,Free,15.4
CUST-005870,Email,2025-01-06,35-44,Male,Bengaluru,India,Premium,131.99
CUST-005815,Email,2025-01-06,18-24,Female,New York,United States,Basic,48.77
CUST-003457,Email,2025-01-06,18-24,Female,Birmingham,United Kingdom,Basic,44.5
CUST-005290,Affiliate,2025-01-06,35-44,Female,Los Angeles,United States,Basic,52.17
CUST-004919,Email,2025-01-06,25-34,Female,Bengaluru,India,Free,29.69
CUST-002844,Email,2025-01-06,45-54,Male,Birmingham,United Kingdom,Free,21.31
CUST-005868,Email,2025-01-06,18-24,Male,Pune,India,Premium,101.89
CUST-000834,Facebook,2025-01-06,35-44,Female,New York,United States,Basic,41.73
CUST-004267,Google Ads,2025-01-06,25-34,Female,Pune,India,Free,25.62
CUST-004186,Email,2025-01-06,45-54,Female,Los Angeles,United States,Premium,99.91
CUST-005155,Email,2025-01-06,25-34,Male,Los Angeles,United States,Premium,73.73
CUST-001018,Google Ads,2025-01-06,35-44,Male,Austin,United States,Premium,95.16
CUST-001073,Affiliate,2025-01-06,25-34,Male,Austin,United States,Free,23.25
CUST-002204,Google Ads,2025-01-06,35-44,Male,Austin,United States,Premium,114.88
CUST-002884,Google Ads,2025-01-06,25-34,Female,Birmingham,United Kingdom,Basic,59.2
CUST-002893,Email,2025-01-06,45-54,Female,Bengaluru,India,Basic,51.62
CUST-000792,Email,2025-01-06,45-54,Male,Mumbai,India,Premium,74.35
CUST-001134,Facebook,2025-01-06,25-34,Male,Chicago,United States,Free,21.5
CUST-003853,Email,2025-01-06,35-44,Female,Montreal,Canada,Basic,52.19
CUST-005481,Facebook,2025-01-06,18-24,Female,Seattle,United States,Basic,57.41
CUST-004855,Facebook,2025-01-06,18-24,Female,Mumbai,India,Basic,48.62
CUST-001169,Email,2025-01-06,45-54,Female,Pune,India,Basic,43.19
CUST-001601,Email,2025-01-07,25-34,Female,Montreal,Canada,Basic,37.69
CUST-004842,Facebook,2025-01-07,25-34,Female,Manchester,United Kingdom,Basic,50.03
CUST-002952,Google Ads,2025-01-07,25-34,Male,Sydney,Australia,Basic,42.27
CUST-001695,Email,2025-01-07,55+,Male,Los Angeles,United States,Basic,57.12
CUST-003862,Email,2025-01-07,35-44,Female,Montreal,Canada,Basic,43.46
CUST-003503,Google Ads,2025-01-07,35-44,Female,New York,United States,Free,15.73
CUST-001111,Facebook,2025-01-07,55+,Female,Toronto,Canada,Premium,115.23
CUST-005012,Email,2025-01-07,55+,Male,Sydney,Australia,Free,29.49
CUST-001241,Affiliate,2025-01-07,45-54,Female,Sydney,Australia,Free,23.06
CUST-003111,Email,2025-01-07,25-34,Male,New York,United States,Basic,45.46
CUST-001715,Email,2025-01-07,25-34,Male,Toronto,Canada,Premium,130.1
CUST-000218,Google Ads,2025-01-07,18-24,Female,Seattle,United States,Premium,103.85
CUST-000608,Email,2025-01-07,35-44,Male,Austin,United States,Basic,47.1
CUST-002569,Google Ads,2025-01-07,35-44,Male,Los Angeles,United States,Basic,52.01
CUST-001090,Email,2025-01-07,25-34,Female,New York,United States,Premium,59.07
CUST-001685,Email,2025-01-07,35-44,Female,Chicago,United States,Free,29.02
CUST-004343,Email,2025-01-07,35-44,Male,Sydney,Australia,Enterprise,263.64
CUST-000090,Google Ads,2025-01-07,25-34,Male,Austin,United States,Premium,81.43
CUST-002553,Google Ads,2025-01-07,25-34,Female,Manchester,United Kingdom,Basic,46.81
CUST-004177,Email,2025-01-07,35-44,Male,Bengaluru,India,Free,18.46
CUST-004948,Email,2025-01-07,45-54,Male,London,United Kingdom,Basic,48.8
CUST-000059,Email,2025-01-07,25-34,Other,Pune,India,Basic,46.98
CUST-005706,Google Ads,2025-01-07,35-44,Other,Chicago,United States,Basic,48.58
CUST-001470,Email,2025-01-08,45-54,Female,Birmingham,United Kingdom,Premium,104.95
CUST-003710,Email,2025-01-08,25-34,Male,Seattle,United States,Free,34.03
CUST-002029,Email,2025-01-08,35-44,Female,Mumbai,India,Premium,71.11
CUST-004019,Google Ads,2025-01-08,,Male,Mumbai,India,Premium,66.19
CUST-002619,Google Ads,2025-01-08,18-24,Male,New York,United States,Basic,34.35
CUST-000223,Google Ads,2025-01-08,18-24,Female,New York,United States,Premium,142.34
CUST-005146,Facebook,2025-01-08,25-34,Female,Seattle,United States,Basic,28.37
CUST-003064,Facebook,2025-01-08,25-34,Male,Seattle,United States,Free,26.51
CUST-004315,Email,2025-01-08,35-44,Female,Melbourne,Australia,Basic,69.09
CUST-002442,Email,2025-01-08,25-34,Male,Pune,India,Basic,45.5
CUST-000327,Email,2025-01-08,18-24,Female,Melbourne,Australia,Basic,41.88
CUST-001642,Email,2025-01-08,35-44,Female,Vancouver,Canada,Free,16.27
CUST-002770,Email,2025-01-08,18-24,Male,Melbourne,Australia,Basic,26.25
CUST-004569,Email,2025-01-08,25-34,Male,Manchester,United Kingdom,Free,18.61
CUST-005006,Email,2025-01-08,55+,Female,Pune,India,Premium,87.57
CUST-001206,Organic,2025-01-08,35-44,Male,Chicago,United States,Premium,127.29
CUST-002039,Email,2025-01-08,55+,Female,London,United Kingdom,Basic,31.92
CUST-004979,Email,2025-01-08,25-34,Female,Chicago,United States,Free,20.54
CUST-005704,Google Ads,2025-01-08,18-24,Female,Bengaluru,India,Free,22.03
CUST-002443,Email,2025-01-08,45-54,Other,London,United Kingdom,Premium,80.68
CUST-001787,Google Ads,2025-01-08,25-34,Female,Pune,India,Basic,40.55
CUST-004887,Google Ads,2025-01-09,25-34,Male,Mumbai,India,Basic,60.49
CUST-001035,Email,2025-01-09,25-34,Male,Seattle,United States,Free,26.35
CUST-004411,Facebook,2025-01-09,25-34,Female,Sydney,Australia,Free,23.35
CUST-000713,Google Ads,2025-01-09,25-34,Female,Bengaluru,India,Premium,93.0
CUST-002972,Email,2025-01-09,18-24,Female,Pune,India,Premium,97.18
CUST-005066,Google Ads,2025-01-09,18-24,Female,Chicago,United States,Premium,64.54
CUST-004939,Google Ads,2025-01-09,35-44,Other,Vancouver,Canada,Basic,26.16
CUST-002777,Organic,2025-01-09,18-24,Female,Mumbai,India,Premium,83.09
CUST-005553,Google Ads,2025-01-09,25-34,Male,London,United Kingdom,Enterprise,134.26
CUST-002869,Google Ads,2025-01-09,35-44,Other,Austin,United States,Free,23.34
CUST-003722,Google Ads,2025-01-09,25-34,Male,Mumbai,India,Premium,66.58
CUST-001700,Google Ads,2025-01-09,55+,Female,Los Angeles,United States,Enterprise,281.17
CUST-002440,Email,2025-01-09,45-54,Female,Los Angeles,United States,Free,21.83
CUST-004916,Email,2025-01-09,25-34,Female,New York,United States,Free,8.73
CUST-000513,Email,2025-01-09,45-54,Male,Vancouver,Canada,Premium,35.93
CUST-000765,Email,2025-01-09,35-44,Female,Seattle,United States,Premium,126.88
CUST-004609,Email,2025-01-09,25-34,Female,Birmingham,United Kingdom,Basic,46.53
CUST-000963,Google Ads,2025-01-09,25-34,Male,Chicago,United States,Premium,147.19
CUST-001017,Google Ads,2025-01-09,25-34,Male,Sydney,Australia,Basic,35.93
CUST-005381,Google Ads,2025-01-10,25-34,Female,Chicago,United States,Basic,54.72
CUST-004276,Email,2025-01-10,35-44,Female,Chicago,United States,Free,20.8
CUST-003944,Facebook,2025-01-10,18-24,Male,Austin,United States,Basic,48.8
CUST-001120,Email,2025-01-10,25-34,Female,Pune,India,Enterprise,227.82
CUST-002238,Affiliate,2025-01-10,25-34,Male,Birmingham,United Kingdom,Basic,37.58
CUST-003389,Email,2025-01-10,35-44,Female,Melbourne,Australia,Premium,91.83
CUST-003578,Google Ads,2025-01-10,25-34,Male,Los Angeles,United States,Enterprise,280.61
CUST-004307,Google Ads,2025-01-10,35-44,Female,Montreal,Canada,Premium,116.31
CUST-005056,Google Ads,2025-01-10,18-24,Male,Manchester,United Kingdom,Basic,39.53
CUST-002341,Affiliate,2025-01-10,18-24,Male,Sydney,Australia,Premium,92.56
CUST-004858,Google Ads,2025-01-10,25-34,Female,Austin,United States,Enterprise,175.21
CUST-001763,Affiliate,2025-01-10,35-44,Male,Manchester,United Kingdom,Premium,89.34
CUST-003742,Google Ads,2025-01-10,55+,Male,Bengaluru,India,Basic,54.45
CUST-003591,Affiliate,2025-01-10,18-24,Male,Manchester,United Kingdom,Basic,38.34
CUST-005606,Google Ads,2025-01-10,18-24,Female,Pune,India,Basic,51.05
CUST-000255,Email,2025-01-10,25-34,Female,Los Angeles,United States,Free,27.44
CUST-004937,Facebook,2025-01-10,25-34,Other,Manchester,United Kingdom,Basic,63.5
CUST-005188,Email,2025-01-10,45-54,Male,Austin,United States,Basic,44.68
CUST-003841,Email,2025-01-10,25-34,Other,Chicago,United States,Free,21.72
CUST-002843,Facebook,2025-01-10,55+,Male,Vancouver,Canada,Basic,65.97
CUST-001404,Email,2025-01-10,18-24,Female,Seattle,United States,Free,20.59
CUST-000718,Google Ads,2025-01-10,25-34,Female,Delhi,India,Premium,151.8
CUST-001505,Facebook,2025-01-10,18-24,Male,Manchester,United Kingdom,Basic,53.23
CUST-000843,Google Ads,2025-01-11,55+,Female,Toronto,Canada,Enterprise,164.44
CUST-003254,Google Ads,2025-01-11,55+,Female,Montreal,Canada,Basic,38.44
CUST-000051,Google Ads,2025-01-11,55+,Male,Melbourne,Australia,Basic,41.45
CUST-001328,Affiliate,2025-01-11,25-34,Female,Sydney,Australia,Enterprise,212.93
CUST-001905,Google Ads,2025-01-11,25-34,Female,London,United Kingdom,Basic,62.91
CUST-005951,Affiliate,2025-01-11,25-34,Female,Vancouver,Canada,Premium,121.6
CUST-003448,Facebook,2025-01-11,18-24,Male,Mumbai,India,Premium,92.42
CUST-005764,Google Ads,2025-01-11,18-24,Male,Austin,United States,Basic,65.24
CUST-003057,Google Ads,2025-01-11,35-44,Male,Montreal,Canada,Free,19.25
CUST-001233,Google Ads,2025-01-11,35-44,Female,Mumbai,India,Basic,40.67
CUST-000895,Email,2025-01-11,18-24,Male,Seattle,United States,Free,24.21
CUST-001608,Email,2025-01-11,35-44,Male,London,United Kingdom,Basic,37.09
CUST-002182,Google Ads,2025-01-11,45-54,Male,Seattle,United States,Basic,43.62
CUST-000719,Email,2025-01-11,35-44,Female,Mumbai,India,Basic,57.63
CUST-002399,Google Ads,2025-01-11,25-34,Female,Birmingham,United Kingdom,Premium,112.34
CUST-002782,Email,2025-01-11,35-44,Other,London,United Kingdom,Enterprise,156.61
CUST-002257,Email,2025-01-11,25-34,Female,Austin,United States,Premium,112.76
CUST-001033,Google Ads,2025-01-11,18-24,Male,Los Angeles,United States,Free,19.47
CUST-001943,Email,2025-01-11,25-34,Male,Manchester,United Kingdom,Free,29.06
CUST-000102,Facebook,2025-01-11,45-54,Female,Pune,India,Basic,38.27
CUST-003575,Google Ads,2025-01-11,35-44,Male,Toronto,Canada,Free,17.24
CUST-000004,Email,2025-01-12,25-34,Female,Manchester,United Kingdom,Enterprise,230.59
CUST-000995,Email,2025-01-12,18-24,Male,Austin,United States,Basic,59.6
CUST-001568,Email,2025-01-12,18-24,Female,Mumbai,India,Basic,57.6
CUST-005378,Google Ads,2025-01-12,35-44,Female,Mumbai,India,Premium,77.27
CUST-005855,Email,2025-01-12,55+,Male,Delhi,India,Free,11.69
CUST-002493,Affiliate,2025-01-12,45-54,Male,Melbourne,Australia,Basic,37.07
CUST-002035,Email,2025-01-12,18-24,Female,Los Angeles,United States,Premium,87.41
CUST-004400,Facebook,2025-01-12,18-24,Other,Birmingham,United Kingdom,Free,24.33
CUST-005663,Email,2025-01-12,18-24,Male,Austin,United States,Premium,83.03
CUST-001524,Email,2025-01-12,25-34,Female,Mumbai,India,Basic,57.14
CUST-001490,Email,2025-01-12,25-34,Male,Melbourne,Australia,Premium,69.77
CUST-005520,Google Ads,2025-01-12,25-34,Female,New York,United States,Basic,49.7
CUST-000623,Google Ads,2025-01-12,45-54,Female,Manchester,United Kingdom,Premium,122.67
CUST-003204,Google Ads,2025-01-12,25-34,Male,Seattle,United States,Basic,56.41
CUST-005447,Email,2025-01-12,18-24,Male,Los Angeles,United States,Basic,47.98
CUST-005554,Email,2025-01-12,55+,Male,Delhi,India,Basic,59.04
CUST-002218,Email,2025-01-13,45-54,Female,Birmingham,United Kingdom,Premium,127.26
CUST-002245,Google Ads,2025-01-13,55+,Female,New York,United States,Free,25.26
CUST-003252,Email,2025-01-13,25-34,Male,Chicago,United States,Premium,108.79
CUST-002760,Email,2025-01-13,45-54,Female,Los Angeles,United States,Basic,51.99
CUST-005613,Email,2025-01-13,55+,Other,New York,United States,Basic,16.48
CUST-001148,Email,2025-01-13,55+,Female,Mumbai,India,Basic,42.79
CUST-000994,Email,2025-01-13,25-34,Female,Seattle,United States,Free,20.86
CUST-003907,Affiliate,2025-01-13,18-24,Male,Los Angeles,United States,Basic,59.29
CUST-000557,Facebook,2025-01-13,25-34,Female,Manchester,United Kingdom,Free,26.81
CUST-001606,Google Ads,2025-01-13,55+,Male,Birmingham,United Kingdom,Free,26.78
CUST-005864,Affiliate,2025-01-13,55+,Female,Austin,United States,Free,24.03
CUST-003137,Email,2025-01-13,55+,Female,Seattle,United States,Premium,95.15
CUST-004876,Google Ads,2025-01-13,35-44,Female,Bengaluru,India,Premium,104.6
CUST-000865,Email,2025-01-13,35-44,Female,New York,United States,Enterprise,264.03
CUST-005116,Email,2025-01-13,55+,Male,Birmingham,United Kingdom,Enterprise,228.28
CUST-000626,Email,2025-01-13,35-44,Female,Vancouver,Canada,Free,24.64
CUST-001128,Organic,2025-01-13,45-54,Male,London,United Kingdom,Basic,24.81
CUST-000795,Email,2025-01-13,55+,Male,Mumbai,India,Premium,118.51
CUST-005540,Email,2025-01-14,55+,Male,Manchester,United Kingdom,Premium,107.67
CUST-001274,Facebook,2025-01-14,25-34,Male,Delhi,India,Enterprise,166.96
CUST-004455,Email,2025-01-14,35-44,Male,Melbourne,Australia,Premium,82.44
CUST-004284,Facebook,2025-01-14,25-34,Male,Austin,United States,Free,25.46
CUST-001386,Email,2025-01-14,25-34,Female,Los Angeles,United States,Basic,32.24
CUST-001745,Google Ads,2025-01-14,35-44,Male,Pune,India,Basic,18.24
CUST-002191,Google Ads,2025-01-14,35-44,Female,Birmingham,United Kingdom,Premium,100.37
CUST-004778,Email,2025-01-14,25-34,Female,Manchester,United Kingdom,Basic,69.66
CUST-000175,Email,2025-01-14,25-34,Other,Bengaluru,India,Free,24.73
CUST-001146,Google Ads,2025-01-14,25-34,Female,Birmingham,United Kingdom,Free,25.21
CUST-001008,Email,2025-01-14,25-34,Female,Pune,India,Free,23.16
CUST-003755,Email,2025-01-14,25-34,Male,Austin,United States,Premium,55.52
CUST-003203,Email,2025-01-14,18-24,Male,Seattle,United States,Premium,66.03
CUST-005425,Email,2025-01-14,25-34,Male,Manchester,United Kingdom,Free,17.71
CUST-004945,Email,2025-01-14,35-44,Female,New York,United States,Basic,39.39
CUST-001024,Google Ads,2025-01-14,25-34,Male,Pune,India,Free,26.28
CUST-005225,Google Ads,2025-01-14,25-34,Female,Melbourne,Australia,Premium,154.45
CUST-000241,Email,2025-01-14,25-34,Female,Los Angeles,United States,Enterprise,262.88
CUST-005047,Google Ads,2025-01-14,45-54,Female,Los Angeles,United States,Premium,95.08
CUST-003166,Google Ads,2025-01-14,45-54,Female,Mumbai,India,Free,25.65
CUST-003869,Google Ads,2025-01-14,35-44,Male,Mumbai,India,Basic,39.04
CUST-004901,Email,2025-01-14,35-44,Male,London,United Kingdom,Basic,29.28
CUST-003768,Google Ads,2025-01-14,25-34,Male,Manchester,United Kingdom,Free,28.76
CUST-005611,Email,2025-01-15,45-54,Female,Seattle,United States,Basic,55.31
CUST-000040,Facebook,2025-01-15,55+,Male,Birmingham,United Kingdom,Free,24.37
CUST-003834,Email,2025-01-15,45-54,Female,Pune,India,Premium,47.44
CUST-002149,Email,2025-01-15,25-34,Male,Seattle,United States,Basic,47.57
CUST-000939,Google Ads,2025-01-15,25-34,Male,Bengaluru,India,Premium,108.59
CUST-000357,Email,2025-01-15,25-34,Male,Melbourne,Australia,Basic,45.56
CUST-004676,Google Ads,2025-01-15,35-44,Male,Vancouver,Canada,Free,17.76
CUST-000434,Organic,2025-01-15,25-34,Male,Sydney,Australia,Enterprise,236.48
CUST-003020,Facebook,2025-01-15,35-44,Male,Mumbai,India,Enterprise,273.52
CUST-005504,Email,2025-01-15,18-24,Female,Birmingham,United Kingdom,Premium,104.13
CUST-002854,Email,2025-01-15,25-34,Female,Sydney,Australia,Premium,71.3
CUST-005166,Facebook,2025-01-15,35-44,Male,New York,United States,Basic,47.78
CUST-002365,Email,2025-01-15,35-44,Male,Bengaluru,India,Basic,42.0
CUST-004943,Email,2025-01-15,55+,Male,Toronto,Canada,Free,15.82
CUST-000561,Email,2025-01-15,25-34,Male,Toronto,Canada,Basic,58.64
CUST-002567,Email,2025-01-15,35-44,Male,Birmingham,United Kingdom,Premium,104.52
CUST-005716,Google Ads,2025-01-15,35-44,Male,Manchester,United Kingdom,Basic,45.3
CUST-004566,Email,2025-01-15,25-34,Male,Austin,United States,Premium,115.49
CUST-002122,Email,2025-01-16,25-34,Male,Austin,United States,Premium,106.41
CUST-003174,Email,2025-01-16,35-44,Female,Montreal,Canada,Premium,116.86
CUST-004004,Facebook,2025-01-16,35-44,Male,Chicago,United States,Basic,39.57
CUST-002529,Facebook,2025-01-16,18-24,Female,Vancouver,Canada,Premium,78.94
CUST-000613,Email,2025-01-16,18-24,Male,Pune,India,Free,16.54
CUST-003551,Google Ads,2025-01-16,18-24,Male,Seattle,United States,Premium,141.9
CUST-000632,Email,2025-01-16,35-44,Male,Pune,India,Free,27.62
CUST-004845,Google Ads,2025-01-16,45-54,Male,New York,United States,Free,20.43
CUST-000678,Google Ads,2025-01-16,25-34,Female,Chicago,United States,Basic,35.1
CUST-004410,Google Ads,2025-01-16,18-24,Female,Bengaluru,India,Basic,38.45
CUST-002873,Email,2025-01-16,18-24,Male,Delhi,India,Free,25.4
CUST-002346,Email,2025-01-16,18-24,Female,Toronto,Canada,Enterprise,177.22
CUST-003345,Email,2025-01-16,45-54,Male,Manchester,United Kingdom,Basic,44.14
CUST-003245,Google Ads,2025-01-16,35-44,Male,Vancouver,Canada,Basic,47.27
CUST-001889,Email,2025-01-16,45-54,Female,Delhi,India,Premium,67.08
CUST-000749,Email,2025-01-16,18-24,Female,Mumbai,India,Free,29.48
CUST-004933,Google Ads,2025-01-16,35-44,Male,Toronto,Canada,Free,24.58
CUST-002796,Google Ads,2025-01-16,35-44,Male,Chicago,United States,Free,21.05
CUST-003048,Google Ads,2025-01-16,35-44,Female,Manchester,United Kingdom,Premium,91.07
CUST-005961,Affiliate,2025-01-16,18-24,Female,Chicago,United States,Enterprise,206.84
CUST-003069,Email,2025-01-16,35-44,Male,London,United Kingdom,Free,16.39
CUST-004352,Email,2025-01-16,35-44,Male,Manchester,United Kingdom,Basic,30.65
CUST-004129,Email,2025-01-16,45-54,Female,New York,United States,Premium,98.87
CUST-004498,Email,2025-01-16,18-24,Female,Montreal,Canada,Basic,46.61
CUST-002486,Google Ads,2025-01-17,35-44,Male,Bengaluru,India,Basic,63.74
CUST-004918,Google Ads,2025-01-17,18-24,Male,Birmingham,United Kingdom,Premium,116.5
CUST-002616,Google Ads,2025-01-17,18-24,Male,Vancouver,Canada,Enterprise,129.45
CUST-005184,Google Ads,2025-01-17,25-34,Female,Montreal,Canada,Basic,60.99
CUST-000704,Google Ads,2025-01-17,35-44,Female,New York,United States,Enterprise,202.56
CUST-002829,Organic,2025-01-17,25-34,Male,Vancouver,Canada,Enterprise,105.71
CUST-004899,Email,2025-01-17,25-34,Female,Chicago,United States,Basic,68.96
CUST-003687,Google Ads,2025-01-17,35-44,Male,Birmingham,United Kingdom,Premium,72.05
CUST-002731,Google Ads,2025-01-17,45-54,Female,New York,United States,Free,24.09
CUST-005548,Email,2025-01-17,55+,Male,Los Angeles,United States,Premium,86.79
CUST-002864,Facebook,2025-01-17,35-44,Male,Melbourne,Australia,Free,16.27
CUST-003792,Google Ads,2025-01-17,25-34,Female,Pune,India,Enterprise,245.4
CUST-002423,Facebook,2025-01-17,35-44,Female,London,United Kingdom,Basic,37.61
CUST-003510,Facebook,2025-01-17,25-34,Male,Seattle,United States,Basic,66.88
CUST-000649,Email,2025-01-17,55+,Male,Birmingham,United Kingdom,Basic,18.24
CUST-004147,Email,2025-01-17,55+,Male,Bengaluru,India,Basic,70.23
CUST-003070,Google Ads,2025-01-17,35-44,Male,Sydney,Australia,Premium,139.86
CUST-005987,Email,2025-01-17,18-24,Female,Montreal,Canada,Free,25.99
CUST-005975,Google Ads,2025-01-17,45-54,Female,Melbourne,Australia,Enterprise,186.42
CUST-000973,Affiliate,2025-01-17,18-24,Male,Mumbai,India,Premium,98.56
CUST-003138,Email,2025-01-18,35-44,Female,Chicago,United States,Basic,71.36
CUST-004879,Google Ads,2025-01-18,35-44,Male,Melbourne,Australia,Premium,84.7
CUST-003455,Email,2025-01-18,35-44,Female,New York,United States,Free,25.09
CUST-005376,Email,2025-01-18,18-24,Male,Vancouver,Canada,Enterprise,185.4
CUST-001392,Facebook,2025-01-18,18-24,Female,Manchester,United Kingdom,Premium,67.31
CUST-005920,Google Ads,2025-01-18,25-34,Male,New York,United States,Premium,106.95
CUST-002724,Google Ads,2025-01-18,25-34,Female,Seattle,United States,Basic,36.89
CUST-003313,Email,2025-01-18,45-54,Female,Austin,United States,Enterprise,179.42
CUST-001271,Email,2025-01-18,35-44,Female,Delhi,India,Basic,54.17
CUST-003672,Google Ads,2025-01-18,35-44,Female,Seattle,United States,Premium,50.8
CUST-005581,Google Ads,2025-01-18,25-34,Female,Los Angeles,United States,Enterprise,271.92
CUST-002778,Organic,2025-01-18,25-34,Female,Pune,India,Basic,60.61
CUST-002802,Organic,2025-01-18,45-54,Male,Mumbai,India,Free,11.53
CUST-001926,Email,2025-01-18,18-24,Male,Chicago,United States,Basic,61.78
CUST-004101,Email,2025-01-18,18-24,Male,Los Angeles,United States,Basic,41.35
CUST-000823,Google Ads,2025-01-18,35-44,Male,New York,United States,Premium,148.35
CUST-001345,Facebook,2025-01-18,55+,Male,Seattle,United States,Free,15.99
CUST-000078,Email,2025-01-18,35-44,Female,Austin,United States,Basic,43.9
CUST-004810,Google Ads,2025-01-18,35-44,Female,Birmingham,United Kingdom,Premium,80.12
CUST-005392,Google Ads,2025-01-18,35-44,Male,Vancouver,Canada,Premium,95.37
CUST-005810,Google Ads,2025-01-18,35-44,Male,Los Angeles,United States,Premium,140.26
CUST-000058,Google Ads,2025-01-18,35-44,Male,Austin,United States,Premium,107.23
CUST-000480,Email,2025-01-18,25-34,Male,Toronto,Canada,Free,14.22
CUST-001382,Google Ads,2025-01-18,25-34,Male,Chicago,United States,Enterprise,273.48
CUST-001729,Google Ads,2025-01-18,35-44,Female,Manchester,United Kingdom,Basic,52.77
CUST-001409,Google Ads,2025-01-19,35-44,Male,Delhi,India,Enterprise,246.43
CUST-002007,Email,2025-01-19,18-24,Female,Melbourne,Australia,Enterprise,197.06
CUST-002147,Email,2025-01-19,25-34,Female,Mumbai,India,Basic,61.52
CUST-001291,Facebook,2025-01-19,25-34,Male,Pune,India,Basic,36.56
CUST-000398,Google Ads,2025-01-19,25-34,Male,Mumbai,India,Basic,23.63
CUST-000797,Google Ads,2025-01-19,25-34,Male,Sydney,Australia,Basic,54.13
CUST-001813,Email,2025-01-19,35-44,Female,Montreal,Canada,Basic,57.15
CUST-004535,Email,2025-01-19,25-34,Male,Chicago,United States,Premium,97.17
CUST-002646,Email,2025-01-19,35-44,Male,Manchester,United Kingdom,Premium,95.45
CUST-000707,Google Ads,2025-01-19,35-44,Female,Birmingham,United Kingdom,Basic,47.76
CUST-000839,Google Ads,2025-01-19,25-34,Male,Bengaluru,India,Premium,70.42
CUST-003131,Google Ads,2025-01-19,18-24,Female,Sydney,Australia,Premium,88.6
CUST-002107,Google Ads,2025-01-19,25-34,Female,Montreal,Canada,Premium,84.96
CUST-002798,Google Ads,2025-01-20,45-54,Male,Pune,India,Premium,143.9
CUST-004969,Google Ads,2025-01-20,35-44,Female,Delhi,India,Basic,40.08
CUST-004145,Google Ads,2025-01-20,25-34,Female,Toronto,Canada,Basic,54.8
CUST-002377,Facebook,2025-01-20,45-54,Other,Vancouver,Canada,Basic,42.22
CUST-002722,Email,2025-01-20,18-24,Male,Los Angeles,United States,Basic,61.43
CUST-000558,Google Ads,2025-01-20,25-34,Male,Melbourne,Australia,Basic,35.46
CUST-002903,Email,2025-01-20,18-24,Female,Manchester,United Kingdom,Basic,29.59
CUST-002702,Google Ads,2025-01-20,55+,Male,Bengaluru,India,Premium,88.77
CUST-000881,Facebook,2025-01-20,35-44,Other,Melbourne,Australia,Free,28.61
CUST-001046,Email,2025-01-20,35-44,Male,Bengaluru,India,Free,24.29
CUST-005521,Google Ads,2025-01-20,55+,Male,Chicago,United States,Free,16.1
CUST-000800,Google Ads,2025-01-20,45-54,Male,Los Angeles,United States,Premium,108.36
CUST-003379,Email,2025-01-20,55+,Female,Los Angeles,United States,Basic,53.41
CUST-003492,Google Ads,2025-01-20,35-44,Male,Los Angeles,United States,Premium,84.93
CUST-004961,Affiliate,2025-01-20,35-44,Male,Toronto,Canada,Free,27.91
CUST-002027,Google Ads,2025-01-20,55+,Female,Los Angeles,United States,Free,22.24
CUST-003732,Email,2025-01-20,35-44,Female,Austin,United States,Free,27.24
CUST-002488,Email,2025-01-20,25-34,Male,Melbourne,Australia,Basic,57.79
CUST-001895,Google Ads,2025-01-21,35-44,Male,Bengaluru,India,Basic,48.87
CUST-004127,Facebook,2025-01-21,18-24,Male,Mumbai,India,Premium,114.54
CUST-002839,Facebook,2025-01-21,18-24,Male,Mumbai,India,Premium,156.71
CUST-005480,Email,2025-01-21,25-34,Male,Mumbai,India,Enterprise,216.66
CUST-003718,Email,2025-01-21,25-34,Male,Austin,United States,Premium,72.68
CUST-004702,Google Ads,2025-01-21,25-34,Female,New York,United States,Premium,68.62
CUST-002327,Email,2025-01-21,25-34,Male,Vancouver,Canada,Basic,60.28
CUST-004595,Google Ads,2025-01-21,55+,Female,Los Angeles,United States,Premium,76.32
CUST-000453,Email,2025-01-21,25-34,Female,Montreal,Canada,Premium,120.0
CUST-001182,Google Ads,2025-01-21,55+,Male,Pune,India,Enterprise,203.22
CUST-002041,Facebook,2025-01-21,25-34,Male,Pune,India,Enterprise,189.53
CUST-002600,Google Ads,2025-01-21,35-44,Female,Manchester,United Kingdom,Free,26.99
CUST-002265,Email,2025-01-21,35-44,Female,London,United Kingdom,Premium,76.32
CUST-002174,Email,2025-01-21,18-24,Male,Toronto,Canada,Premium,80.1
CUST-003367,Email,2025-01-21,35-44,Other,Bengaluru,India,Basic,43.62
CUST-003688,Email,2025-01-21,45-54,Female,New York,United States,Premium,124.95
CUST-003135,Email,2025-01-21,25-34,Female,Montreal,Canada,Free,17.96
CUST-003073,Email,2025-01-21,18-24,Female,Mumbai,India,Premium,59.68
CUST-005222,Email,2025-01-21,18-24,Male,Chicago,United States,Free,23.39
CUST-002424,Email,2025-01-22,18-24,Female,Vancouver,Canada,Premium,64.47
CUST-003926,Email,2025-01-22,25-34,Female,New York,United States,Premium,87.59
CUST-000915,Google Ads,2025-01-22,55+,Male,Seattle,United States,Premium,134.02
CUST-001460,Email,2025-01-22,35-44,Male,Montreal,Canada,Basic,55.97
CUST-001304,Facebook,2025-01-22,18-24,Male,Bengaluru,India,Free,24.22
CUST-000753,Google Ads,2025-01-22,35-44,Male,Los Angeles,United States,Premium,81.2
CUST-002046,Facebook,2025-01-22,35-44,Female,London,United Kingdom,Basic,47.17
CUST-005331,Email,2025-01-22,35-44,Male,Manchester,United Kingdom,Premium,95.09
CUST-003041,Affiliate,2025-01-22,25-34,Male,Pune,India,Basic,67.35
CUST-005690,Email,2025-01-22,18-24,Male,Seattle,United States,Premium,85.95
CUST-003263,Google Ads,2025-01-22,45-54,Male,Los Angeles,United States,Premium,113.8
CUST-005620,Google Ads,2025-01-22,45-54,Female,Bengaluru,India,Premium,80.34
CUST-000307,Google Ads,2025-01-22,25-34,Female,New York,United States,Basic,56.05
CUST-004458,Email,2025-01-22,25-34,Male,Austin,United States,Premium,125.32
CUST-002241,Google Ads,2025-01-22,45-54,Male,Vancouver,Canada,Basic,31.51
CUST-004311,Facebook,2025-01-22,45-54,Female,Birmingham,United Kingdom,Free,23.96
CUST-001222,Email,2025-01-22,35-44,Female,Chicago,United States,Basic,30.81
CUST-004091,Email,2025-01-22,35-44,Female,Austin,United States,Free,23.78
CUST-002276,Email,2025-01-22,35-44,Male,London,United Kingdom,Premium,104.66
CUST-004538,Email,2025-01-22,25-34,Female,Seattle,United States,Enterprise,182.35
CUST-001214,Facebook,2025-01-22,35-44,Female,Los Angeles,United States,Free,18.77
CUST-005039,Facebook,2025-01-22,25-34,Female,Sydney,Australia,Free,18.5
CUST-005032,Email,2025-01-22,18-24,Male,Pune,India,Premium,97.4
CUST-003350,Facebook,2025-01-23,18-24,Male,Toronto,Canada,Basic,57.5
CUST-002463,Facebook,2025-01-23,18-24,Female,Birmingham,United Kingdom,Basic,58.5
CUST-000018,Google Ads,2025-01-23,25-34,Male,Toronto,Canada,Free,10.34
CUST-005923,Email,2025-01-23,25-34,Female,Toronto,Canada,Premium,125.59
CUST-004639,Google Ads,2025-01-23,55+,Male,Bengaluru,India,Enterprise,191.98
CUST-002833,Facebook,2025-01-23,18-24,Female,Bengaluru,India,Basic,35.77
CUST-002471,Email,2025-01-23,35-44,Male,Los Angeles,United States,Premium,80.83
CUST-005562,Email,2025-01-23,55+,Male,Birmingham,United Kingdom,Enterprise,227.14
CUST-001262,Google Ads,2025-01-23,35-44,Female,Birmingham,United Kingdom,Basic,37.36
CUST-005162,Facebook,2025-01-23,25-34,Female,Mumbai,India,Free,21.58
CUST-001783,Google Ads,2025-01-23,35-44,Male,Sydney,Australia,Premium,77.19
CUST-003103,Email,2025-01-23,25-34,Male,Delhi,India,Premium,44.02
CUST-005439,Facebook,2025-01-23,18-24,Male,Chicago,United States,Basic,39.3
CUST-004707,Email,2025-01-23,55+,Male,Birmingham,United Kingdom,Free,24.33
CUST-004393,Facebook,2025-01-23,18-24,Male,Montreal,Canada,Free,19.58
CUST-004314,Organic,2025-01-23,45-54,Male,New York,United States,Basic,40.6
CUST-005547,Facebook,2025-01-24,18-24,Male,Austin,United States,Free,24.71
CUST-003134,Email,2025-01-24,45-54,Male,Seattle,United States,Premium,122.2
CUST-004178,Email,2025-01-24,25-34,Other,Austin,United States,Basic,49.09
CUST-005352,Email,2025-01-24,45-54,Female,Sydney,Australia,Premium,98.24
CUST-001283,Facebook,2025-01-24,25-34,Male,Seattle,United States,Basic,29.27
CUST-002995,Email,2025-01-24,18-24,Male,Birmingham,United Kingdom,Basic,64.4
CUST-000684,Facebook,2025-01-24,35-44,Female,London,United Kingdom,Free,28.43
CUST-005860,Email,2025-01-24,18-24,Male,Birmingham,United Kingdom,Enterprise,181.5
CUST-004423,TikTok,2025-01-24,25-34,Female,Bengaluru,India,Basic,50.97
CUST-002632,Email,2025-01-24,45-54,Female,Bengaluru,India,Premium,107.97
CUST-004949,Facebook,2025-01-24,25-34,Male,Toronto,Canada,Basic,26.21
CUST-003352,Google Ads,2025-01-24,25-34,Male,London,United Kingdom,Free,14.6
CUST-001225,Email,2025-01-24,25-34,Male,Melbourne,Australia,Basic,48.44
CUST-004209,TikTok,2025-01-24,18-24,Female,Mumbai,India,Premium,67.8
CUST-001266,TikTok,2025-01-24,35-44,Male,Austin,United States,Basic,69.98
CUST-004529,Email,2025-01-24,55+,Female,Los Angeles,United States,Basic,44.72
CUST-004384,Google Ads,2025-01-24,35-44,Female,Sydney,Australia,Free,17.75
CUST-000880,Facebook,2025-01-25,55+,Female,Bengaluru,India,Free,28.27
CUST-002209,Facebook,2025-01-25,18-24,Male,Montreal,Canada,Basic,45.88
CUST-003007,Facebook,2025-01-25,25-34,Female,Los Angeles,United States,Free,18.78
CUST-002668,Email,2025-01-25,35-44,Female,Sydney,Australia,Enterprise,221.76
CUST-003014,Google Ads,2025-01-25,45-54,Female,Montreal,Canada,Free,17.82
CUST-003961,TikTok,2025-01-25,18-24,Female,Vancouver,Canada,Free,18.94
CUST-004900,Organic,2025-01-25,25-34,Male,Los Angeles,United States,Basic,57.13
CUST-001939,Facebook,2025-01-25,25-34,Female,Mumbai,India,Free,27.43
CUST-003918,Email,2025-01-25,25-34,Female,Manchester,United Kingdom,Free,20.18
CUST-004719,Facebook,2025-01-25,25-34,Male,New York,United States,Premium,104.13
CUST-002468,Google Ads,2025-01-25,35-44,Female,Mumbai,India,Basic,54.08
CUST-005614,Google Ads,2025-01-25,45-54,Male,Sydney,Australia,Premium,85.46
CUST-005262,Google Ads,2025-01-25,35-44,Male,Austin,United States,Enterprise,169.86
CUST-004418,Email,2025-01-25,55+,Male,Pune,India,Free,19.32
CUST-003211,TikTok,2025-01-25,55+,Male,Manchester,United Kingdom,Basic,53.56
CUST-003878,Email,2025-01-25,45-54,Male,Chicago,United States,Free,18.38
CUST-001574,Google Ads,2025-01-25,45-54,Female,Los Angeles,United States,Basic,60.85
CUST-000244,Google Ads,2025-01-25,18-24,Male,Mumbai,India,Free,27.5
CUST-004487,Google Ads,2025-01-25,35-44,Female,Mumbai,India,Premium,78.25
CUST-000179,Google Ads,2025-01-25,18-24,Male,Seattle,United States,Free,11.55
CUST-003284,Email,2025-01-25,35-44,Female,Seattle,United States,Premium,83.57
CUST-001084,Google Ads,2025-01-25,35-44,Female,Pune,India,Premium,116.84
CUST-001095,Google Ads,2025-01-25,45-54,Male,Seattle,United States,Premium,91.82
CUST-000551,Facebook,2025-01-25,35-44,Female,Chicago,United States,Premium,166.48
CUST-005383,Email,2025-01-25,55+,Female,Chicago,United States,Premium,127.34
CUST-003430,Email,2025-01-25,25-34,Male,London,United Kingdom,Basic,53.47
CUST-004151,Google Ads,2025-01-25,18-24,Male,Chicago,United States,Basic,74.63
CUST-001414,Email,2025-01-25,35-44,Female,Mumbai,India,Enterprise,280.23
CUST-001870,Google Ads,2025-01-25,45-54,Female,Delhi,India,Premium,92.65
CUST-005848,Email,2025-01-26,45-54,Male,Seattle,United States,Premium,124.38
CUST-005854,Google Ads,2025-01-26,55+,Female,Pune,India,Premium,83.76
CUST-002246,Google Ads,2025-01-26,25-34,Female,New York,United States,Basic,33.4
CUST-003876,Facebook,2025-01-26,18-24,Male,Sydney,Australia,Free,15.38
CUST-001342,Organic,2025-01-26,25-34,Female,Delhi,India,Enterprise,223.94
CUST-002805,Google Ads,2025-01-26,35-44,Male,Delhi,India,Free,18.53
CUST-004980,Google Ads,2025-01-26,25-34,Female,Seattle,United States,Enterprise,264.98
CUST-000338,Facebook,2025-01-26,18-24,Male,Birmingham,United Kingdom,Basic,65.2
CUST-003222,Google Ads,2025-01-26,25-34,Female,Manchester,United Kingdom,Basic,45.72
CUST-005187,Google Ads,2025-01-26,25-34,Male,Sydney,Australia,Premium,92.73
CUST-001366,Google Ads,2025-01-26,45-54,Male,London,United Kingdom,Basic,42.63
CUST-000144,Google Ads,2025-01-26,35-44,Male,New York,United States,Premium,106.41
CUST-000998,Google Ads,2025-01-26,25-34,Male,Manchester,United Kingdom,Basic,64.1
CUST-001251,Facebook,2025-01-26,18-24,Male,Bengaluru,India,Basic,51.75
CUST-001289,Facebook,2025-01-26,18-24,Female,Melbourne,Australia,Free,23.06
CUST-005494,Google Ads,2025-01-27,45-54,Female,New York,United States,Free,22.65
CUST-004117,Facebook,2025-01-27,25-34,Male,Bengaluru,India,Free,23.71
CUST-003566,Email,2025-01-27,25-34,Female,Los Angeles,United States,Premium,117.84
CUST-001855,Affiliate,2025-01-27,45-54,Female,New York,United States,Enterprise,177.33
CUST-004212,Facebook,2025-01-27,25-34,Male,Vancouver,Canada,Free,18.76
CUST-000790,Google Ads,2025-01-27,35-44,Male,Bengaluru,India,Free,31.65
CUST-001599,Affiliate,2025-01-27,55+,Female,Los Angeles,United States,Premium,70.08
CUST-003989,Facebook,2025-01-27,35-44,Female,Sydney,Australia,Premium,113.89
CUST-001612,Google Ads,2025-01-27,45-54,Male,Melbourne,Australia,Basic,35.42
CUST-003265,Google Ads,2025-01-27,45-54,Male,Seattle,United States,Basic,38.54
CUST-005286,Google Ads,2025-01-27,35-44,Female,Austin,United States,Premium,116.51
CUST-004697,Facebook,2025-01-27,18-24,Male,Los Angeles,United States,Free,24.4
CUST-004607,Email,2025-01-28,25-34,Female,Pune,India,Basic,59.56
CUST-000095,Facebook,2025-01-28,25-34,Female,Mumbai,India,Basic,56.71
CUST-005952,Email,2025-01-28,35-44,Female,Sydney,Australia,Basic,44.69
CUST-005831,Google Ads,2025-01-28,45-54,Female,Delhi,India,Enterprise,334.49
CUST-002603,Organic,2025-01-28,25-34,Male,Montreal,Canada,Premium,124.54
CUST-004886,Google Ads,2025-01-28,25-34,Male,London,United Kingdom,Basic,45.82
CUST-005700,Email,2025-01-28,25-34,Female,Chicago,United States,Premium,76.87
CUST-000115,Google Ads,2025-01-28,45-54,Female,Los Angeles,United States,Premium,75.34
CUST-001826,Facebook,2025-01-28,25-34,Female,New York,United States,Free,20.9
CUST-004543,Email,2025-01-28,25-34,Female,New York,United States,Premium,102.25
CUST-001021,Affiliate,2025-01-28,25-34,Female,Mumbai,India,Free,25.71
CUST-003796,Facebook,2025-01-28,35-44,Male,Los Angeles,United States,Free,15.81
CUST-001143,Google Ads,2025-01-28,18-24,Female,Pune,India,Premium,104.25
CUST-004197,TikTok,2025-01-28,45-54,Female,Pune,India,Basic,56.94
CUST-004069,TikTok,2025-01-28,35-44,Female,New York,United States,Free,16.45
CUST-005107,Affiliate,2025-01-28,25-34,Male,London,United Kingdom,Premium,100.92
CUST-002717,Google Ads,2025-01-28,35-44,Female,Los Angeles,United States,Premium,80.0
CUST-004650,Organic,2025-01-28,35-44,Female,Melbourne,Australia,Basic,36.24
CUST-002162,Facebook,2025-01-29,45-54,Female,New York,United States,Enterprise,214.48
CUST-005895,Facebook,2025-01-29,25-34,Male,Los Angeles,United States,Basic,50.92
CUST-004075,Google Ads,2025-01-29,35-44,Male,London,United Kingdom,Basic,73.75
CUST-005468,Email,2025-01-29,25-34,Female,Los Angeles,United States,Basic,64.88
CUST-005817,Email,2025-01-29,25-34,Female,Montreal,Canada,Basic,47.59
CUST-002631,Email,2025-01-29,25-34,Female,Bengaluru,India,Basic,42.5
CUST-002106,Google Ads,2025-01-29,18-24,Female,Sydney,Australia,Basic,45.75
CUST-003751,Email,2025-01-29,18-24,Female,Austin,United States,Free,26.9
CUST-000603,Google Ads,2025-01-29,18-24,Male,Bengaluru,India,Enterprise,78.98
CUST-003090,Email,2025-01-29,25-34,Male,Pune,India,Basic,61.6
CUST-003646,Google Ads,2025-01-29,18-24,Female,Sydney,Australia,Basic,63.54
CUST-001121,Google Ads,2025-01-29,25-34,Male,New York,United States,Enterprise,202.06
CUST-002509,Facebook,2025-01-29,18-24,Male,Seattle,United States,Free,18.36
CUST-000256,Google Ads,2025-01-29,35-44,Male,Los Angeles,United States,Premium,74.5
CUST-002283,Google Ads,2025-01-29,18-24,Female,Seattle,United States,Free,24.05
CUST-002089,Google Ads,2025-01-29,25-34,Male,Manchester,United Kingdom,Premium,109.51
CUST-005839,Facebook,2025-01-29,18-24,Male,London,United Kingdom,Basic,68.93
CUST-000063,Email,2025-01-29,25-34,Male,Pune,India,Premium,138.95
CUST-002045,Google Ads,2025-01-29,18-24,Female,New York,United States,Free,26.67
CUST-000996,Affiliate,2025-01-29,35-44,Male,Vancouver,Canada,Free,31.27
CUST-005194,Email,2025-01-29,18-24,Male,Manchester,United Kingdom,Enterprise,128.4
CUST-003466,Email,2025-01-29,25-34,Female,Delhi,India,Premium,90.88
CUST-000655,Facebook,2025-01-29,55+,Female,Birmingham,United Kingdom,Basic,61.91
CUST-001106,Google Ads,2025-01-29,18-24,Male,Birmingham,United Kingdom,Free,19.3
CUST-003384,Google Ads,2025-01-29,35-44,Male,Sydney,Australia,Basic,45.52
CUST-001071,Google Ads,2025-01-29,25-34,Male,Melbourne,Australia,Basic,38.17
CUST-003208,Email,2025-01-29,35-44,Female,Montreal,Canada,Enterprise,165.16
CUST-001997,Email,2025-01-30,35-44,Male,Delhi,India,Basic,53.87
CUST-001135,Affiliate,2025-01-30,45-54,Female,Austin,United States,Basic,31.88
CUST-002390,Affiliate,2025-01-30,18-24,Male,London,United Kingdom,Premium,100.97
CUST-003700,Email,2025-01-30,45-54,Male,Pune,India,Premium,107.11
CUST-004678,Google Ads,2025-01-30,35-44,Male,Melbourne,Australia,Basic,28.47
CUST-004512,Facebook,2025-01-30,18-24,Male,Chicago,United States,Free,19.73
CUST-002028,Facebook,2025-01-30,55+,Female,New York,United States,Free,17.13
CUST-002090,Google Ads,2025-01-30,25-34,Female,Seattle,United States,Free,27.6
CUST-005469,Email,2025-01-30,18-24,Female,London,United Kingdom,Free,17.62
CUST-000388,Email,2025-01-30,55+,Male,Bengaluru,India,Enterprise,263.55
CUST-005858,Google Ads,2025-01-30,18-24,Female,Pune,India,Premium,100.09
CUST-004579,Facebook,2025-01-30,45-54,Female,Sydney,Australia,Basic,26.4
CUST-000071,Email,2025-01-30,18-24,Female,Los Angeles,United States,Basic,54.57
CUST-003753,Google Ads,2025-01-30,35-44,Female,Chicago,United States,Basic,69.11
CUST-001904,Google Ads,2025-01-30,55+,Male,Delhi,India,Enterprise,246.74
CUST-002359,Google Ads,2025-01-30,45-54,Female,Chicago,United States,Enterprise,269.16
CUST-001681,Email,2025-01-30,35-44,Other,Montreal,Canada,Premium,127.04
CUST-003978,Email,2025-01-30,35-44,Female,Vancouver,Canada,Premium,84.31
CUST-001048,Google Ads,2025-01-30,25-34,Male,Birmingham,United Kingdom,Free,18.1
CUST-000158,Facebook,2025-01-30,25-34,Male,Bengaluru,India,Free,25.06
CUST-005760,Facebook,2025-01-30,35-44,Female,London,United Kingdom,Basic,45.41
CUST-002313,Google Ads,2025-01-30,45-54,Female,Vancouver,Canada,Premium,103.74
CUST-000111,Google Ads,2025-01-30,35-44,Female,Chicago,United States,Free,18.66
CUST-001058,Email,2025-01-30,25-34,Female,Melbourne,Australia,Free,22.51
CUST-005875,Affiliate,2025-01-31,55+,Female,Vancouver,Canada,Premium,97.86
CUST-003142,Google Ads,2025-01-31,18-24,Male,Chicago,United States,Basic,42.82
CUST-000958,Affiliate,2025-01-31,25-34,Other,Chicago,United States,Premium,92.06
CUST-002152,Email,2025-01-31,25-34,Male,Pune,India,Premium,100.92
CUST-004141,Facebook,2025-01-31,35-44,Female,Austin,United States,Basic,52.16
CUST-003910,Email,2025-01-31,35-44,Male,Pune,India,Premium,81.92
CUST-005281,Google Ads,2025-01-31,18-24,Other,Mumbai,India,Basic,39.63
CUST-002978,Facebook,2025-01-31,35-44,Female,Toronto,Canada,Free,19.65
CUST-005529,Email,2025-01-31,35-44,Male,New York,United States,Basic,53.01
CUST-002997,Affiliate,2025-01-31,45-54,Male,Mumbai,India,Basic,47.13
CUST-003206,Facebook,2025-01-31,,Other,Melbourne,Australia,Basic,45.41
CUST-003324,Google Ads,2025-01-31,25-34,Female,Melbourne,Australia,Premium,65.29
CUST-001306,Facebook,2025-02-01,35-44,Female,Seattle,United States,Free,28.44
CUST-002846,Google Ads,2025-02-01,35-44,Female,Sydney,Australia,Basic,51.79
CUST-000313,Google Ads,2025-02-01,25-34,Male,Montreal,Canada,Premium,94.3
CUST-003333,Affiliate,2025-02-01,45-54,Female,London,United Kingdom,Premium,115.32
CUST-005486,TikTok,2025-02-01,25-34,Female,Toronto,Canada,Free,25.3
CUST-000204,Email,2025-02-01,18-24,Male,Pune,India,Premium,90.82
CUST-005371,Facebook,2025-02-01,25-34,Female,Montreal,Canada,Free,21.74
CUST-001030,Email,2025-02-01,35-44,Female,Melbourne,Australia,Premium,106.53
CUST-002231,Facebook,2025-02-01,18-24,Male,Pune,India,Premium,100.72
CUST-000489,Email,2025-02-01,35-44,Female,Montreal,Canada,Premium,91.56
CUST-005869,Google Ads,2025-02-01,35-44,Female,Pune,India,Basic,48.51
CUST-000156,Google Ads,2025-02-01,55+,Male,Delhi,India,Basic,64.06
CUST-002429,Facebook,2025-02-01,35-44,Female,Toronto,Canada,Basic,52.02
CUST-004556,Email,2025-02-01,35-44,Female,Mumbai,India,Basic,37.28
CUST-004341,Google Ads,2025-02-01,45-54,Male,Los Angeles,United States,Enterprise,278.94
CUST-004767,Google Ads,2025-02-01,45-54,Male,Manchester,United Kingdom,Premium,156.39
CUST-004995,Facebook,2025-02-01,45-54,Male,Pune,India,Basic,25.44
CUST-005227,Email,2025-02-01,35-44,Female,Toronto,Canada,Premium,60.05
CUST-000424,Google Ads,2025-02-01,18-24,Male,New York,United States,Premium,61.62
CUST-003574,Organic,2025-02-02,18-24,Female,Mumbai,India,Basic,32.31
CUST-005008,Email,2025-02-02,25-34,Female,Austin,United States,Basic,54.71
CUST-005128,Google Ads,2025-02-02,45-54,Male,Toronto,Canada,Free,19.41
CUST-000609,Email,2025-02-02,25-34,Female,Pune,India,Free,28.5
CUST-002286,Facebook,2025-02-02,18-24,Male,Delhi,India,Free,33.81
CUST-002470,Email,2025-02-02,25-34,Female,Birmingham,United Kingdom,Enterprise,229.09
CUST-002395,Email,2025-02-02,25-34,Female,Manchester,United Kingdom,Basic,44.3
CUST-004578,Organic,2025-02-02,25-34,Male,Austin,United States,Basic,28.21
CUST-002135,TikTok,2025-02-02,45-54,Male,Pune,India,Free,18.11
CUST-001147,Google Ads,2025-02-02,18-24,Female,New York,United States,Free,19.82
CUST-000912,Email,2025-02-02,35-44,Female,Bengaluru,India,Free,21.34
CUST-002146,Google Ads,2025-02-02,18-24,Female,Mumbai,India,Basic,43.0
CUST-002176,Affiliate,2025-02-02,35-44,Male,London,United Kingdom,Basic,55.5
CUST-002714,TikTok,2025-02-02,35-44,Male,Sydney,Australia,Free,22.26
CUST-002655,Google Ads,2025-02-02,25-34,Female,Toronto,Canada,Premium,114.5
CUST-000787,Google Ads,2025-02-02,45-54,Male,Austin,United States,Premium,72.61
CUST-003784,TikTok,2025-02-02,25-34,Male,Sydney,Australia,Free,34.91
CUST-003198,Google Ads,2025-02-02,35-44,Female,Chicago,United States,Premium,128.44
CUST-004257,Google Ads,2025-02-02,18-24,Female,Mumbai,India,Enterprise,199.95
CUST-003396,Email,2025-02-03,25-34,Female,Toronto,Canada,Premium,90.98
CUST-002861,Google Ads,2025-02-03,18-24,Female,Mumbai,India,Enterprise,205.73
CUST-004996,Email,2025-02-03,18-24,Female,Vancouver,Canada,Basic,66.04
CUST-003155,Google Ads,2025-02-03,35-44,Female,Toronto,Canada,Free,23.33
CUST-003476,Email,2025-02-03,25-34,Male,Austin,United States,Premium,74.02
CUST-002989,Email,2025-02-03,45-54,Female,Delhi,India,Free,30.32
CUST-000021,Email,2025-02-03,45-54,Male,Chicago,United States,Premium,108.49
CUST-002335,Google Ads,2025-02-03,25-34,Male,Seattle,United States,Basic,71.38
CUST-000469,Email,2025-02-03,25-34,Male,New York,United States,Premium,83.26
CUST-005170,Google Ads,2025-02-03,25-34,Female,Melbourne,Australia,Free,31.21
CUST-004643,Organic,2025-02-04,45-54,Female,Chicago,United States,Basic,19.45
CUST-004670,Facebook,2025-02-04,45-54,Male,London,United Kingdom,Free,18.69
CUST-000754,Affiliate,2025-02-04,35-44,Female,Seattle,United States,Basic,32.79
CUST-001578,Google Ads,2025-02-04,18-24,Female,Chicago,United States,Premium,79.54
CUST-000126,Google Ads,2025-02-04,25-34,Male,Mumbai,India,Free,22.0
CUST-002415,Email,2025-02-04,35-44,Other,Manchester,United Kingdom,Free,26.99
CUST-003464,Organic,2025-02-04,45-54,Female,Birmingham,United Kingdom,Premium,97.89
CUST-001934,Affiliate,2025-02-04,25-34,Female,Seattle,United States,Basic,41.7
CUST-000808,Email,2025-02-04,25-34,Male,Chicago,United States,Basic,46.36
CUST-005941,Email,2025-02-04,35-44,Female,Manchester,United Kingdom,Free,33.34
CUST-000594,Email,2025-02-04,25-34,Other,New York,United States,Premium,88.29
CUST-001174,Google Ads,2025-02-04,45-54,Male,Sydney,Australia,Enterprise,161.58
CUST-000374,Google Ads,2025-02-04,25-34,Male,Austin,United States,Enterprise,197.44
CUST-005492,Google Ads,2025-02-04,35-44,Female,Los Angeles,United States,Basic,56.89
CUST-005428,Google Ads,2025-02-04,35-44,Female,Birmingham,United Kingdom,Basic,44.33
CUST-004542,Google Ads,2025-02-04,45-54,Female,London,United Kingdom,Premium,87.87
CUST-003770,Email,2025-02-04,25-34,Female,Seattle,United States,Premium,124.54
CUST-004706,Google Ads,2025-02-04,18-24,Other,Pune,India,Basic,62.06
CUST-004625,Google Ads,2025-02-04,25-34,Female,Mumbai,India,Premium,92.72
CUST-002629,Google Ads,2025-02-04,35-44,Female,Bengaluru,India,Enterprise,200.19
CUST-000552,Affiliate,2025-02-04,35-44,Female,Chicago,United States,Basic,42.88
CUST-003171,Google Ads,2025-02-05,18-24,Male,Bengaluru,India,Basic,42.16
CUST-002208,Facebook,2025-02-05,18-24,Male,Birmingham,United Kingdom,Free,21.55
CUST-002056,Facebook,2025-02-05,45-54,Male,Montreal,Canada,Free,21.19
CUST-003615,Google Ads,2025-02-05,35-44,Male,Bengaluru,India,Basic,59.52
CUST-004786,Google Ads,2025-02-05,45-54,Male,New York,United States,Premium,67.44
CUST-002457,TikTok,2025-02-05,35-44,Female,Melbourne,Australia,Free,10.51
CUST-001230,TikTok,2025-02-05,18-24,Female,London,United Kingdom,Free,10.88
CUST-000293,Google Ads,2025-02-05,55+,Female,Chicago,United States,Basic,77.55
CUST-002203,Google Ads,2025-02-05,25-34,Male,Toronto,Canada,Premium,77.55
CUST-000550,Google Ads,2025-02-05,55+,Female,New York,United States,Free,24.94
CUST-004080,Google Ads,2025-02-05,35-44,Male,Mumbai,India,Free,18.19
CUST-003370,Google Ads,2025-02-05,45-54,Other,Los Angeles,United States,Basic,42.12
CUST-005986,Email,2025-02-05,25-34,Male,Montreal,Canada,Basic,45.33
CUST-003393,TikTok,2025-02-06,18-24,Female,Seattle,United States,Free,18.65
CUST-002009,Email,2025-02-06,45-54,Male,Toronto,Canada,Free,29.05
CUST-003019,Google Ads,2025-02-06,55+,Male,Mumbai,India,Premium,80.55
CUST-001912,Email,2025-02-06,25-34,Female,Vancouver,Canada,Basic,35.39
CUST-005832,Affiliate,2025-02-06,55+,Male,Melbourne,Australia,Basic,42.95
CUST-004290,Affiliate,2025-02-06,18-24,Female,Sydney,Australia,Basic,49.04
CUST-000774,Facebook,2025-02-06,45-54,Female,Birmingham,United Kingdom,Basic,31.12
CUST-004717,Google Ads,2025-02-06,25-34,Male,Manchester,United Kingdom,Premium,98.96
CUST-005193,Google Ads,2025-02-06,25-34,Male,New York,United States,Basic,28.51
CUST-003882,Affiliate,2025-02-06,18-24,Female,Austin,United States,Enterprise,258.2
CUST-003235,Affiliate,2025-02-06,55+,Male,Chicago,United States,Premium,71.39
CUST-004672,Email,2025-02-06,55+,Male,Melbourne,Australia,Basic,63.37
CUST-000026,Google Ads,2025-02-06,18-24,Female,New York,United States,Enterprise,211.91
CUST-000450,Google Ads,2025-02-06,45-54,Female,London,United Kingdom,Basic,63.47
CUST-004565,Google Ads,2025-02-06,45-54,Male,Vancouver,Canada,Premium,81.35
CUST-003769,Google Ads,2025-02-06,35-44,Female,Los Angeles,United States,Basic,56.3
CUST-001800,Email,2025-02-07,25-34,Female,Delhi,India,Basic,48.44
CUST-005736,Email,2025-02-07,55+,Male,London,United Kingdom,Enterprise,178.11
CUST-000794,Email,2025-02-07,35-44,Male,London,United Kingdom,Premium,87.11
CUST-003738,Google Ads,2025-02-07,18-24,Female,Toronto,Canada,Premium,109.96
CUST-005077,Email,2025-02-07,45-54,Male,Pune,India,Basic,45.14
CUST-001499,Email,2025-02-07,35-44,Male,Manchester,United Kingdom,Premium,82.29
CUST-004667,Google Ads,2025-02-07,18-24,Male,Pune,India,Basic,51.37
CUST-003980,Google Ads,2025-02-07,55+,Male,Montreal,Canada,Premium,81.14
CUST-001219,Email,2025-02-07,18-24,Male,Pune,India,Premium,100.69
CUST-000543,Email,2025-02-07,45-54,Female,Mumbai,India,Basic,43.33
CUST-000235,Email,2025-02-07,18-24,Female,Seattle,United States,Premium,88.87
CUST-000294,Google Ads,2025-02-07,18-24,Male,Montreal,Canada,Basic,69.46
CUST-001740,Google Ads,2025-02-08,25-34,Female,Manchester,United Kingdom,Enterprise,204.6
CUST-000149,Email,2025-02-08,55+,Female,Delhi,India,Premium,114.79
CUST-004337,Email,2025-02-08,18-24,Male,Los Angeles,United States,Premium,58.15
CUST-002987,Facebook,2025-02-08,35-44,Female,Chicago,United States,Free,26.23
CUST-001851,Email,2025-02-08,35-44,Female,Birmingham,United Kingdom,Basic,46.68
CUST-001100,Affiliate,2025-02-08,45-54,Female,Mumbai,India,Free,23.04
CUST-002242,Google Ads,2025-02-08,18-24,Other,Delhi,India,Basic,65.55
CUST-000966,Google Ads,2025-02-08,55+,Male,Birmingham,United Kingdom,Free,12.18
CUST-005258,Affiliate,2025-02-08,25-34,Female,Mumbai,India,Free,28.01
CUST-004534,Organic,2025-02-08,25-34,Female,Austin,United States,Free,24.22
CUST-002901,Email,2025-02-08,45-54,Male,London,United Kingdom,Enterprise,301.82
CUST-000511,Google Ads,2025-02-08,25-34,Female,New York,United States,Premium,67.1
CUST-000354,Google Ads,2025-02-08,25-34,Male,Los Angeles,United States,Free,22.04
CUST-003414,Facebook,2025-02-08,25-34,Female,Sydney,Australia,Free,24.44
CUST-005498,Affiliate,2025-02-08,18-24,Male,Delhi,India,Free,32.37
CUST-004805,Facebook,2025-02-08,25-34,Male,New York,United States,Premium,137.42
CUST-005288,Affiliate,2025-02-08,25-34,Female,Austin,United States,Premium,96.88
CUST-001027,Email,2025-02-08,35-44,Male,Bengaluru,India,Free,22.87
CUST-004532,Google Ads,2025-02-08,35-44,Male,Melbourne,Australia,Premium,110.55
CUST-002487,Facebook,2025-02-08,35-44,Male,Manchester,United Kingdom,Basic,43.96
CUST-005387,Organic,2025-02-09,45-54,Female,Bengaluru,India,Basic,43.21
CUST-003957,Email,2025-02-09,35-44,Female,Chicago,United States,Basic,41.71
CUST-003005,Email,2025-02-09,45-54,Male,Manchester,United Kingdom,Premium,82.44
CUST-005085,Affiliate,2025-02-09,45-54,Female,Bengaluru,India,Premium,95.55
CUST-004468,Google Ads,2025-02-09,55+,Female,Seattle,United States,Basic,41.65
CUST-004435,Affiliate,2025-02-09,55+,Female,London,United Kingdom,Basic,53.31
CUST-002686,Email,2025-02-09,25-34,Female,Toronto,Canada,Basic,48.46
CUST-003383,Google Ads,2025-02-09,18-24,Male,Seattle,United States,Premium,112.65
CUST-003463,Google Ads,2025-02-09,55+,Female,Austin,United States,Basic,58.26
CUST-001582,Google Ads,2025-02-09,45-54,Male,Montreal,Canada,Basic,61.28
CUST-002905,Google Ads,2025-02-09,35-44,Female,Sydney,Australia,Premium,75.1
CUST-004605,Email,2025-02-09,18-24,Male,Delhi,India,Free,26.9
CUST-001466,Google Ads,2025-02-09,35-44,Female,Chicago,United States,Basic,49.37
CUST-002598,Affiliate,2025-02-09,35-44,Other,Austin,United States,Basic,54.0
CUST-005781,Google Ads,2025-02-09,18-24,Female,Pune,India,Basic,39.24
CUST-005334,Google Ads,2025-02-09,35-44,Male,Toronto,Canada,Free,22.38
CUST-000853,Email,2025-02-10,35-44,Male,Manchester,United Kingdom,Basic,39.33
CUST-004800,Facebook,2025-02-10,25-34,Male,Melbourne,Australia,Free,22.84
CUST-004813,Facebook,2025-02-10,55+,Female,New York,United States,Free,17.08
CUST-000896,Facebook,2025-02-10,25-34,Male,Mumbai,India,Free,15.99
CUST-004497,Facebook,2025-02-10,35-44,Female,Austin,United States,Enterprise,186.02
CUST-003015,TikTok,2025-02-10,35-44,Female,Melbourne,Australia,Premium,80.52
CUST-002131,Google Ads,2025-02-10,25-34,Male,Toronto,Canada,Free,18.24
CUST-001257,Google Ads,2025-02-10,45-54,Female,Melbourne,Australia,Enterprise,241.07
CUST-003644,Google Ads,2025-02-10,25-34,Female,Sydney,Australia,Basic,36.73
CUST-001149,Google Ads,2025-02-10,35-44,Male,Delhi,India,Free,24.06
CUST-002408,TikTok,2025-02-10,18-24,Female,Delhi,India,Free,21.38
CUST-002690,Affiliate,2025-02-10,18-24,Male,Los Angeles,United States,Basic,54.17
CUST-002011,Email,2025-02-10,25-34,Female,Mumbai,India,Basic,59.99
CUST-003128,Google Ads,2025-02-11,25-34,Male,Los Angeles,United States,Basic,67.02
CUST-005177,Google Ads,2025-02-11,25-34,Female,New York,United States,Free,26.86
CUST-004304,Google Ads,2025-02-11,45-54,Male,Melbourne,Australia,Premium,46.65
CUST-005213,Email,2025-02-11,25-34,Female,Seattle,United States,Enterprise,205.25
CUST-003934,Google Ads,2025-02-11,35-44,Female,Melbourne,Australia,Free,22.64
CUST-001790,Google Ads,2025-02-11,35-44,Male,Chicago,United States,Premium,94.03
CUST-002968,Email,2025-02-11,18-24,Male,Delhi,India,Free,28.99
CUST-003937,Google Ads,2025-02-11,25-34,Female,New York,United States,Basic,52.48
CUST-003154,Google Ads,2025-02-11,35-44,Other,Birmingham,United Kingdom,Premium,111.34
CUST-001805,Email,2025-02-11,25-34,Male,Vancouver,Canada,Basic,50.38
CUST-004405,Facebook,2025-02-11,35-44,Female,Montreal,Canada,Basic,78.02
CUST-003716,Google Ads,2025-02-11,25-34,Female,New York,United States,Basic,50.72
CUST-002688,Google Ads,2025-02-12,35-44,Female,Chicago,United States,Basic,65.68
CUST-003159,Google Ads,2025-02-12,55+,Female,Mumbai,India,Premium,79.25
CUST-001364,Google Ads,2025-02-12,55+,Female,Seattle,United States,Basic,56.7
CUST-004736,TikTok,2025-02-12,45-54,Female,Manchester,United Kingdom,Premium,80.24
CUST-001469,Google Ads,2025-02-12,55+,Male,Chicago,United States,Basic,54.24
CUST-002858,Email,2025-02-12,35-44,Female,Austin,United States,Premium,72.61
CUST-002461,Email,2025-02-12,35-44,Female,Bengaluru,India,Basic,32.58
CUST-005625,Google Ads,2025-02-12,25-34,Female,Birmingham,United Kingdom,Basic,56.04
CUST-005534,Google Ads,2025-02-12,25-34,Female,Mumbai,India,Basic,56.32
CUST-003905,Affiliate,2025-02-12,35-44,Male,Delhi,India,Premium,101.01
CUST-001576,Email,2025-02-12,35-44,Female,Melbourne,Australia,Basic,50.48
CUST-000195,Email,2025-02-12,18-24,Female,Birmingham,United Kingdom,Enterprise,252.81
CUST-001673,Google Ads,2025-02-12,25-34,Female,Sydney,Australia,Premium,104.51
CUST-005090,Google Ads,2025-02-12,25-34,Female,Sydney,Australia,Enterprise,217.18
CUST-005641,Google Ads,2025-02-12,25-34,Other,Montreal,Canada,Basic,67.9
CUST-005493,Facebook,2025-02-12,25-34,Male,Birmingham,United Kingdom,Premium,117.35
CUST-000133,Email,2025-02-13,45-54,Male,New York,United States,Premium,79.13
CUST-004713,Facebook,2025-02-13,55+,Male,Pune,India,Basic,42.6
CUST-005897,TikTok,2025-02-13,25-34,Male,Birmingham,United Kingdom,Premium,122.8
CUST-000569,Google Ads,2025-02-13,25-34,Female,London,United Kingdom,Free,16.62
CUST-005058,Google Ads,2025-02-13,25-34,Male,Chicago,United States,Enterprise,252.75
CUST-005844,TikTok,2025-02-13,45-54,Female,Los Angeles,United States,Free,6.89
CUST-001825,Email,2025-02-13,25-34,Male,Seattle,United States,Premium,79.15
CUST-005971,Email,2025-02-13,25-34,Female,Austin,United States,Premium,101.61
CUST-004703,Facebook,2025-02-13,35-44,Male,London,United Kingdom,Free,15.01
CUST-002294,Facebook,2025-02-13,45-54,Female,Birmingham,United Kingdom,Enterprise,263.94
CUST-002876,Affiliate,2025-02-13,45-54,Male,Austin,United States,Free,22.52
CUST-002543,Email,2025-02-13,35-44,Male,Pune,India,Basic,41.06
CUST-003639,Email,2025-02-13,25-34,Female,Mumbai,India,Premium,93.88
CUST-003642,Affiliate,2025-02-13,18-24,Female,Birmingham,United Kingdom,Basic,55.53
CUST-001477,Email,2025-02-13,25-34,Female,Los Angeles,United States,Basic,29.11
CUST-003701,Email,2025-02-13,45-54,Male,Toronto,Canada,Basic,54.56
CUST-003532,Facebook,2025-02-13,55+,Female,Seattle,United States,Premium,141.18
CUST-003207,Facebook,2025-02-13,25-34,Male,Mumbai,India,Basic,40.93
CUST-002495,Facebook,2025-02-13,25-34,Female,Mumbai,India,Premium,119.72
CUST-005509,Email,2025-02-14,55+,Female,Mumbai,India,Enterprise,209.46
CUST-004519,Facebook,2025-02-14,25-34,Female,New York,United States,Free,18.08
CUST-002280,Google Ads,2025-02-14,18-24,Female,Bengaluru,India,Enterprise,229.1
CUST-002678,Email,2025-02-14,25-34,Male,Austin,United States,Premium,72.22
CUST-005190,Email,2025-02-14,35-44,Female,Pune,India,Premium,85.9
CUST-001318,Facebook,2025-02-14,18-24,Male,Manchester,United Kingdom,Basic,39.91
CUST-001622,Email,2025-02-14,25-34,Female,Birmingham,United Kingdom,Free,27.43
CUST-000767,Email,2025-02-14,18-24,Female,Los Angeles,United States,Premium,76.71
CUST-003920,TikTok,2025-02-14,35-44,Male,Delhi,India,Basic,56.6
CUST-003996,Google Ads,2025-02-15,35-44,Male,Seattle,United States,Premium,103.31
CUST-000044,Email,2025-02-15,25-34,Female,Mumbai,India,Free,34.97
CUST-001077,Facebook,2025-02-15,45-54,Female,Bengaluru,India,Free,16.48
CUST-001028,Google Ads,2025-02-15,35-44,Other,Pune,India,Enterprise,199.03
CUST-000618,Google Ads,2025-02-15,35-44,Male,Montreal,Canada,Basic,62.44
CUST-003908,TikTok,2025-02-15,35-44,Female,Bengaluru,India,Free,20.2
CUST-002960,Email,2025-02-15,18-24,Male,Vancouver,Canada,Enterprise,233.55
CUST-005946,Facebook,2025-02-15,45-54,Male,Birmingham,United Kingdom,Free,19.59
CUST-000304,Google Ads,2025-02-15,35-44,Male,Montreal,Canada,Basic,42.01
CUST-004531,Email,2025-02-16,55+,Female,Toronto,Canada,Enterprise,182.38
CUST-002114,Email,2025-02-16,25-34,Male,London,United Kingdom,Premium,109.67
CUST-004402,Affiliate,2025-02-16,55+,Male,New York,United States,Basic,47.7
CUST-002967,Email,2025-02-16,45-54,Male,Pune,India,Premium,60.76
CUST-002916,Facebook,2025-02-16,18-24,Female,Bengaluru,India,Free,18.14
CUST-003509,Email,2025-02-16,25-34,Other,Manchester,United Kingdom,Free,23.01
CUST-002215,Affiliate,2025-02-16,25-34,Female,Los Angeles,United States,Premium,87.06
CUST-002017,Google Ads,2025-02-16,18-24,Male,Seattle,United States,Premium,115.33
CUST-003647,Affiliate,2025-02-16,55+,Female,New York,United States,Premium,116.38
CUST-000841,Facebook,2025-02-16,25-34,Male,Seattle,United States,Free,17.0
CUST-000113,Facebook,2025-02-16,45-54,Female,Mumbai,India,Basic,50.2
CUST-001412,Google Ads,2025-02-17,25-34,Female,New York,United States,Premium,94.74
CUST-001333,Email,2025-02-17,45-54,Male,Seattle,United States,Basic,57.56
CUST-000056,Email,2025-02-17,25-34,Male,Chicago,United States,Free,20.33
CUST-003807,Google Ads,2025-02-17,25-34,Female,Seattle,United States,Free,32.13
CUST-000359,Email,2025-02-17,45-54,Female,Pune,India,Basic,31.77
CUST-002764,Email,2025-02-17,25-34,Male,Toronto,Canada,Basic,50.49
CUST-003460,Facebook,2025-02-17,18-24,Female,London,United Kingdom,Basic,44.48
CUST-005944,Google Ads,2025-02-17,18-24,Female,Vancouver,Canada,Basic,41.35
CUST-003469,Email,2025-02-17,55+,Male,Mumbai,India,Enterprise,209.07
CUST-001279,Organic,2025-02-17,35-44,Male,Seattle,United States,Basic,65.75
CUST-002863,Email,2025-02-18,45-54,Male,New York,United States,Premium,141.38
CUST-002933,Email,2025-02-18,25-34,Female,Austin,United States,Free,17.95
CUST-003426,Google Ads,2025-02-18,45-54,Female,London,United Kingdom,Basic,34.56
CUST-004172,TikTok,2025-02-18,18-24,Male,Seattle,United States,Free,24.43
CUST-002214,Email,2025-02-18,35-44,Female,Seattle,United States,Enterprise,247.04
CUST-002118,Google Ads,2025-02-18,25-34,Female,Mumbai,India,Enterprise,184.27
CUST-003800,Google Ads,2025-02-18,35-44,Female,Manchester,United Kingdom,Premium,96.84
CUST-003789,Email,2025-02-18,25-34,Other,Bengaluru,India,Premium,67.01
CUST-000789,Email,2025-02-18,35-44,Other,London,United Kingdom,Basic,49.63
CUST-003113,Email,2025-02-18,35-44,Female,Mumbai,India,Basic,48.96
CUST-003143,Email,2025-02-18,18-24,Male,Austin,United States,Premium,83.87
CUST-001341,Google Ads,2025-02-19,18-24,Female,Manchester,United Kingdom,Premium,132.29
CUST-004518,Email,2025-02-19,25-34,Female,Bengaluru,India,Premium,143.29
CUST-001701,Google Ads,2025-02-19,45-54,Male,Vancouver,Canada,Premium,118.41
CUST-000836,Google Ads,2025-02-19,25-34,Male,Los Angeles,United States,Premium,65.74
CUST-003988,Affiliate,2025-02-19,18-24,Male,Montreal,Canada,Free,28.99
CUST-004797,Google Ads,2025-02-19,25-34,Male,Seattle,United States,Premium,114.03
CUST-003554,Google Ads,2025-02-19,25-34,Male,Pune,India,Premium,90.12
CUST-005240,Google Ads,2025-02-19,25-34,Other,Mumbai,India,Enterprise,204.38
CUST-002544,Email,2025-02-19,18-24,Male,New York,United States,Basic,53.35
CUST-001684,Email,2025-02-19,35-44,Female,Austin,United States,Free,16.41
CUST-004656,Email,2025-02-20,25-34,Male,Vancouver,Canada,Enterprise,163.81
CUST-004585,Affiliate,2025-02-20,18-24,Male,Chicago,United States,Free,24.82
CUST-004329,Email,2025-02-20,25-34,Male,Birmingham,United Kingdom,Free,19.46
CUST-004268,Google Ads,2025-02-20,25-34,Male,Delhi,India,Free,27.93
CUST-001276,Email,2025-02-20,25-34,Female,Bengaluru,India,Premium,120.92
CUST-005340,Facebook,2025-02-20,18-24,Female,Sydney,Australia,Free,29.17
CUST-003620,Organic,2025-02-20,25-34,Male,Austin,United States,Basic,55.54
CUST-002587,TikTok,2025-02-20,18-24,Male,Los Angeles,United States,Free,20.99
CUST-005252,Facebook,2025-02-20,35-44,Female,Austin,United States,Premium,102.01
CUST-001001,Email,2025-02-21,18-24,Female,Chicago,United States,Premium,89.46
CUST-003336,Email,2025-02-21,35-44,Male,Chicago,United States,Premium,128.12
CUST-004401,Affiliate,2025-02-21,35-44,Female,Delhi,India,Free,22.54
CUST-003803,Email,2025-02-21,18-24,Female,Toronto,Canada,Free,26.76
CUST-005293,Facebook,2025-02-21,25-34,Female,Delhi,India,Basic,26.91
CUST-005501,Facebook,2025-02-21,25-34,Female,London,United Kingdom,Premium,115.3
CUST-005282,Email,2025-02-21,25-34,Male,Pune,India,Basic,51.76
CUST-004049,Email,2025-02-21,18-24,Female,Delhi,India,Basic,45.67
CUST-001403,Email,2025-02-22,25-34,Female,Mumbai,India,Basic,24.17
CUST-005426,Facebook,2025-02-22,35-44,Male,New York,United States,Basic,58.03
CUST-000196,TikTok,2025-02-22,25-34,Male,Austin,United States,Free,27.51
CUST-001458,Facebook,2025-02-22,35-44,Female,Los Angeles,United States,Free,23.31
CUST-003837,Email,2025-02-22,35-44,Male,Austin,United States,Premium,85.67
CUST-003671,Organic,2025-02-22,35-44,Female,Austin,United States,Premium,90.65
CUST-002173,Affiliate,2025-02-22,25-34,Male,Montreal,Canada,Premium,115.5
CUST-000166,Facebook,2025-02-22,25-34,Male,Seattle,United States,Basic,53.74
CUST-001532,Email,2025-02-22,25-34,Female,Melbourne,Australia,Basic,28.76
CUST-002200,Facebook,2025-02-23,25-34,Female,Toronto,Canada,Basic,63.19
CUST-003560,Email,2025-02-23,45-54,Male,Los Angeles,United States,Free,21.93
CUST-000737,Email,2025-02-23,35-44,Female,London,United Kingdom,Enterprise,215.02
CUST-003782,Email,2025-02-23,25-34,Male,Austin,United States,Premium,66.0
CUST-003524,Facebook,2025-02-23,18-24,Male,Mumbai,India,Premium,97.47
CUST-003484,Email,2025-02-24,35-44,Male,Melbourne,Australia,Basic,49.05
CUST-002525,Facebook,2025-02-24,25-34,Female,Bengaluru,India,Enterprise,229.32
CUST-004699,Affiliate,2025-02-24,35-44,Female,Toronto,Canada,Free,26.83
CUST-000583,TikTok,2025-02-24,18-24,Male,Delhi,India,Free,23.55
CUST-000408,TikTok,2025-02-24,45-54,Female,New York,United States,Free,29.45
CUST-002055,TikTok,2025-02-24,25-34,Female,Sydney,Australia,Premium,77.17
CUST-005883,Email,2025-02-24,35-44,Female,Los Angeles,United States,Premium,111.51
CUST-001419,Email,2025-02-24,18-24,Female,Vancouver,Canada,Enterprise,217.35
CUST-001880,Facebook,2025-02-24,35-44,Female,Sydney,Australia,Free,14.28
CUST-002469,Email,2025-02-24,35-44,Female,Melbourne,Australia,Basic,43.66
CUST-005068,Facebook,2025-02-24,25-34,Male,Chicago,United States,Premium,74.83
CUST-004035,Email,2025-02-24,35-44,Female,Los Angeles,United States,Basic,38.56
CUST-004279,Email,2025-02-25,35-44,Female,Austin,United States,Basic,40.45
CUST-002860,Email,2025-02-25,25-34,Male,Austin,United States,Premium,89.01
CUST-004709,Facebook,2025-02-25,25-34,Female,Manchester,United Kingdom,Basic,52.0
CUST-000650,Email,2025-02-25,35-44,Male,Seattle,United States,Premium,94.71
CUST-001243,Facebook,2025-02-25,45-54,Female,New York,United States,Free,36.34
CUST-002273,Email,2025-02-25,18-24,Male,Austin,United States,Free,21.41
CUST-002078,Email,2025-02-25,18-24,Female,London,United Kingdom,Basic,58.43
CUST-002426,TikTok,2025-02-25,45-54,Female,New York,United States,Free,25.07
CUST-003474,Email,2025-02-25,55+,Female,Toronto,Canada,Premium,101.52
CUST-003304,Email,2025-02-25,18-24,Male,Melbourne,Australia,Free,19.07
CUST-004441,Email,2025-02-25,25-34,Male,Mumbai,India,Basic,47.41
CUST-003590,Email,2025-02-26,25-34,Female,Austin,United States,Premium,108.97
CUST-005789,Facebook,2025-02-26,45-54,Male,Los Angeles,United States,Free,35.64
CUST-005763,Affiliate,2025-02-26,45-54,Female,Vancouver,Canada,Basic,39.93
CUST-002698,Facebook,2025-02-26,25-34,Male,New York,United States,Premium,102.51
CUST-003871,TikTok,2025-02-26,18-24,Female,Seattle,United States,Free,27.55
CUST-004465,TikTok,2025-02-26,55+,Female,New York,United States,Free,16.95
CUST-005385,Facebook,2025-02-27,25-34,Female,Chicago,United States,Free,17.3
CUST-000240,Email,2025-02-27,18-24,Female,Los Angeles,United States,Premium,71.37
CUST-000833,Email,2025-02-27,35-44,Male,Austin,United States,Free,28.22
CUST-002694,Email,2025-02-27,35-44,Male,Birmingham,United Kingdom,Free,22.64
CUST-005656,Email,2025-02-27,35-44,Female,Delhi,India,Premium,97.24
CUST-000877,Facebook,2025-02-27,25-34,Male,Pune,India,Basic,47.51
CUST-003079,Email,2025-02-28,55+,Female,New York,United States,Premium,105.73
CUST-001506,Affiliate,2025-02-28,45-54,Male,Austin,United States,Enterprise,186.77
CUST-000501,Facebook,2025-02-28,25-34,Female,Birmingham,United Kingdom,Free,18.02
CUST-002756,Facebook,2025-02-28,35-44,Male,New York,United States,Basic,37.55
CUST-003152,Email,2025-02-28,35-44,Female,Austin,United States,Premium,148.21
CUST-001879,Facebook,2025-02-28,45-54,Female,Vancouver,Canada,Premium,122.09
CUST-001873,Organic,2025-02-28,25-34,Female,Manchester,United Kingdom,Basic,52.27
CUST-001572,Email,2025-02-28,18-24,Female,Montreal,Canada,Basic,69.29
CUST-002431,Email,2025-02-28,35-44,Female,Toronto,Canada,Premium,65.28
CUST-001424,TikTok,2025-02-28,45-54,Male,Mumbai,India,Premium,92.43
CUST-000345,Email,2025-02-28,25-34,Male,Mumbai,India,Basic,52.67
CUST-002850,Email,2025-02-28,25-34,Male,Austin,United States,Enterprise,256.66
CUST-003541,Facebook,2025-02-28,35-44,Male,Toronto,Canada,Basic,40.02
CUST-001223,Facebook,2025-02-28,45-54,Female,Pune,India,Free,25.13
CUST-002946,Email,2025-03-01,55+,Other,Seattle,United States,Enterprise,256.47
CUST-004861,Email,2025-03-01,25-34,Male,Los Angeles,United States,Premium,90.83
CUST-000852,Facebook,2025-03-01,35-44,Female,Chicago,United States,Basic,36.76
CUST-003935,Email,2025-03-01,25-34,Female,Austin,United States,Premium,53.27
CUST-004574,Email,2025-03-01,35-44,Female,Bengaluru,India,Enterprise,229.01
CUST-000084,Facebook,2025-03-01,18-24,Male,Seattle,United States,Basic,37.19
CUST-003052,Email,2025-03-01,35-44,Male,Austin,United States,Basic,63.59
CUST-005589,Affiliate,2025-03-01,18-24,Male,Montreal,Canada,Premium,49.41
CUST-005132,Affiliate,2025-03-01,35-44,Male,Delhi,India,Free,25.09
CUST-000886,Facebook,2025-03-01,25-34,Male,Melbourne,Australia,Basic,40.74
CUST-004524,Email,2025-03-02,35-44,Female,Mumbai,India,Free,15.1
CUST-001029,Email,2025-03-02,25-34,Female,Mumbai,India,Basic,51.01
CUST-003704,Email,2025-03-02,18-24,Male,Delhi,India,Free,25.65
CUST-002180,Facebook,2025-03-02,18-24,Female,Manchester,United Kingdom,Premium,121.58
CUST-001864,Facebook,2025-03-02,25-34,Male,New York,United States,Free,29.66
CUST-003368,TikTok,2025-03-02,18-24,Female,Bengaluru,India,Enterprise,91.83
CUST-005324,Facebook,2025-03-02,25-34,Female,Austin,United States,Premium,84.24
CUST-003132,Facebook,2025-03-02,25-34,Male,New York,United States,Free,23.43
CUST-001245,Email,2025-03-03,18-24,Male,Melbourne,Australia,Premium,83.61
CUST-003220,Affiliate,2025-03-03,25-34,Male,Austin,United States,Premium,46.86
CUST-003817,Facebook,2025-03-03,45-54,Male,Mumbai,India,Free,20.19
CUST-004293,Facebook,2025-03-04,35-44,Male,Toronto,Canada,Basic,77.34
CUST-003855,Email,2025-03-04,25-34,Male,Delhi,India,Free,20.27
CUST-001894,Email,2025-03-04,35-44,Female,Seattle,United States,Premium,96.33
CUST-005500,TikTok,2025-03-04,45-54,Male,Manchester,United Kingdom,Free,24.27
CUST-004013,Affiliate,2025-03-04,45-54,Female,Seattle,United States,Enterprise,208.99
CUST-001838,Facebook,2025-03-04,18-24,Male,Birmingham,United Kingdom,Free,20.47
CUST-000667,Email,2025-03-05,18-24,Male,New York,United States,Basic,52.83
CUST-005584,Affiliate,2025-03-05,35-44,Male,Los Angeles,United States,Premium,70.23
CUST-003564,Facebook,2025-03-05,25-34,Female,Chicago,United States,Free,24.58
CUST-001780,Facebook,2025-03-05,55+,Female,Bengaluru,India,Basic,47.97
CUST-005224,Email,2025-03-05,45-54,Other,New York,United States,Premium,62.11
CUST-004655,Facebook,2025-03-05,25-34,Male,Bengaluru,India,Basic,46.54
CUST-000201,Facebook,2025-03-06,25-34,Male,Melbourne,Australia,Basic,62.88
CUST-002911,Email,2025-03-06,18-24,Male,New York,United States,Free,21.58
CUST-005740,Facebook,2025-03-06,18-24,Female,New York,United States,Free,22.1
CUST-004769,Email,2025-03-06,18-24,Male,London,United Kingdom,Free,23.53
CUST-002581,Email,2025-03-06,55+,Female,Seattle,United States,Basic,76.74
CUST-004047,Email,2025-03-06,18-24,Female,Bengaluru,India,Free,22.75
CUST-002100,Email,2025-03-06,55+,Female,Bengaluru,India,Premium,71.78
CUST-002790,Affiliate,2025-03-06,35-44,Male,Toronto,Canada,Premium,114.6
CUST-002205,Email,2025-03-06,35-44,Male,New York,United States,Premium,130.95
CUST-000375,Email,2025-03-06,18-24,Male,Chicago,United States,Premium,105.09
CUST-005671,Email,2025-03-07,18-24,Male,Austin,United States,Premium,122.22
CUST-003452,Email,2025-03-07,25-34,Female,Pune,India,Free,14.21
CUST-002154,Email,2025-03-07,18-24,Male,Birmingham,United Kingdom,Premium,104.97
CUST-004000,Email,2025-03-07,18-24,Female,Delhi,India,Basic,38.07
CUST-005303,Email,2025-03-07,25-34,Male,New York,United States,Premium,97.97
CUST-000010,Affiliate,2025-03-07,45-54,Male,Pune,India,Premium,94.63
CUST-005314,Email,2025-03-07,18-24,Female,Birmingham,United Kingdom,Enterprise,146.2
CUST-000868,Email,2025-03-07,18-24,Male,Seattle,United States,Premium,75.91
CUST-002890,Facebook,2025-03-08,25-34,Female,Austin,United States,Free,17.56
CUST-004362,Email,2025-03-08,35-44,Female,Bengaluru,India,Premium,66.64
CUST-005087,Affiliate,2025-03-08,35-44,Male,New York,United States,Premium,57.38
CUST-003060,Email,2025-03-08,25-34,Female,London,United Kingdom,Free,14.28
CUST-002143,Facebook,2025-03-08,18-24,Male,Toronto,Canada,Basic,30.72
CUST-000080,Facebook,2025-03-09,25-34,Male,Seattle,United States,Basic,72.06
CUST-003193,Email,2025-03-09,18-24,Female,Austin,United States,Premium,83.22
CUST-003246,Facebook,2025-03-09,18-24,Male,Delhi,India,Free,21.5
CUST-000554,Email,2025-03-09,25-34,Female,New York,United States,Enterprise,190.82
CUST-005600,Facebook,2025-03-09,18-24,Male,Sydney,Australia,Free,19.22
CUST-000890,Facebook,2025-03-09,55+,Female,Birmingham,United Kingdom,Premium,77.15
CUST-000190,Email,2025-03-09,25-34,Other,Pune,India,Basic,42.82
CUST-000403,Affiliate,2025-03-10,35-44,Female,London,United Kingdom,Premium,95.96
CUST-004568,Email,2025-03-10,18-24,Female,Chicago,United States,Free,19.38
CUST-002105,Email,2025-03-10,25-34,Female,Vancouver,Canada,Basic,29.82
CUST-003262,Email,2025-03-10,25-34,Male,Delhi,India,Basic,58.8
CUST-004466,Affiliate,2025-03-10,55+,Other,Bengaluru,India,Premium,107.21
CUST-002765,Facebook,2025-03-10,25-34,Female,Seattle,United States,Basic,37.21
CUST-003061,Facebook,2025-03-10,45-54,Female,Seattle,United States,Premium,44.41
CUST-004690,Affiliate,2025-03-10,18-24,Male,Vancouver,Canada,Basic,40.14
CUST-004185,Facebook,2025-03-10,55+,Male,Toronto,Canada,Free,25.24
CUST-001000,Email,2025-03-10,35-44,Male,Austin,United States,Basic,54.68
CUST-003641,Email,2025-03-10,55+,Male,Birmingham,United Kingdom,Premium,70.38
CUST-004030,Affiliate,2025-03-10,35-44,Female,London,United Kingdom,Basic,64.71
CUST-005204,Email,2025-03-11,35-44,Female,Pune,India,Premium,116.99
CUST-001771,Email,2025-03-11,45-54,Male,Chicago,United States,Enterprise,211.81
CUST-005841,Facebook,2025-03-11,35-44,Male,Pune,India,Basic,72.03
CUST-003394,TikTok,2025-03-11,25-34,Male,Birmingham,United Kingdom,Premium,101.13
CUST-004040,Email,2025-03-11,35-44,Male,New York,United States,Basic,40.21
CUST-002119,Email,2025-03-11,18-24,Female,Vancouver,Canada,Basic,47.55
CUST-001176,Email,2025-03-11,45-54,Female,Delhi,India,Free,15.52
CUST-001168,Email,2025-03-11,18-24,Female,Toronto,Canada,Basic,47.39
CUST-003895,Facebook,2025-03-11,25-34,Female,Delhi,India,Basic,67.18
CUST-001693,Facebook,2025-03-11,18-24,Female,Toronto,Canada,Free,20.64
CUST-001452,Email,2025-03-11,55+,Other,Montreal,Canada,Basic,43.89
CUST-004476,Email,2025-03-11,25-34,Female,Seattle,United States,Enterprise,191.8
CUST-000207,Email,2025-03-11,25-34,Male,Pune,India,Free,30.54
CUST-003013,Email,2025-03-11,18-24,Female,Manchester,United Kingdom,Enterprise,82.82
CUST-005130,Facebook,2025-03-11,55+,Other,Seattle,United States,Free,24.29
CUST-001019,Email,2025-03-12,45-54,Male,Los Angeles,United States,Enterprise,121.59
CUST-002580,Email,2025-03-12,45-54,Female,Austin,United States,Premium,62.54
CUST-004148,Affiliate,2025-03-12,55+,Female,Bengaluru,India,Basic,53.21
CUST-000341,Email,2025-03-13,55+,Other,Vancouver,Canada,Basic,38.25
CUST-005734,Email,2025-03-13,18-24,Female,Austin,United States,Premium,94.93
CUST-003830,Email,2025-03-13,25-34,Female,Pune,India,Premium,104.65
CUST-002647,Email,2025-03-13,35-44,Female,Birmingham,United Kingdom,Basic,68.45
CUST-003120,TikTok,2025-03-13,55+,Male,Toronto,Canada,Free,19.73
CUST-002085,Facebook,2025-03-13,25-34,Female,Los Angeles,United States,Free,19.13
CUST-005739,Email,2025-03-13,35-44,Female,Chicago,United States,Premium,109.74
CUST-005393,Facebook,2025-03-13,18-24,Male,Austin,United States,Premium,100.6
CUST-006000,Email,2025-03-13,25-34,Female,Melbourne,Australia,Basic,39.78
CUST-004305,Affiliate,2025-03-13,45-54,Female,Birmingham,United Kingdom,Basic,73.86
CUST-004485,TikTok,2025-03-13,45-54,Male,Delhi,India,Free,24.0
CUST-003422,Affiliate,2025-03-14,18-24,Male,Pune,India,Free,16.82
CUST-005120,Email,2025-03-14,25-34,Female,Pune,India,Premium,105.76
CUST-003009,Email,2025-03-14,18-24,Female,Pune,India,Enterprise,171.0
CUST-003375,Affiliate,2025-03-14,45-54,Male,Mumbai,India,Basic,69.95
CUST-004658,Email,2025-03-14,25-34,Female,Seattle,United States,Basic,72.09
CUST-002966,Facebook,2025-03-14,25-34,Male,Chicago,United States,Basic,38.96
CUST-004746,Email,2025-03-15,18-24,Male,Toronto,Canada,Free,27.99
CUST-001314,Email,2025-03-15,18-24,Male,Mumbai,India,Enterprise,291.45
CUST-000396,Email,2025-03-15,18-24,Male,Seattle,United States,Basic,29.98
CUST-000280,Affiliate,2025-03-15,35-44,Other,Melbourne,Australia,Premium,114.83
CUST-002870,Email,2025-03-15,35-44,Female,Austin,United States,Free,34.39
CUST-000368,Affiliate,2025-03-15,25-34,Male,Seattle,United States,Enterprise,221.15
CUST-001817,Affiliate,2025-03-15,55+,Female,Austin,United States,Free,19.23
CUST-004115,Email,2025-03-15,25-34,Male,London,United Kingdom,Basic,45.29
CUST-003553,Email,2025-03-15,55+,Male,Pune,India,Free,15.37
CUST-005238,Email,2025-03-16,18-24,Male,Manchester,United Kingdom,Free,28.99
CUST-001086,Email,2025-03-16,25-34,Female,Delhi,India,Premium,91.07
CUST-005326,Facebook,2025-03-16,18-24,Male,Sydney,Australia,Premium,154.17
CUST-005287,Email,2025-03-16,35-44,Female,Sydney,Australia,Basic,54.6
CUST-000499,Affiliate,2025-03-16,25-34,Male,Manchester,United Kingdom,Basic,56.54
CUST-000140,Affiliate,2025-03-16,18-24,Female,Bengaluru,India,Premium,60.99
CUST-001746,Email,2025-03-16,45-54,Other,Seattle,United States,Basic,52.94
CUST-003650,Facebook,2025-03-16,45-54,Female,Seattle,United States,Basic,48.33
CUST-002738,Facebook,2025-03-17,35-44,Male,Birmingham,United Kingdom,Premium,110.25
CUST-001723,Facebook,2025-03-17,25-34,Female,Seattle,United States,Free,25.49
CUST-001874,TikTok,2025-03-17,25-34,Female,New York,United States,Enterprise,146.29
CUST-005084,Email,2025-03-17,18-24,Male,London,United Kingdom,Free,29.94
CUST-002907,Email,2025-03-17,45-54,Female,Seattle,United States,Premium,49.23
CUST-004354,Email,2025-03-17,25-34,Male,Manchester,United Kingdom,Premium,107.37
CUST-000941,Email,2025-03-17,18-24,Male,Melbourne,Australia,Basic,64.18
CUST-002074,Email,2025-03-18,25-34,Male,Birmingham,United Kingdom,Basic,49.63
CUST-005769,Affiliate,2025-03-18,45-54,Male,Delhi,India,Basic,47.47
CUST-002593,TikTok,2025-03-18,55+,Female,Chicago,United States,Free,30.02
CUST-001485,Email,2025-03-18,18-24,Male,Sydney,Australia,Free,22.66
CUST-002783,TikTok,2025-03-18,45-54,Female,Pune,India,Free,15.33
CUST-000688,Email,2025-03-18,25-34,Male,Sydney,Australia,Premium,90.52
CUST-000621,Email,2025-03-18,35-44,Female,Seattle,United States,Basic,47.68
CUST-000763,Email,2025-03-19,35-44,Male,Bengaluru,India,Free,20.53
CUST-004111,Email,2025-03-19,18-24,Male,Los Angeles,United States,Premium,87.3
CUST-003888,Facebook,2025-03-19,18-24,Male,Bengaluru,India,Basic,40.5
CUST-004201,TikTok,2025-03-19,35-44,Male,Melbourne,Australia,Basic,43.82
CUST-001756,Email,2025-03-19,35-44,Female,Birmingham,United Kingdom,Free,10.38
CUST-004258,Email,2025-03-19,18-24,Male,Austin,United States,Premium,110.03
CUST-001486,Facebook,2025-03-19,55+,Male,Bengaluru,India,Enterprise,271.51
CUST-001069,Email,2025-03-19,18-24,Male,Chicago,United States,Premium,115.98
CUST-003523,Email,2025-03-20,18-24,Female,Los Angeles,United States,Free,19.83
CUST-003831,TikTok,2025-03-20,25-34,Male,Seattle,United States,Basic,56.41
CUST-003175,Email,2025-03-20,35-44,Female,Mumbai,India,Enterprise,183.65
CUST-002628,Email,2025-03-20,55+,Male,Bengaluru,India,Basic,60.7
CUST-005045,Facebook,2025-03-20,25-34,Female,New York,United States,Basic,51.92
CUST-005538,Facebook,2025-03-20,18-24,Female,Seattle,United States,Premium,54.51
CUST-005297,Email,2025-03-20,25-34,Male,London,United Kingdom,Premium,105.03
CUST-004412,Email,2025-03-20,18-24,Female,New York,United States,Free,18.54
CUST-002866,Facebook,2025-03-20,25-34,Female,Mumbai,India,Basic,59.91
CUST-000473,TikTok,2025-03-20,25-34,Male,Pune,India,Basic,42.71
CUST-001995,Facebook,2025-03-20,55+,Male,Austin,United States,Enterprise,181.3
CUST-005131,Affiliate,2025-03-22,25-34,Male,Seattle,United States,Premium,86.96
CUST-004132,Facebook,2025-03-23,35-44,Female,Bengaluru,India,Free,15.74
CUST-001484,Facebook,2025-03-23,35-44,Male,Mumbai,India,Free,17.77
CUST-002943,Facebook,2025-03-24,25-34,Other,Austin,United States,Premium,92.72
CUST-003538,TikTok,2025-03-25,35-44,Female,Chicago,United States,Free,15.3
CUST-003353,Facebook,2025-03-25,25-34,Male,Melbourne,Australia,Free,27.29
CUST-002285,Facebook,2025-03-26,18-24,Male,Bengaluru,India,Free,21.4
CUST-003369,TikTok,2025-03-26,35-44,Female,Birmingham,United Kingdom,Basic,65.48
CUST-000436,TikTok,2025-03-26,25-34,Female,Seattle,United States,Free,26.24
CUST-004015,Facebook,2025-03-27,18-24,Male,Austin,United States,Basic,50.49
CUST-000710,TikTok,2025-03-27,25-34,Female,Melbourne,Australia,Basic,61.62
CUST-005940,Facebook,2025-03-27,18-24,Female,Melbourne,Australia,Free,19.0
CUST-001136,Facebook,2025-03-28,18-24,Female,Los Angeles,United States,Premium,164.43
CUST-005391,Facebook,2025-03-28,35-44,Female,Delhi,India,Free,16.4
CUST-002746,Facebook,2025-03-28,55+,Female,Toronto,Canada,Free,15.73
CUST-001637,TikTok,2025-03-28,18-24,Male,London,United Kingdom,Premium,95.24
CUST-002158,Facebook,2025-03-28,55+,Female,Mumbai,India,Basic,53.59
CUST-003638,TikTok,2025-03-28,35-44,Male,Los Angeles,United States,Basic,59.2
CUST-000249,Facebook,2025-03-28,55+,Other,Los Angeles,United States,Basic,32.78
CUST-002175,TikTok,2025-03-28,18-24,Female,Pune,India,Free,19.94
CUST-000676,TikTok,2025-03-28,18-24,Female,Sydney,Australia,Free,15.53
CUST-004756,Affiliate,2025-03-28,,Female,Delhi,India,Free,18.56
CUST-005182,Affiliate,2025-03-29,18-24,Male,Manchester,United Kingdom,Free,27.14
CUST-000437,TikTok,2025-03-29,25-34,Female,Los Angeles,United States,Free,20.43
CUST-001662,Facebook,2025-03-30,35-44,Female,Seattle,United States,Free,33.06
CUST-004152,Facebook,2025-03-30,45-54,Male,Pune,India,Enterprise,267.82
CUST-003099,TikTok,2025-03-30,25-34,Female,New York,United States,Free,16.33
CUST-005800,Facebook,2025-03-31,25-34,Female,Pune,India,Premium,127.88
CUST-003734,TikTok,2025-03-31,25-34,Male,Chicago,United States,Basic,38.56
CUST-005138,Affiliate,2025-03-31,45-54,Other,Delhi,India,Premium,48.32
CUST-005809,Facebook,2025-03-31,45-54,Male,Bengaluru,India,Premium,103.4
CUST-005735,Facebook,2025-03-31,25-34,Female,Toronto,Canada,Free,20.11
CUST-003300,TikTok,2025-03-31,45-54,Male,Birmingham,United Kingdom,Free,16.48
CUST-003187,Facebook,2025-03-31,35-44,Female,Manchester,United Kingdom,Basic,44.31
CUST-001724,TikTok,2025-04-01,45-54,Male,Austin,United States,Free,27.6
CUST-002339,Facebook,2025-04-01,18-24,Female,Manchester,United Kingdom,Enterprise,222.14
CUST-001420,Affiliate,2025-04-01,35-44,Female,Mumbai,India,Basic,40.36
CUST-002898,TikTok,2025-04-01,18-24,Male,Chicago,United States,Basic,33.96
CUST-005474,Affiliate,2025-04-01,45-54,Female,New York,United States,Basic,48.2
CUST-002312,TikTok,2025-04-01,25-34,Female,London,United Kingdom,Basic,35.36
CUST-003881,Facebook,2025-04-01,25-34,Male,Delhi,India,Basic,28.81
CUST-003200,Facebook,2025-04-02,25-34,Male,Los Angeles,United States,Free,29.9
CUST-005102,Facebook,2025-04-02,25-34,Male,Seattle,United States,Free,21.42
CUST-005585,TikTok,2025-04-02,45-54,Female,Vancouver,Canada,Free,13.55
CUST-004555,Facebook,2025-04-02,18-24,Male,Chicago,United States,Basic,45.24
CUST-003965,Facebook,2025-04-02,25-34,Male,Pune,India,Free,20.57
CUST-002519,Facebook,2025-04-03,55+,Female,Austin,United States,Basic,49.29
CUST-005590,Facebook,2025-04-03,55+,Male,Toronto,Canada,Basic,53.74
CUST-001380,Affiliate,2025-04-03,25-34,Male,Los Angeles,United States,Enterprise,250.06
CUST-003082,Facebook,2025-04-03,45-54,Female,Pune,India,Premium,72.51
CUST-002570,Facebook,2025-04-04,25-34,Female,Delhi,India,Basic,35.61
CUST-002479,TikTok,2025-04-04,35-44,Female,Mumbai,India,Free,24.05
CUST-004987,TikTok,2025-04-04,35-44,Other,Seattle,United States,Basic,35.26
CUST-004319,TikTok,2025-04-05,25-34,Male,Manchester,United Kingdom,Enterprise,182.71
CUST-004894,TikTok,2025-04-05,35-44,Male,Austin,United States,Free,24.37
CUST-003100,Affiliate,2025-04-05,45-54,Male,Seattle,United States,Basic,21.93
CUST-004547,TikTok,2025-04-05,55+,Female,Birmingham,United Kingdom,Free,22.28
CUST-002310,TikTok,2025-04-06,35-44,Female,Bengaluru,India,Free,21.48
CUST-003122,Facebook,2025-04-06,25-34,Male,Austin,United States,Premium,96.33
CUST-005028,Affiliate,2025-04-07,18-24,Female,London,United Kingdom,Premium,73.24
CUST-004217,Facebook,2025-04-07,18-24,Male,Pune,India,Free,34.34
CUST-004074,Facebook,2025-04-07,25-34,Male,Austin,United States,Basic,53.76
CUST-001571,Affiliate,2025-04-07,35-44,Female,Montreal,Canada,Enterprise,221.91
CUST-000955,TikTok,2025-04-09,35-44,Female,Austin,United States,Free,20.54
CUST-002140,Facebook,2025-04-09,45-54,Male,Sydney,Australia,Basic,54.34
CUST-002014,TikTok,2025-04-10,35-44,Male,New York,United States,Free,19.05
CUST-001007,Affiliate,2025-04-10,35-44,Male,Melbourne,Australia,Free,23.52
CUST-001964,Facebook,2025-04-10,18-24,Female,Los Angeles,United States,Free,28.23
CUST-004306,TikTok,2025-04-10,18-24,Male,London,United Kingdom,Free,22.43
CUST-005517,TikTok,2025-04-10,18-24,Male,New York,United States,Premium,67.27
CUST-004628,Facebook,2025-04-10,18-24,Male,Bengaluru,India,Basic,56.42
CUST-004089,Facebook,2025-04-11,55+,Other,Mumbai,India,Premium,82.71
CUST-001920,Facebook,2025-04-11,55+,Female,Bengaluru,India,Free,23.48
CUST-001965,TikTok,2025-04-11,35-44,Male,Pune,India,Basic,64.7
CUST-002606,Facebook,2025-04-12,25-34,Female,Pune,India,Enterprise,220.08
CUST-000976,Facebook,2025-04-12,25-34,Female,Los Angeles,United States,Free,26.54
CUST-002788,Affiliate,2025-04-12,35-44,Male,London,United Kingdom,Free,30.96
CUST-003525,Facebook,2025-04-12,25-34,Female,Chicago,United States,Basic,60.07
CUST-001625,TikTok,2025-04-12,18-24,Female,Austin,United States,Free,25.74
CUST-003674,Facebook,2025-04-12,25-34,Female,Manchester,United Kingdom,Free,18.19
CUST-000181,Facebook,2025-04-12,45-54,Female,Los Angeles,United States,Premium,95.76
CUST-000820,Facebook,2025-04-13,25-34,Female,Los Angeles,United States,Free,10.52
CUST-005992,TikTok,2025-04-13,45-54,Male,Seattle,United States,Free,21.32
CUST-005645,Affiliate,2025-04-13,45-54,Female,New York,United States,Enterprise,292.97
CUST-000479,Facebook,2025-04-13,45-54,Male,Sydney,Australia,Enterprise,243.12
CUST-001990,Facebook,2025-04-13,18-24,Female,Seattle,United States,Free,9.28
CUST-002401,Facebook,2025-04-13,35-44,Male,Mumbai,India,Basic,66.63
CUST-005558,Facebook,2025-04-13,45-54,Male,Austin,United States,Premium,74.09
CUST-003549,Facebook,2025-04-13,18-24,Male,Los Angeles,United States,Basic,58.81
CUST-001508,Facebook,2025-04-14,18-24,Female,London,United Kingdom,Basic,57.78
CUST-005514,TikTok,2025-04-14,45-54,Male,Chicago,United States,Premium,116.54
CUST-002275,Facebook,2025-04-14,45-54,Female,Austin,United States,Premium,50.69
CUST-000448,Facebook,2025-04-14,25-34,Other,Manchester,United Kingdom,Free,15.42
CUST-001758,Facebook,2025-04-14,35-44,Male,Seattle,United States,Basic,64.37
CUST-004692,TikTok,2025-04-14,18-24,Female,Austin,United States,Free,17.97
CUST-003919,Facebook,2025-04-15,25-34,Male,Manchester,United Kingdom,Basic,41.28
CUST-005532,TikTok,2025-04-15,25-34,Male,Manchester,United Kingdom,Free,18.77
CUST-002811,Facebook,2025-04-15,18-24,Male,Mumbai,India,Premium,99.38
CUST-004677,Facebook,2025-04-15,25-34,Female,Chicago,United States,Free,31.48
CUST-003548,Facebook,2025-04-15,25-34,Female,Pune,India,Enterprise,304.49
CUST-005644,Facebook,2025-04-16,18-24,Female,Sydney,Australia,Free,14.09
CUST-001164,TikTok,2025-04-16,35-44,Female,Manchester,United Kingdom,Free,31.34
CUST-001434,Facebook,2025-04-17,55+,Female,Manchester,United Kingdom,Basic,34.72
CUST-005741,Facebook,2025-04-17,25-34,Male,Birmingham,United Kingdom,Basic,42.12
CUST-004238,Facebook,2025-04-17,25-34,Male,Chicago,United States,Free,17.15
CUST-002059,TikTok,2025-04-17,18-24,Male,Austin,United States,Basic,53.56
CUST-005610,Facebook,2025-04-17,25-34,Female,Birmingham,United Kingdom,Free,19.7
CUST-004253,Facebook,2025-04-18,25-34,Male,Seattle,United States,Free,20.68
CUST-004840,Facebook,2025-04-18,25-34,Female,Manchester,United Kingdom,Basic,57.64
CUST-003125,Facebook,2025-04-18,25-34,Male,Austin,United States,Premium,104.95
CUST-000203,Affiliate,2025-04-18,25-34,Female,Sydney,Australia,Enterprise,221.24
CUST-000819,Facebook,2025-04-18,25-34,Male,Mumbai,India,Premium,111.68
CUST-001471,TikTok,2025-04-19,25-34,Female,Pune,India,Basic,51.33
CUST-001311,Facebook,2025-04-19,25-34,Female,Seattle,United States,Free,25.23
CUST-000465,Affiliate,2025-04-19,35-44,Female,Toronto,Canada,Free,19.81
CUST-001772,Facebook,2025-04-19,45-54,Female,Montreal,Canada,Enterprise,171.85
CUST-002653,Facebook,2025-04-19,25-34,Female,Melbourne,Australia,Basic,56.59
CUST-000982,Facebook,2025-04-20,35-44,Male,Birmingham,United Kingdom,Free,24.97
CUST-002256,Facebook,2025-04-20,25-34,Female,London,United Kingdom,Free,20.64
CUST-001655,Facebook,2025-04-20,55+,Female,Delhi,India,Basic,72.43
CUST-000542,Affiliate,2025-04-20,18-24,Male,Pune,India,Enterprise,166.05
CUST-001541,Facebook,2025-04-20,35-44,Male,Manchester,United Kingdom,Free,18.4
CUST-003711,Facebook,2025-04-20,18-24,Female,Chicago,United States,Basic,55.5
CUST-004773,Facebook,2025-04-21,25-34,Female,Austin,United States,Premium,100.26
CUST-001509,Facebook,2025-04-21,18-24,Male,Melbourne,Australia,Free,12.19
CUST-000922,Facebook,2025-04-21,18-24,Male,Pune,India,Basic,52.26
CUST-000407,Facebook,2025-04-21,18-24,Female,Delhi,India,Enterprise,187.56
CUST-000038,Facebook,2025-04-21,18-24,Female,Mumbai,India,Enterprise,240.69
CUST-002217,Facebook,2025-04-22,18-24,Female,Seattle,United States,Free,30.31
CUST-000067,Facebook,2025-04-22,25-34,Male,Delhi,India,Basic,49.32
CUST-000932,Facebook,2025-04-22,18-24,Female,Birmingham,United Kingdom,Basic,37.52
CUST-000962,Facebook,2025-04-22,45-54,Female,Birmingham,United Kingdom,Premium,75.59
CUST-002899,Facebook,2025-04-22,55+,Female,Manchester,United Kingdom,Premium,85.85
CUST-000297,Facebook,2025-04-22,45-54,Female,Pune,India,Basic,49.56
CUST-005811,Instagram,2025-04-23,18-24,Female,Delhi,India,Free,21.4
CUST-004806,Facebook,2025-04-23,25-34,Male,Los Angeles,United States,Free,29.65
CUST-005178,TikTok,2025-04-23,45-54,Male,New York,United States,Free,22.58
CUST-005652,Facebook,2025-04-23,25-34,Female,New York,United States,Basic,50.43
CUST-002019,Instagram,2025-04-23,35-44,Male,Vancouver,Canada,Free,18.26
CUST-001921,TikTok,2025-04-23,35-44,Male,Chicago,United States,Free,13.57
CUST-000155,Facebook,2025-04-23,25-34,Male,Chicago,United States,Basic,56.19
CUST-001906,Facebook,2025-04-24,55+,Male,Birmingham,United Kingdom,Premium,107.47
CUST-000378,TikTok,2025-04-24,18-24,Other,New York,United States,Free,22.62
CUST-005380,Facebook,2025-04-24,25-34,Female,Montreal,Canada,Enterprise,120.06
CUST-001185,Google Ads,2025-04-24,35-44,Male,Bengaluru,India,Basic,54.83
CUST-001445,Instagram,2025-04-24,25-34,Male,London,United Kingdom,Enterprise,260.0
CUST-000630,Google Ads,2025-04-24,25-34,Male,Sydney,Australia,Basic,63.87
CUST-005665,Affiliate,2025-04-24,55+,Female,Chicago,United States,Free,26.15
CUST-004722,Google Ads,2025-04-24,45-54,Male,Mumbai,India,Premium,47.73
CUST-003139,Facebook,2025-04-24,25-34,Female,Seattle,United States,Premium,77.87
CUST-001998,Google Ads,2025-04-24,55+,Female,Los Angeles,United States,Basic,53.97
CUST-000495,Google Ads,2025-04-24,35-44,Male,Delhi,India,Premium,68.16
CUST-003557,Facebook,2025-04-25,25-34,Male,Vancouver,Canada,Free,28.42
CUST-002259,TikTok,2025-04-25,18-24,Male,Austin,United States,Free,21.47
CUST-001005,Facebook,2025-04-25,25-34,Other,Chicago,United States,Free,20.47
CUST-002134,Google Ads,2025-04-25,18-24,Female,Mumbai,India,Free,22.03
CUST-001942,Facebook,2025-04-25,35-44,Female,Bengaluru,India,Basic,26.48
CUST-001493,Google Ads,2025-04-25,25-34,Male,London,United Kingdom,Premium,83.08
CUST-005535,Google Ads,2025-04-25,18-24,Male,Vancouver,Canada,Premium,117.58
CUST-004922,Google Ads,2025-04-25,25-34,Male,Melbourne,Australia,Free,27.33
CUST-002382,Google Ads,2025-04-26,18-24,Female,Manchester,United Kingdom,Premium,102.21
CUST-005791,Facebook,2025-04-26,35-44,Male,Sydney,Australia,Basic,49.28
CUST-002409,Google Ads,2025-04-26,25-34,Female,Chicago,United States,Free,17.18
CUST-004682,Google Ads,2025-04-26,55+,Female,London,United Kingdom,Free,24.17
CUST-000148,Google Ads,2025-04-26,25-34,Male,Birmingham,United Kingdom,Premium,122.91
CUST-001097,Google Ads,2025-04-26,25-34,Female,Pune,India,Enterprise,199.44
CUST-002524,TikTok,2025-04-26,25-34,Female,New York,United States,Free,30.37
CUST-004246,Google Ads,2025-04-26,35-44,Female,Bengaluru,India,Basic,61.43
CUST-000427,Facebook,2025-04-26,25-34,Male,Sydney,Australia,Enterprise,215.05
CUST-000373,Google Ads,2025-04-27,35-44,Male,Sydney,Australia,Basic,35.1
CUST-004102,Google Ads,2025-04-27,45-54,Male,Melbourne,Australia,Basic,21.12
CUST-001525,Facebook,2025-04-27,45-54,Male,Los Angeles,United States,Basic,58.16
CUST-002472,TikTok,2025-04-27,18-24,Male,Montreal,Canada,Basic,47.9
CUST-003603,TikTok,2025-04-27,55+,Female,New York,United States,Free,17.77
CUST-005099,TikTok,2025-04-28,55+,Male,Bengaluru,India,Basic,65.68
CUST-003027,Google Ads,2025-04-28,25-34,Female,Seattle,United States,Premium,121.3
CUST-002325,Facebook,2025-04-28,25-34,Male,Seattle,United States,Premium,134.55
CUST-004011,TikTok,2025-04-28,45-54,Male,Bengaluru,India,Free,26.86
CUST-000504,Google Ads,2025-04-28,18-24,Female,Chicago,United States,Premium,56.32
CUST-000335,Instagram,2025-04-28,35-44,Female,Birmingham,United Kingdom,Free,20.91
CUST-005244,Instagram,2025-04-28,25-34,Male,Los Angeles,United States,Premium,57.27
CUST-004378,TikTok,2025-04-29,25-34,Female,Bengaluru,India,Basic,51.71
CUST-005580,Google Ads,2025-04-29,25-34,Male,Los Angeles,United States,Premium,45.85
CUST-000009,TikTok,2025-04-29,35-44,Other,Vancouver,Canada,Basic,40.98
CUST-002358,TikTok,2025-04-29,45-54,Female,Birmingham,United Kingdom,Basic,50.93
CUST-003991,Google Ads,2025-04-29,18-24,Male,Toronto,Canada,Premium,75.72
CUST-001387,Google Ads,2025-04-29,55+,Male,Montreal,Canada,Free,23.64
CUST-005924,Facebook,2025-04-30,25-34,Other,New York,United States,Free,9.54
CUST-001446,Google Ads,2025-04-30,35-44,Other,Seattle,United States,Enterprise,247.5
CUST-004990,Facebook,2025-04-30,25-34,Male,Manchester,United Kingdom,Premium,136.67
CUST-003724,Google Ads,2025-04-30,25-34,Male,Manchester,United Kingdom,Basic,66.85
CUST-000778,Instagram,2025-05-01,35-44,Other,London,United Kingdom,Basic,39.55
CUST-003288,Google Ads,2025-05-01,18-24,Female,Vancouver,Canada,Basic,46.64
CUST-002076,Facebook,2025-05-01,25-34,Male,Sydney,Australia,Premium,150.71
CUST-005404,Google Ads,2025-05-01,25-34,Female,Seattle,United States,Premium,111.95
CUST-005249,Instagram,2025-05-01,25-34,Male,Bengaluru,India,Premium,123.58
CUST-000238,Facebook,2025-05-01,25-34,Male,Vancouver,Canada,Free,27.38
CUST-000975,Instagram,2025-05-01,45-54,Male,Delhi,India,Basic,37.95
CUST-000364,Facebook,2025-05-02,45-54,Male,Austin,United States,Basic,42.78
CUST-005970,Google Ads,2025-05-02,35-44,Female,Delhi,India,Premium,85.74
CUST-003795,Google Ads,2025-05-03,55+,Male,Seattle,United States,Basic,39.08
CUST-002919,Instagram,2025-05-03,45-54,Female,Manchester,United Kingdom,Basic,31.74
CUST-005969,Google Ads,2025-05-03,25-34,Male,Delhi,India,Basic,35.43
CUST-004022,Google Ads,2025-05-03,25-34,Male,Bengaluru,India,Basic,76.93
CUST-000415,Google Ads,2025-05-04,35-44,Female,Montreal,Canada,Basic,57.23
CUST-004795,Google Ads,2025-05-04,35-44,Female,London,United Kingdom,Free,22.3
CUST-005799,Google Ads,2025-05-04,35-44,Male,Seattle,United States,Premium,90.71
CUST-002692,Google Ads,2025-05-05,25-34,Female,Bengaluru,India,Enterprise,249.53
CUST-001101,Google Ads,2025-05-05,35-44,Female,Mumbai,India,Premium,96.04
CUST-005025,Facebook,2025-05-05,35-44,Female,Los Angeles,United States,Free,23.4
CUST-000105,Instagram,2025-05-05,25-34,Female,Montreal,Canada,Basic,34.53
CUST-004269,Facebook,2025-05-06,18-24,Female,New York,United States,Free,30.24
CUST-004369,Facebook,2025-05-06,35-44,Female,Seattle,United States,Premium,86.23
CUST-004463,Instagram,2025-05-06,35-44,Female,Austin,United States,Free,17.61
CUST-005117,Facebook,2025-05-07,45-54,Male,Manchester,United Kingdom,Free,29.23
CUST-000781,Google Ads,2025-05-07,45-54,Female,Austin,United States,Free,26.97
CUST-004927,Instagram,2025-05-07,25-34,Male,Chicago,United States,Basic,51.94
CUST-005401,Google Ads,2025-05-07,25-34,Female,Toronto,Canada,Free,16.96
CUST-004327,Google Ads,2025-05-07,35-44,Female,Vancouver,Canada,Basic,39.58
CUST-001638,Google Ads,2025-05-07,25-34,Male,Manchester,United Kingdom,Basic,54.87
CUST-003228,Facebook,2025-05-08,35-44,Female,Delhi,India,Basic,39.94
CUST-005717,Google Ads,2025-05-08,18-24,Male,Austin,United States,Premium,97.08
CUST-004247,Google Ads,2025-05-08,45-54,Male,Melbourne,Australia,Premium,99.7
CUST-005786,Facebook,2025-05-08,25-34,Female,New York,United States,Free,27.2
CUST-003357,Instagram,2025-05-09,18-24,Female,Pune,India,Free,27.54
CUST-002168,Google Ads,2025-05-09,25-34,Male,Melbourne,Australia,Premium,108.09
CUST-003108,Google Ads,2025-05-09,25-34,Male,New York,United States,Free,7.69
CUST-005662,Instagram,2025-05-09,25-34,Male,Mumbai,India,Premium,95.96
CUST-005592,Google Ads,2025-05-09,45-54,Male,Vancouver,Canada,Basic,36.29
CUST-004649,Facebook,2025-05-09,45-54,Male,Bengaluru,India,Basic,42.14
CUST-002566,Facebook,2025-05-09,25-34,Male,London,United Kingdom,Basic,60.77
CUST-002109,Organic,2025-05-11,35-44,Female,Toronto,Canada,Free,16.94
CUST-001184,Google Ads,2025-05-11,45-54,Male,Vancouver,Canada,Basic,70.16
CUST-004513,Google Ads,2025-05-12,18-24,Male,Montreal,Canada,Free,23.58
CUST-004133,Instagram,2025-05-12,25-34,Female,Los Angeles,United States,Basic,50.7
CUST-004815,Affiliate,2025-05-12,55+,Female,Manchester,United Kingdom,Enterprise,125.72
CUST-000083,Google Ads,2025-05-12,35-44,Male,Toronto,Canada,Premium,98.01
CUST-002813,Google Ads,2025-05-13,18-24,Female,Mumbai,India,Basic,41.84
CUST-003095,Google Ads,2025-05-13,35-44,Female,Austin,United States,Free,18.15
CUST-004188,Google Ads,2025-05-13,18-24,Female,Bengaluru,India,Basic,30.08
CUST-005152,Facebook,2025-05-13,35-44,Male,Melbourne,Australia,Free,26.99
CUST-005489,Google Ads,2025-05-14,18-24,Female,Seattle,United States,Premium,106.04
CUST-003528,Google Ads,2025-05-14,25-34,Female,New York,United States,Free,20.15
CUST-005374,Organic,2025-05-14,25-34,Female,Bengaluru,India,Basic,44.0
CUST-005727,Google Ads,2025-05-14,45-54,Female,Mumbai,India,Premium,115.6
CUST-005029,Google Ads,2025-05-14,18-24,Female,Toronto,Canada,Free,28.86
CUST-001908,Instagram,2025-05-14,25-34,Other,Delhi,India,Free,26.13
CUST-005795,Google Ads,2025-05-14,35-44,Male,Delhi,India,Free,24.54
CUST-003050,Google Ads,2025-05-14,25-34,Male,Toronto,Canada,Free,14.42
CUST-002558,Instagram,2025-05-14,25-34,Female,Mumbai,India,Basic,59.19
CUST-005100,Google Ads,2025-05-15,45-54,Female,Sydney,Australia,Enterprise,248.86
CUST-002410,Google Ads,2025-05-15,55+,Female,Vancouver,Canada,Premium,80.85
CUST-005367,Facebook,2025-05-15,45-54,Female,Montreal,Canada,Free,21.78
CUST-001361,Facebook,2025-05-15,45-54,Female,Birmingham,United Kingdom,Premium,67.61
CUST-001788,Affiliate,2025-05-15,55+,Female,Sydney,Australia,Enterprise,263.35
CUST-003392,Google Ads,2025-05-15,55+,Male,Birmingham,United Kingdom,Basic,53.79
CUST-000406,Facebook,2025-05-15,35-44,Male,Toronto,Canada,Premium,94.61
CUST-001390,Google Ads,2025-05-15,25-34,Male,Melbourne,Australia,Premium,24.71
CUST-004174,Instagram,2025-05-15,25-34,Female,Bengaluru,India,Basic,29.17
CUST-004492,Google Ads,2025-05-15,25-34,Male,Delhi,India,Basic,64.16
CUST-003292,Google Ads,2025-05-15,25-34,Female,Mumbai,India,Free,31.58
CUST-003838,Google Ads,2025-05-16,45-54,Female,New York,United States,Basic,35.05
CUST-003306,Organic,2025-05-17,45-54,Female,Pune,India,Basic,29.91
CUST-000981,Facebook,2025-05-17,45-54,Female,Mumbai,India,Basic,48.33
CUST-002318,Google Ads,2025-05-17,25-34,Male,Toronto,Canada,Premium,123.09
CUST-001679,Google Ads,2025-05-17,45-54,Male,Chicago,United States,Basic,39.99
CUST-000461,Facebook,2025-05-17,25-34,Male,Birmingham,United Kingdom,Free,25.94
CUST-002023,Google Ads,2025-05-17,18-24,Female,Sydney,Australia,Basic,33.61
CUST-004856,Google Ads,2025-05-17,25-34,Female,Birmingham,United Kingdom,Premium,55.46
CUST-005421,Google Ads,2025-05-17,35-44,Male,Seattle,United States,Basic,57.86
CUST-003652,Facebook,2025-05-17,25-34,Female,Pune,India,Enterprise,174.69
CUST-002658,Facebook,2025-05-17,18-24,Female,Manchester,United Kingdom,Basic,53.38
CUST-002618,Organic,2025-05-17,18-24,Male,New York,United States,Premium,84.54
CUST-004848,Affiliate,2025-05-17,45-54,Male,New York,United States,Enterprise,230.85
CUST-005762,Google Ads,2025-05-18,35-44,Male,London,United Kingdom,Premium,98.57
CUST-001319,Instagram,2025-05-18,55+,Male,Montreal,Canada,Premium,81.35
CUST-001909,Google Ads,2025-05-18,35-44,Male,Los Angeles,United States,Premium,85.05
CUST-000077,Instagram,2025-05-18,45-54,Male,Montreal,Canada,Enterprise,189.72
CUST-001630,Organic,2025-05-18,18-24,Female,Vancouver,Canada,Free,26.2
CUST-003889,Facebook,2025-05-18,35-44,Female,Bengaluru,India,Premium,74.52
CUST-005093,Facebook,2025-05-18,55+,Male,Pune,India,Premium,75.98
CUST-005368,Organic,2025-05-19,45-54,Female,Seattle,United States,Basic,77.35
CUST-004438,Google Ads,2025-05-19,18-24,Male,Los Angeles,United States,Premium,77.9
CUST-004958,Google Ads,2025-05-19,35-44,Female,Austin,United States,Free,24.77
CUST-002762,Facebook,2025-05-19,35-44,Male,Manchester,United Kingdom,Premium,81.16
CUST-004771,Google Ads,2025-05-19,18-24,Female,Seattle,United States,Premium,106.57
CUST-002711,Instagram,2025-05-19,45-54,Female,Sydney,Australia,Basic,45.13
CUST-003343,Instagram,2025-05-19,45-54,Male,New York,United States,Free,23.53
CUST-004052,Google Ads,2025-05-19,45-54,Female,Sydney,Australia,Premium,54.38
CUST-004240,Facebook,2025-05-19,35-44,Male,Sydney,Australia,Basic,30.77
CUST-004653,Facebook,2025-05-19,25-34,Male,Seattle,United States,Basic,50.82
CUST-004379,Google Ads,2025-05-19,35-44,Female,Los Angeles,United States,Premium,66.85
CUST-000334,Instagram,2025-05-19,45-54,Male,Manchester,United Kingdom,Free,23.72
CUST-002308,Google Ads,2025-05-19,18-24,Male,Seattle,United States,Free,26.86
CUST-004520,Organic,2025-05-20,25-34,Female,Mumbai,India,Basic,57.5
CUST-001843,Google Ads,2025-05-20,45-54,Female,Sydney,Australia,Free,19.51
CUST-003322,Google Ads,2025-05-20,25-34,Male,Austin,United States,Basic,44.03
CUST-002026,Google Ads,2025-05-21,45-54,Female,Delhi,India,Basic,62.11
CUST-004144,Instagram,2025-05-21,25-34,Female,Mumbai,India,Basic,54.08
CUST-002546,Google Ads,2025-05-21,18-24,Male,New York,United States,Free,17.6
CUST-005805,Facebook,2025-05-21,25-34,Male,Austin,United States,Free,24.57
CUST-000588,Google Ads,2025-05-21,25-34,Female,Birmingham,United Kingdom,Basic,49.64
CUST-000061,Organic,2025-05-21,25-34,Female,Mumbai,India,Free,21.75
CUST-001811,Google Ads,2025-05-22,18-24,Female,Pune,India,Basic,51.46
CUST-001411,Google Ads,2025-05-22,35-44,Female,Birmingham,United Kingdom,Enterprise,159.66
CUST-001915,Google Ads,2025-05-22,35-44,Female,Sydney,Australia,Basic,39.99
CUST-001116,Google Ads,2025-05-22,18-24,Male,Birmingham,United Kingdom,Free,26.5
CUST-005322,Google Ads,2025-05-23,35-44,Female,Pune,India,Enterprise,289.12
CUST-004507,Google Ads,2025-05-23,18-24,Male,Delhi,India,Basic,52.75
CUST-001617,Google Ads,2025-05-23,25-34,Female,Seattle,United States,Premium,84.44
CUST-002223,Google Ads,2025-05-23,25-34,Female,Austin,United States,Premium,119.38
CUST-000082,Facebook,2025-05-23,25-34,Male,Pune,India,Enterprise,216.1
CUST-000330,Instagram,2025-05-23,35-44,Female,Delhi,India,Free,30.77
CUST-003714,Google Ads,2025-05-23,35-44,Female,Los Angeles,United States,Premium,84.25
CUST-005603,Google Ads,2025-05-23,18-24,Female,Los Angeles,United States,Premium,79.57
CUST-001122,Google Ads,2025-05-23,25-34,Female,Montreal,Canada,Enterprise,201.38
CUST-001784,Affiliate,2025-05-23,45-54,Female,Bengaluru,India,Basic,49.26
CUST-003891,Google Ads,2025-05-23,25-34,Female,Pune,India,Basic,50.61
CUST-004610,Google Ads,2025-05-23,25-34,Female,Birmingham,United Kingdom,Premium,96.57
CUST-001004,Google Ads,2025-05-24,25-34,Female,Montreal,Canada,Premium,103.85
CUST-004668,Affiliate,2025-05-24,25-34,Male,Chicago,United States,Premium,72.09
CUST-000646,Affiliate,2025-05-24,25-34,Female,New York,United States,Basic,68.88
CUST-005410,Google Ads,2025-05-24,25-34,Male,Manchester,United Kingdom,Free,23.16
CUST-005726,Google Ads,2025-05-24,18-24,Male,Toronto,Canada,Basic,40.8
CUST-004977,Facebook,2025-05-24,35-44,Male,London,United Kingdom,Basic,30.01
CUST-004469,Organic,2025-05-24,35-44,Male,Toronto,Canada,Basic,65.34
CUST-000509,Facebook,2025-05-24,18-24,Male,Austin,United States,Basic,36.97
CUST-004017,Google Ads,2025-05-25,25-34,Male,New York,United States,Basic,46.08
CUST-005305,Google Ads,2025-05-25,55+,Female,Los Angeles,United States,Basic,49.84
CUST-005703,Instagram,2025-05-25,35-44,Female,Montreal,Canada,Basic,48.46
CUST-001288,Google Ads,2025-05-25,25-34,Male,Toronto,Canada,Free,6.15
CUST-004403,Organic,2025-05-26,45-54,Female,Vancouver,Canada,Free,23.89
CUST-002930,Affiliate,2025-05-26,25-34,Male,Delhi,India,Enterprise,185.13
CUST-001316,Google Ads,2025-05-26,25-34,Female,Melbourne,Australia,Premium,87.16
CUST-004613,Google Ads,2025-05-26,35-44,Female,Manchester,United Kingdom,Basic,59.45
CUST-001653,Google Ads,2025-05-26,18-24,Female,New York,United States,Free,20.09
CUST-005767,Google Ads,2025-05-26,25-34,Female,Mumbai,India,Premium,76.59
CUST-005275,Facebook,2025-05-26,35-44,Female,Los Angeles,United States,Premium,84.7
CUST-000872,Instagram,2025-05-27,35-44,Female,Los Angeles,United States,Free,17.73
CUST-002538,Google Ads,2025-05-27,25-34,Male,Delhi,India,Enterprise,150.54
CUST-005318,Organic,2025-05-27,45-54,Male,New York,United States,Free,27.96
CUST-000977,Organic,2025-05-27,45-54,Female,New York,United States,Premium,101.71
CUST-001157,Google Ads,2025-05-28,35-44,Female,Austin,United States,Basic,34.5
CUST-004835,Instagram,2025-05-28,18-24,Female,Seattle,United States,Premium,136.14
CUST-002675,Google Ads,2025-05-28,25-34,Male,Chicago,United States,Free,23.56
CUST-001406,Google Ads,2025-05-29,18-24,Female,Bengaluru,India,Free,17.12
CUST-005247,Organic,2025-05-29,25-34,Male,Delhi,India,Basic,44.13
CUST-003979,Facebook,2025-05-29,18-24,Male,Manchester,United Kingdom,Basic,25.95
CUST-001809,Organic,2025-05-29,45-54,Male,Toronto,Canada,Enterprise,232.75
CUST-002745,Google Ads,2025-05-29,25-34,Male,Delhi,India,Basic,47.7
CUST-003850,Facebook,2025-05-30,35-44,Female,Manchester,United Kingdom,Basic,42.95
CUST-003577,Instagram,2025-05-30,18-24,Male,Austin,United States,Basic,40.12
CUST-002298,Organic,2025-05-30,25-34,Male,Sydney,Australia,Free,16.28
CUST-001837,Google Ads,2025-05-30,35-44,Female,Austin,United States,Basic,59.49
CUST-003257,Instagram,2025-05-30,25-34,Male,Chicago,United States,Basic,75.06
CUST-003273,Instagram,2025-05-31,55+,Female,New York,United States,Basic,39.15
CUST-003902,Google Ads,2025-05-31,55+,Male,Pune,India,Basic,37.58
CUST-005051,Organic,2025-05-31,45-54,Female,Sydney,Australia,Premium,85.38
CUST-001721,Google Ads,2025-05-31,45-54,Male,Austin,United States,Basic,46.72
CUST-005642,Google Ads,2025-05-31,18-24,Female,Los Angeles,United States,Free,23.05
CUST-000699,Affiliate,2025-05-31,35-44,Male,Birmingham,United Kingdom,Free,22.7
CUST-001896,Google Ads,2025-06-01,18-24,Male,Mumbai,India,Basic,54.64
CUST-001193,Facebook,2025-06-01,35-44,Male,Sydney,Australia,Premium,95.85
CUST-005821,Google Ads,2025-06-01,35-44,Male,Birmingham,United Kingdom,Free,19.96
CUST-004088,Google Ads,2025-06-01,35-44,Male,Melbourne,Australia,Premium,113.98
CUST-005420,Affiliate,2025-06-01,18-24,Female,Delhi,India,Basic,45.21
CUST-005981,Organic,2025-06-01,35-44,Female,Delhi,India,Basic,40.81
CUST-001344,Google Ads,2025-06-02,18-24,Female,Manchester,United Kingdom,Enterprise,328.25
CUST-005861,Google Ads,2025-06-02,45-54,Male,Seattle,United States,Premium,79.81
CUST-002609,Google Ads,2025-06-02,35-44,Female,Sydney,Australia,Enterprise,190.51
CUST-003266,Google Ads,2025-06-02,25-34,Female,Mumbai,India,Basic,48.87
CUST-000321,Instagram,2025-06-03,45-54,Male,Toronto,Canada,Enterprise,340.75
CUST-001678,Instagram,2025-06-03,18-24,Male,Birmingham,United Kingdom,Enterprise,216.17
CUST-000953,Facebook,2025-06-04,25-34,Male,London,United Kingdom,Premium,119.72
CUST-000369,Facebook,2025-06-04,35-44,Male,Bengaluru,India,Premium,76.11
CUST-002568,Affiliate,2025-06-04,25-34,Male,Sydney,Australia,Enterprise,274.3
CUST-004590,Instagram,2025-06-04,25-34,Male,Seattle,United States,Basic,48.68
CUST-002305,Google Ads,2025-06-04,25-34,Male,Sydney,Australia,Enterprise,110.15
CUST-004262,Instagram,2025-06-04,18-24,Female,Bengaluru,India,Basic,52.22
CUST-002063,Google Ads,2025-06-04,25-34,Female,Mumbai,India,Premium,129.8
CUST-005531,Facebook,2025-06-04,25-34,Male,Delhi,India,Free,17.61
CUST-003025,Google Ads,2025-06-04,25-34,Female,Sydney,Australia,Premium,119.94
CUST-001907,Organic,2025-06-04,18-24,Female,Toronto,Canada,Basic,69.24
CUST-004873,Affiliate,2025-06-05,25-34,Female,Los Angeles,United States,Basic,62.2
CUST-000644,Instagram,2025-06-05,35-44,Female,Chicago,United States,Free,35.32
CUST-005751,Google Ads,2025-06-05,18-24,Female,Vancouver,Canada,Free,8.49
CUST-003974,Google Ads,2025-06-06,45-54,Female,London,United Kingdom,Free,25.26
CUST-002625,Affiliate,2025-06-06,25-34,Male,Melbourne,Australia,Premium,118.76
CUST-001734,Google Ads,2025-06-06,55+,Female,Manchester,United Kingdom,Basic,74.12
CUST-002421,Google Ads,2025-06-06,25-34,Female,Bengaluru,India,Premium,69.29
CUST-004986,Facebook,2025-06-06,55+,Female,New York,United States,Free,14.16
CUST-002372,Google Ads,2025-06-06,25-34,Male,Manchester,United Kingdom,Basic,58.44
CUST-005017,Google Ads,2025-06-06,25-34,Female,Mumbai,India,Premium,97.65
CUST-001560,Instagram,2025-06-06,25-34,Other,New York,United States,Basic,28.17
CUST-005609,Google Ads,2025-06-07,18-24,Male,Chicago,United States,Free,28.9
CUST-003307,Instagram,2025-06-07,35-44,Female,Los Angeles,United States,Basic,70.1
CUST-002730,Instagram,2025-06-07,25-34,Female,Los Angeles,United States,Free,17.76
CUST-004425,Google Ads,2025-06-07,35-44,Female,Montreal,Canada,Enterprise,295.96
CUST-004764,Google Ads,2025-06-07,25-34,Female,Toronto,Canada,Basic,46.05
CUST-000340,Google Ads,2025-06-07,25-34,Male,Pune,India,Basic,57.54
CUST-004952,Affiliate,2025-06-07,25-34,Male,Manchester,United Kingdom,Basic,48.76
CUST-002282,Affiliate,2025-06-07,18-24,Female,New York,United States,Premium,73.82
CUST-001156,Google Ads,2025-06-07,25-34,Female,Toronto,Canada,Premium,107.1
CUST-003864,Google Ads,2025-06-07,55+,Female,Delhi,India,Premium,119.36
CUST-004745,Google Ads,2025-06-08,35-44,Male,Bengaluru,India,Premium,95.93
CUST-001988,Google Ads,2025-06-08,45-54,Male,Seattle,United States,Enterprise,262.43
CUST-001495,Facebook,2025-06-08,25-34,Male,Manchester,United Kingdom,Basic,67.66
CUST-004488,Instagram,2025-06-08,25-34,Male,Pune,India,Free,5.0
CUST-004157,Google Ads,2025-06-08,35-44,Female,Birmingham,United Kingdom,Basic,37.52
CUST-000410,Facebook,2025-06-09,18-24,Male,Chicago,United States,Basic,66.3
CUST-003046,Facebook,2025-06-09,55+,Female,Delhi,India,Free,11.28
CUST-002081,Google Ads,2025-06-09,35-44,Female,Pune,India,Basic,47.64
CUST-003271,Google Ads,2025-06-09,25-34,Female,Pune,India,Enterprise,238.96
CUST-001430,Facebook,2025-06-09,18-24,Male,Mumbai,India,Premium,87.48
CUST-004860,Google Ads,2025-06-09,35-44,Female,Mumbai,India,Enterprise,173.43
CUST-003035,Instagram,2025-06-09,45-54,Male,Seattle,United States,Basic,47.02
CUST-001278,Affiliate,2025-06-09,35-44,Male,Toronto,Canada,Premium,98.92
CUST-002020,Facebook,2025-06-09,18-24,Male,New York,United States,Basic,56.01
CUST-004635,Google Ads,2025-06-10,18-24,Female,New York,United States,Free,31.92
CUST-005650,Google Ads,2025-06-10,35-44,Female,Los Angeles,United States,Premium,139.01
CUST-000738,Google Ads,2025-06-10,25-34,Female,Pune,India,Premium,125.01
CUST-000320,Google Ads,2025-06-10,35-44,Female,Chicago,United States,Basic,36.96
CUST-003858,Facebook,2025-06-10,18-24,Male,Seattle,United States,Free,13.16
CUST-005646,Google Ads,2025-06-10,25-34,Female,Sydney,Australia,Premium,117.28
CUST-003519,Google Ads,2025-06-10,35-44,Female,London,United Kingdom,Free,8.15
CUST-004940,Facebook,2025-06-11,25-34,Male,Birmingham,United Kingdom,Free,20.87
CUST-002406,Google Ads,2025-06-11,25-34,Male,Chicago,United States,Basic,30.34
CUST-003380,Facebook,2025-06-11,35-44,Male,Los Angeles,United States,Free,24.78
CUST-001812,Facebook,2025-06-11,35-44,Male,Melbourne,Australia,Basic,47.84
CUST-002004,Facebook,2025-06-12,35-44,Male,Austin,United States,Free,16.17
CUST-000011,Organic,2025-06-12,18-24,Female,Seattle,United States,Basic,60.86
CUST-003299,Google Ads,2025-06-12,35-44,Male,Birmingham,United Kingdom,Free,20.08
CUST-000855,Instagram,2025-06-12,25-34,Male,Birmingham,United Kingdom,Premium,88.47
CUST-004967,Affiliate,2025-06-12,35-44,Female,Los Angeles,United States,Basic,38.53
CUST-001992,Google Ads,2025-06-13,35-44,Female,Austin,United States,Premium,84.93
CUST-000472,Facebook,2025-06-13,25-34,Other,New York,United States,Basic,37.15
CUST-002102,Google Ads,2025-06-13,45-54,Female,Chicago,United States,Free,21.7
CUST-000909,Google Ads,2025-06-13,35-44,Male,Bengaluru,India,Basic,63.38
CUST-001217,Instagram,2025-06-13,45-54,Male,New York,United States,Free,23.14
CUST-002183,Facebook,2025-06-14,35-44,Male,Sydney,Australia,Basic,56.83
CUST-005357,Facebook,2025-06-14,35-44,Female,New York,United States,Basic,62.52
CUST-004068,Instagram,2025-06-14,35-44,Male,London,United Kingdom,Free,29.66
CUST-005256,Facebook,2025-06-14,25-34,Male,Delhi,India,Enterprise,277.61
CUST-004831,Google Ads,2025-06-14,45-54,Male,Seattle,United States,Basic,45.67
CUST-001789,Affiliate,2025-06-14,35-44,Male,Melbourne,Australia,Basic,36.77
CUST-003929,Google Ads,2025-06-14,18-24,Female,Delhi,India,Premium,86.32
CUST-004851,Google Ads,2025-06-14,25-34,Male,Melbourne,Australia,Premium,122.18
CUST-004729,Google Ads,2025-06-15,45-54,Female,Delhi,India,Premium,86.65
CUST-001665,Google Ads,2025-06-15,45-54,Female,London,United Kingdom,Basic,46.42
CUST-002419,Google Ads,2025-06-15,25-34,Male,Chicago,United States,Enterprise,137.23
CUST-003031,Facebook,2025-06-15,18-24,Male,Chicago,United States,Free,18.06
CUST-003645,Google Ads,2025-06-15,25-34,Female,Manchester,United Kingdom,Basic,64.3
CUST-001632,Google Ads,2025-06-15,35-44,Male,Melbourne,Australia,Premium,125.85
CUST-003911,Facebook,2025-06-15,18-24,Female,Chicago,United States,Basic,61.61
CUST-002671,Facebook,2025-06-16,18-24,Other,New York,United States,Free,24.99
CUST-001379,Google Ads,2025-06-16,35-44,Female,Chicago,United States,Free,20.78
CUST-001931,Google Ads,2025-06-16,45-54,Female,Mumbai,India,Basic,23.76
CUST-003526,Google Ads,2025-06-16,35-44,Female,Delhi,India,Premium,71.58
CUST-002787,Google Ads,2025-06-17,35-44,Female,Chicago,United States,Premium,106.54
CUST-002188,Facebook,2025-06-17,35-44,Female,London,United Kingdom,Basic,51.8
CUST-001979,Google Ads,2025-06-18,25-34,Female,Melbourne,Australia,Premium,143.9
CUST-005370,Affiliate,2025-06-18,18-24,Female,Los Angeles,United States,Enterprise,256.24
CUST-003827,Google Ads,2025-06-18,18-24,Male,Mumbai,India,Free,16.5
CUST-001334,Google Ads,2025-06-18,25-34,Female,Pune,India,Premium,130.21
CUST-004872,Organic,2025-06-19,18-24,Female,New York,United States,Premium,88.42
CUST-004992,Google Ads,2025-06-19,45-54,Female,Mumbai,India,Basic,51.91
CUST-002104,Google Ads,2025-06-19,45-54,Male,Seattle,United States,Basic,45.44
CUST-004154,Google Ads,2025-06-19,18-24,Male,Birmingham,United Kingdom,Basic,59.16
CUST-002514,Google Ads,2025-06-19,45-54,Male,New York,United States,Basic,48.88
CUST-004841,Facebook,2025-06-19,25-34,Male,Bengaluru,India,Free,24.06
CUST-004930,Google Ads,2025-06-19,35-44,Male,Austin,United States,Free,18.05
CUST-003960,Organic,2025-06-19,25-34,Female,Vancouver,Canada,Premium,123.3
CUST-002697,Google Ads,2025-06-19,18-24,Other,Melbourne,Australia,Basic,59.61
CUST-000120,Google Ads,2025-06-19,25-34,Other,Toronto,Canada,Basic,55.11
CUST-004150,Affiliate,2025-06-20,18-24,Female,Austin,United States,Free,24.75
CUST-000379,Google Ads,2025-06-20,18-24,Male,Melbourne,Australia,Premium,109.63
CUST-003440,Instagram,2025-06-20,45-54,Male,Chicago,United States,Basic,33.62
CUST-000927,Google Ads,2025-06-20,25-34,Female,Manchester,United Kingdom,Basic,25.13
CUST-005699,Google Ads,2025-06-20,45-54,Female,Los Angeles,United States,Free,18.19
CUST-002450,Google Ads,2025-06-20,18-24,Male,Chicago,United States,Free,26.69
CUST-004098,Instagram,2025-06-20,25-34,Male,Birmingham,United Kingdom,Premium,71.27
CUST-001680,Facebook,2025-06-20,18-24,Female,Mumbai,India,Free,12.99
CUST-003038,Google Ads,2025-06-21,25-34,Male,Birmingham,United Kingdom,Premium,104.55
CUST-005887,Google Ads,2025-06-21,45-54,Female,Toronto,Canada,Premium,85.56
CUST-004862,Facebook,2025-06-21,45-54,Female,Sydney,Australia,Free,18.72
CUST-000104,Facebook,2025-06-21,35-44,Female,Mumbai,India,Basic,42.61
CUST-004397,Google Ads,2025-06-21,35-44,Male,Seattle,United States,Basic,53.77
CUST-005424,Facebook,2025-06-21,18-24,Female,Vancouver,Canada,Basic,53.85
CUST-003355,Facebook,2025-06-21,25-34,Male,New York,United States,Premium,73.89
CUST-003570,Google Ads,2025-06-22,45-54,Female,Mumbai,India,Basic,42.91
CUST-004437,Google Ads,2025-06-22,35-44,Male,Delhi,India,Free,19.29
CUST-000590,Organic,2025-06-22,45-54,Male,Birmingham,United Kingdom,Basic,44.18
CUST-004637,Facebook,2025-06-22,55+,Female,Toronto,Canada,Premium,144.06
CUST-003866,Google Ads,2025-06-22,18-24,Male,Manchester,United Kingdom,Free,15.12
CUST-005122,Organic,2025-06-22,35-44,Male,Melbourne,Australia,Basic,40.62
CUST-002986,Google Ads,2025-06-22,18-24,Female,Austin,United States,Free,23.91
CUST-001688,Facebook,2025-06-22,25-34,Female,Vancouver,Canada,Free,20.49
CUST-001099,Instagram,2025-06-22,45-54,Male,Chicago,United States,Basic,53.54
CUST-004511,Affiliate,2025-06-23,18-24,Male,Los Angeles,United States,Enterprise,243.56
CUST-005397,Google Ads,2025-06-23,25-34,Female,Sydney,Australia,Basic,71.19
CUST-002031,Organic,2025-06-23,18-24,Male,New York,United States,Premium,88.1
CUST-000127,Google Ads,2025-06-23,25-34,Male,Chicago,United States,Free,19.14
CUST-001347,Google Ads,2025-06-24,35-44,Female,Bengaluru,India,Enterprise,152.43
CUST-005544,Google Ads,2025-06-24,18-24,Female,Austin,United States,Basic,74.81
CUST-003959,Google Ads,2025-06-25,35-44,Female,Austin,United States,Basic,62.72
CUST-000416,Facebook,2025-06-25,55+,Male,Pune,India,Free,22.56
CUST-001108,Facebook,2025-06-25,35-44,Male,Birmingham,United Kingdom,Free,21.11
CUST-002425,Google Ads,2025-06-25,25-34,Female,Delhi,India,Basic,43.73
CUST-005212,Facebook,2025-06-25,18-24,Male,Austin,United States,Premium,83.76
CUST-003634,Google Ads,2025-06-26,18-24,Male,Austin,United States,Basic,32.28
CUST-004589,Google Ads,2025-06-26,25-34,Female,Seattle,United States,Basic,37.99
CUST-005456,Instagram,2025-06-26,18-24,Male,Austin,United States,Free,28.96
CUST-001651,Facebook,2025-06-26,35-44,Male,Delhi,India,Free,13.22
CUST-001079,Google Ads,2025-06-26,25-34,Male,Melbourne,Australia,Premium,60.05
CUST-005280,Affiliate,2025-06-26,25-34,Male,Birmingham,United Kingdom,Basic,58.02
CUST-000302,Google Ads,2025-06-27,18-24,Male,Pune,India,Premium,111.93
CUST-005953,Google Ads,2025-06-27,18-24,Female,Bengaluru,India,Enterprise,266.17
CUST-003192,Facebook,2025-06-27,25-34,Male,Pune,India,Basic,36.59
CUST-002446,Facebook,2025-06-27,25-34,Female,Austin,United States,Free,22.25
CUST-001952,Google Ads,2025-06-27,18-24,Male,Mumbai,India,Basic,57.98
CUST-005753,Google Ads,2025-06-27,55+,Male,Manchester,United Kingdom,Premium,121.48
CUST-005172,Google Ads,2025-06-27,45-54,Male,Chicago,United States,Enterprise,216.69
CUST-002232,Google Ads,2025-06-27,25-34,Male,Pune,India,Free,32.13
CUST-002465,Facebook,2025-06-27,45-54,Male,New York,United States,Premium,137.56
CUST-000426,Facebook,2025-06-28,25-34,Male,Bengaluru,India,Basic,65.03
CUST-005881,Google Ads,2025-06-28,18-24,Female,Delhi,India,Enterprise,146.33
CUST-005602,TikTok,2025-06-28,25-34,Female,Birmingham,United Kingdom,Free,16.16
CUST-001935,Instagram,2025-06-28,35-44,Female,Montreal,Canada,Free,18.88
CUST-002526,Facebook,2025-06-28,35-44,Female,Vancouver,Canada,Basic,38.13
CUST-005467,Google Ads,2025-06-28,55+,Female,Manchester,United Kingdom,Premium,93.58
CUST-000641,Google Ads,2025-06-28,25-34,Female,Chicago,United States,Basic,43.41
CUST-003361,Google Ads,2025-06-28,18-24,Female,Mumbai,India,Free,21.84
CUST-001078,Google Ads,2025-06-28,25-34,Male,London,United Kingdom,Free,23.75
CUST-005796,Facebook,2025-06-29,25-34,Male,Los Angeles,United States,Premium,79.23
CUST-001929,Google Ads,2025-06-29,18-24,Male,Seattle,United States,Premium,126.83
CUST-000807,Google Ads,2025-06-29,18-24,Female,Pune,India,Premium,104.41
CUST-005234,Google Ads,2025-06-29,25-34,Male,Bengaluru,India,Premium,77.78
CUST-004998,Affiliate,2025-06-29,45-54,Male,Bengaluru,India,Enterprise,209.31
CUST-003773,Google Ads,2025-06-29,25-34,Female,Melbourne,Australia,Free,26.1
CUST-000230,Facebook,2025-06-29,25-34,Male,Montreal,Canada,Free,21.22
CUST-000625,Google Ads,2025-06-29,25-34,Female,Bengaluru,India,Basic,49.96
CUST-005567,Facebook,2025-06-29,35-44,Female,London,United Kingdom,Basic,40.16
CUST-004330,Instagram,2025-06-29,18-24,Female,Birmingham,United Kingdom,Free,22.65
CUST-002267,Google Ads,2025-06-29,25-34,Male,Mumbai,India,Free,26.86
CUST-001575,Google Ads,2025-06-30,35-44,Male,Austin,United States,Basic,53.28
CUST-001545,Instagram,2025-06-30,45-54,Male,Delhi,India,Free,18.18
CUST-003148,Google Ads,2025-07-01,25-34,Male,Delhi,India,Free,21.44
CUST-000663,Facebook,2025-07-01,35-44,Male,Sydney,Australia,Basic,62.47
CUST-003086,TikTok,2025-07-01,25-34,Female,London,United Kingdom,Basic,50.1
CUST-000762,Facebook,2025-07-02,55+,Female,Los Angeles,United States,Free,19.55
CUST-003129,Facebook,2025-07-02,18-24,Male,Bengaluru,India,Premium,80.15
CUST-001272,Google Ads,2025-07-02,45-54,Male,Sydney,Australia,Premium,106.06
CUST-000390,Google Ads,2025-07-02,55+,Female,Seattle,United States,Free,23.23
CUST-001595,Google Ads,2025-07-02,45-54,Male,Delhi,India,Free,21.88
CUST-005261,Google Ads,2025-07-02,25-34,Female,Mumbai,India,Basic,29.48
CUST-004754,TikTok,2025-07-03,35-44,Male,Los Angeles,United States,Free,14.31
CUST-005823,Google Ads,2025-07-03,25-34,Female,Chicago,United States,Free,28.65
CUST-003877,TikTok,2025-07-03,45-54,Female,Montreal,Canada,Free,21.03
CUST-003727,Instagram,2025-07-03,18-24,Female,London,United Kingdom,Basic,36.5
CUST-000918,Facebook,2025-07-03,25-34,Female,London,United Kingdom,Basic,43.92
CUST-001438,Google Ads,2025-07-03,35-44,Female,Toronto,Canada,Basic,40.0
CUST-001900,Google Ads,2025-07-03,18-24,Male,Delhi,India,Basic,67.65
CUST-004109,Facebook,2025-07-04,18-24,Male,Los Angeles,United States,Basic,47.07
CUST-004428,Organic,2025-07-04,55+,Male,Austin,United States,Premium,91.81
CUST-004222,Affiliate,2025-07-04,18-24,Female,Delhi,India,Basic,55.57
CUST-004263,Organic,2025-07-04,35-44,Female,Chicago,United States,Free,33.42
CUST-000572,Google Ads,2025-07-04,25-34,Female,Toronto,Canada,Premium,87.81
CUST-004473,TikTok,2025-07-04,25-34,Male,Delhi,India,Free,30.66
CUST-002563,Facebook,2025-07-04,18-24,Female,Delhi,India,Basic,56.13
CUST-002797,Facebook,2025-07-04,35-44,Male,Vancouver,Canada,Free,20.99
CUST-005901,Facebook,2025-07-04,25-34,Male,Seattle,United States,Basic,42.11
CUST-001847,Google Ads,2025-07-04,35-44,Male,Seattle,United States,Free,20.71
CUST-003969,Google Ads,2025-07-05,18-24,Male,Bengaluru,India,Premium,142.84
CUST-005208,Google Ads,2025-07-05,18-24,Female,Manchester,United Kingdom,Premium,79.8
CUST-005285,Instagram,2025-07-05,35-44,Female,Melbourne,Australia,Free,20.0
CUST-001754,Facebook,2025-07-06,25-34,Male,Toronto,Canada,Basic,46.36
CUST-002575,Instagram,2025-07-06,18-24,Female,Los Angeles,United States,Basic,50.93
CUST-001067,Organic,2025-07-06,18-24,Male,Pune,India,Free,15.93
CUST-001731,Facebook,2025-07-06,18-24,Female,Los Angeles,United States,Premium,102.9
CUST-000402,Affiliate,2025-07-06,45-54,Female,Birmingham,United Kingdom,Basic,36.43
CUST-005279,Facebook,2025-07-07,18-24,Female,Delhi,India,Premium,124.56
CUST-004058,Affiliate,2025-07-07,18-24,Female,Los Angeles,United States,Premium,95.17
CUST-002527,TikTok,2025-07-07,25-34,Male,Manchester,United Kingdom,Free,22.08
CUST-000317,Organic,2025-07-07,35-44,Male,Vancouver,Canada,Free,20.83
CUST-002516,Facebook,2025-07-07,45-54,Male,Chicago,United States,Premium,63.63
CUST-004285,Affiliate,2025-07-07,18-24,Female,Birmingham,United Kingdom,Enterprise,193.6
CUST-000983,TikTok,2025-07-07,18-24,Female,Birmingham,United Kingdom,Free,23.15
CUST-002237,Facebook,2025-07-08,25-34,Male,Seattle,United States,Basic,30.43
CUST-003433,Facebook,2025-07-08,45-54,Male,New York,United States,Premium,118.95
CUST-005409,Affiliate,2025-07-09,25-34,Female,Austin,United States,Basic,35.69
CUST-000096,Instagram,2025-07-09,25-34,Female,Montreal,Canada,Free,16.66
CUST-004376,Facebook,2025-07-09,45-54,Female,Pune,India,Enterprise,211.56
CUST-002454,Facebook,2025-07-09,25-34,Female,Los Angeles,United States,Basic,58.23
CUST-003107,Facebook,2025-07-10,25-34,Male,Austin,United States,Free,19.73
CUST-001840,Instagram,2025-07-11,35-44,Male,Delhi,India,Basic,52.82
CUST-001846,Organic,2025-07-11,25-34,Male,New York,United States,Premium,85.14
CUST-003034,Facebook,2025-07-11,25-34,Female,New York,United States,Premium,72.47
CUST-002021,TikTok,2025-07-11,25-34,Male,Birmingham,United Kingdom,Premium,127.45
CUST-003568,Instagram,2025-07-11,25-34,Male,Bengaluru,India,Premium,66.68
CUST-004273,TikTok,2025-07-12,25-34,Female,Austin,United States,Basic,72.61
CUST-005983,TikTok,2025-07-12,18-24,Male,Vancouver,Canada,Basic,61.85
CUST-003170,Facebook,2025-07-12,35-44,Female,Los Angeles,United States,Premium,71.95
CUST-002836,TikTok,2025-07-13,35-44,Male,Sydney,Australia,Basic,34.19
CUST-005618,TikTok,2025-07-13,55+,Male,Bengaluru,India,Basic,58.86
CUST-004482,Affiliate,2025-07-13,25-34,Other,Melbourne,Australia,Enterprise,166.13
CUST-002220,Instagram,2025-07-14,18-24,Male,Sydney,Australia,Premium,86.78
CUST-005605,Facebook,2025-07-14,25-34,Male,Austin,United States,Premium,124.81
CUST-004232,TikTok,2025-07-15,45-54,Female,Melbourne,Australia,Free,27.08
CUST-004644,Instagram,2025-07-15,25-34,Male,Seattle,United States,Free,22.83
CUST-002207,Facebook,2025-07-15,18-24,Female,London,United Kingdom,Free,20.13
CUST-001976,TikTok,2025-07-15,25-34,Female,New York,United States,Free,24.59
CUST-000803,Facebook,2025-07-16,18-24,Female,New York,United States,Free,25.66
CUST-002577,Facebook,2025-07-16,25-34,Male,Seattle,United States,Basic,56.91
CUST-000310,Organic,2025-07-16,18-24,Female,Mumbai,India,Premium,59.23
CUST-004016,TikTok,2025-07-16,18-24,Male,Mumbai,India,Basic,59.85
CUST-000606,Instagram,2025-07-16,25-34,Male,Toronto,Canada,Basic,60.61
CUST-000282,Affiliate,2025-07-17,25-34,Female,Sydney,Australia,Free,11.42
CUST-003679,Facebook,2025-07-17,18-24,Male,Manchester,United Kingdom,Free,31.8
CUST-002164,Facebook,2025-07-17,25-34,Female,New York,United States,Premium,87.06
CUST-000356,Facebook,2025-07-18,25-34,Female,New York,United States,Basic,83.07
CUST-004871,Facebook,2025-07-18,25-34,Male,Chicago,United States,Basic,62.62
CUST-004226,Facebook,2025-07-19,35-44,Other,New York,United States,Basic,42.26
CUST-002244,TikTok,2025-07-19,35-44,Male,Chicago,United States,Free,27.6
CUST-002334,Facebook,2025-07-19,35-44,Female,New York,United States,Basic,35.16
CUST-000488,Facebook,2025-07-19,25-34,Male,Pune,India,Premium,130.21
CUST-003730,Affiliate,2025-07-19,18-24,Male,Bengaluru,India,Enterprise,279.64
CUST-002891,Facebook,2025-07-19,25-34,Female,Vancouver,Canada,Free,22.23
CUST-002101,Organic,2025-07-20,25-34,Male,London,United Kingdom,Premium,129.27
CUST-005316,TikTok,2025-07-20,35-44,Female,Manchester,United Kingdom,Free,20.19
CUST-005452,Facebook,2025-07-20,35-44,Female,Seattle,United States,Premium,147.9
CUST-003451,Organic,2025-07-20,25-34,Male,New York,United States,Enterprise,233.11
CUST-004694,TikTok,2025-07-21,35-44,Male,London,United Kingdom,Basic,44.57
CUST-005927,Organic,2025-07-21,45-54,Female,Bengaluru,India,Basic,40.29
CUST-003390,TikTok,2025-07-21,18-24,Male,Bengaluru,India,Free,12.26
CUST-004374,Facebook,2025-07-21,45-54,Male,Austin,United States,Basic,37.71
CUST-001195,Facebook,2025-07-22,35-44,Male,Vancouver,Canada,Basic,42.22
CUST-000984,Facebook,2025-07-22,55+,Other,Mumbai,India,Premium,80.65
CUST-004864,TikTok,2025-07-23,35-44,Male,Manchester,United Kingdom,Free,19.76
CUST-001713,TikTok,2025-07-23,25-34,Female,Mumbai,India,Free,26.9
CUST-000758,Facebook,2025-07-24,35-44,Female,Birmingham,United Kingdom,Free,20.84
CUST-000745,Facebook,2025-07-24,35-44,Female,Los Angeles,United States,Free,14.49
CUST-004010,TikTok,2025-07-24,45-54,Female,Delhi,India,Free,14.56
CUST-003075,Facebook,2025-07-24,25-34,Male,Melbourne,Australia,Basic,33.84
CUST-001865,Organic,2025-07-24,35-44,Male,Seattle,United States,Premium,111.97
CUST-005197,Facebook,2025-07-24,25-34,Male,Bengaluru,India,Premium,116.19
CUST-002380,Organic,2025-07-24,25-34,Male,Austin,United States,Premium,106.24
CUST-002824,Affiliate,2025-07-25,25-34,Male,Seattle,United States,Premium,98.76
CUST-003425,Organic,2025-07-25,35-44,Female,Seattle,United States,Free,26.38
CUST-005103,Facebook,2025-07-25,35-44,Female,Manchester,United Kingdom,Free,31.23
CUST-005284,Facebook,2025-07-26,18-24,Female,New York,United States,Basic,71.62
CUST-000521,Facebook,2025-07-26,25-34,Male,Pune,India,Basic,47.27
CUST-003666,Facebook,2025-07-26,18-24,Male,Seattle,United States,Free,21.48
CUST-003018,Affiliate,2025-07-26,35-44,Female,Pune,India,Premium,95.11
CUST-002878,TikTok,2025-07-27,45-54,Female,Vancouver,Canada,Free,19.34
CUST-002868,Facebook,2025-07-27,45-54,Female,Manchester,United Kingdom,Free,20.3
CUST-003338,TikTok,2025-07-28,18-24,Female,Chicago,United States,Premium,121.35
CUST-000771,Affiliate,2025-07-28,35-44,Male,Sydney,Australia,Basic,73.71
CUST-002344,Affiliate,2025-07-29,25-34,Female,Melbourne,Australia,Premium,81.31
CUST-005098,TikTok,2025-07-30,35-44,Female,Montreal,Canada,Free,21.22
CUST-000960,Organic,2025-07-30,45-54,Female,Los Angeles,United States,Free,23.08
CUST-003351,TikTok,2025-07-30,25-34,Female,Vancouver,Canada,Free,12.04
CUST-000624,Affiliate,2025-07-30,18-24,Female,Mumbai,India,Basic,45.96
CUST-000034,TikTok,2025-07-31,25-34,Male,London,United Kingdom,Basic,35.51
CUST-000574,Organic,2025-07-31,35-44,Male,Pune,India,Premium,63.63
CUST-004662,Organic,2025-07-31,25-34,Male,Vancouver,Canada,Basic,37.93
CUST-005384,TikTok,2025-07-31,25-34,Female,Delhi,India,Free,27.92
CUST-002910,Organic,2025-07-31,45-54,Other,Chicago,United States,Free,15.19
CUST-003673,TikTok,2025-08-01,18-24,Male,Seattle,United States,Free,22.37
CUST-001450,TikTok,2025-08-01,18-24,Male,Mumbai,India,Free,26.93
CUST-000582,Affiliate,2025-08-01,45-54,Female,New York,United States,Free,35.73
CUST-002713,Affiliate,2025-08-01,55+,Female,New York,United States,Premium,112.58
CUST-001250,Organic,2025-08-02,35-44,Male,Pune,India,Premium,115.74
CUST-001034,Organic,2025-08-03,18-24,Female,Vancouver,Canada,Premium,131.37
CUST-002416,TikTok,2025-08-03,55+,Female,Bengaluru,India,Free,25.03
CUST-004395,Organic,2025-08-03,25-34,Female,New York,United States,Free,24.08
CUST-003990,Organic,2025-08-04,25-34,Male,London,United Kingdom,Basic,42.19
CUST-002935,Affiliate,2025-08-04,25-34,Male,New York,United States,Premium,109.73
CUST-002613,TikTok,2025-08-05,18-24,Female,New York,United States,Free,22.14
CUST-005062,TikTok,2025-08-06,45-54,Male,Delhi,India,Free,30.61
CUST-003600,TikTok,2025-08-07,25-34,Female,London,United Kingdom,Free,25.31
CUST-001326,TikTok,2025-08-08,45-54,Female,Los Angeles,United States,Basic,42.63
CUST-002498,TikTok,2025-08-09,18-24,Male,Montreal,Canada,Basic,69.41
CUST-002025,Affiliate,2025-08-12,25-34,Male,Toronto,Canada,Enterprise,143.23
CUST-000259,TikTok,2025-08-13,25-34,Female,Los Angeles,United States,Basic,69.19
CUST-002010,Affiliate,2025-08-14,25-34,Female,Delhi,India,Premium,102.58
CUST-001094,TikTok,2025-08-14,45-54,Female,Bengaluru,India,Free,17.49
CUST-003993,TikTok,2025-08-14,45-54,Female,Chicago,United States,Basic,33.24
CUST-001536,TikTok,2025-08-16,18-24,Male,Los Angeles,United States,Free,14.71
CUST-001085,TikTok,2025-08-19,25-34,Male,New York,United States,Premium,48.96
CUST-002823,TikTok,2025-08-19,35-44,Female,Austin,United States,Basic,66.75
CUST-001093,Affiliate,2025-08-19,45-54,Female,Los Angeles,United States,Premium,113.75
CUST-004486,Affiliate,2025-08-19,25-34,Male,Montreal,Canada,Premium,106.58
CUST-002842,TikTok,2025-08-20,25-34,Male,Mumbai,India,Free,22.42
CUST-004724,TikTok,2025-08-20,35-44,Female,Birmingham,United Kingdom,Premium,85.48
CUST-001899,Affiliate,2025-08-20,35-44,Female,Birmingham,United Kingdom,Basic,60.56
CUST-001374,Affiliate,2025-08-23,25-34,Female,Montreal,Canada,Enterprise,230.85
CUST-000822,TikTok,2025-08-24,45-54,Male,London,United Kingdom,Enterprise,145.42
CUST-002998,TikTok,2025-08-25,25-34,Male,Montreal,Canada,Enterprise,266.45
CUST-002772,TikTok,2025-08-26,25-34,Male,Manchester,United Kingdom,Free,13.05
CUST-004506,TikTok,2025-08-28,18-24,Male,Montreal,Canada,Premium,149.93
CUST-004561,TikTok,2025-08-29,18-24,Female,Sydney,Australia,Premium,80.06
CUST-002492,TikTok,2025-08-30,25-34,Male,Sydney,Australia,Free,18.91
CUST-005270,TikTok,2025-08-30,25-34,Male,Delhi,India,Premium,64.96
CUST-004956,Affiliate,2025-09-01,35-44,Male,Mumbai,India,Basic,73.03
CUST-000137,Affiliate,2025-09-01,25-34,Female,Delhi,India,Basic,36.16
CUST-003047,TikTok,2025-09-01,25-34,Male,Montreal,Canada,Free,9.31
CUST-002826,TikTok,2025-09-02,25-34,Male,New York,United States,Basic,29.78
CUST-004903,Affiliate,2025-09-04,55+,Male,Montreal,Canada,Premium,130.29
CUST-003662,TikTok,2025-09-05,18-24,Female,Vancouver,Canada,Free,29.91
CUST-000691,Affiliate,2025-09-05,18-24,Male,New York,United States,Premium,109.12
CUST-000099,TikTok,2025-09-06,55+,Male,Birmingham,United Kingdom,Enterprise,216.06
CUST-001246,Affiliate,2025-09-07,18-24,Female,New York,United States,Enterprise,283.74
CUST-003949,TikTok,2025-09-10,25-34,Female,Melbourne,Australia,Enterprise,146.75
CUST-004881,TikTok,2025-09-11,35-44,Male,Bengaluru,India,Basic,39.09
CUST-004099,TikTok,2025-09-13,25-34,Male,Chicago,United States,Free,24.95
CUST-002976,Affiliate,2025-09-15,55+,Female,Melbourne,Australia,Free,24.87
CUST-001739,TikTok,2025-09-15,25-34,Male,London,United Kingdom,Free,17.55
CUST-002262,Affiliate,2025-09-15,35-44,Male,Bengaluru,India,Basic,55.11
CUST-000098,TikTok,2025-09-17,25-34,Female,New York,United States,Basic,47.41
CUST-005915,TikTok,2025-09-17,35-44,Female,London,United Kingdom,Premium,82.58
CUST-004169,Affiliate,2025-09-18,35-44,Female,Birmingham,United Kingdom,Premium,78.07
CUST-003713,TikTok,2025-09-19,35-44,Female,Los Angeles,United States,Free,27.16
CUST-005935,Affiliate,2025-09-20,35-44,Other,Pune,India,Basic,43.88
CUST-000281,Affiliate,2025-09-21,35-44,Male,London,United Kingdom,Premium,105.78
CUST-000346,TikTok,2025-09-21,55+,Female,Pune,India,Free,29.43
CUST-005759,TikTok,2025-09-22,55+,Female,Austin,United States,Free,12.46
CUST-002642,Instagram,2025-09-23,35-44,Male,Melbourne,Australia,Free,21.39
CUST-002704,Instagram,2025-09-23,18-24,Male,Toronto,Canada,Premium,74.93
CUST-003709,Affiliate,2025-09-23,35-44,Male,Birmingham,United Kingdom,Basic,40.02
CUST-005930,TikTok,2025-09-24,35-44,Male,Manchester,United Kingdom,Free,25.63
CUST-001020,TikTok,2025-09-24,45-54,Female,Pune,India,Free,23.05
CUST-003145,TikTok,2025-09-24,18-24,Female,New York,United States,Free,16.83
CUST-000344,TikTok,2025-09-25,18-24,Male,Pune,India,Basic,33.27
CUST-000750,Affiliate,2025-09-25,25-34,Female,Delhi,India,Basic,40.37
CUST-002588,TikTok,2025-09-25,35-44,Female,Chicago,United States,Free,23.1
CUST-000742,TikTok,2025-09-26,25-34,Female,Sydney,Australia,Free,23.57
CUST-004381,Instagram,2025-09-27,35-44,Female,Sydney,Australia,Basic,63.77
CUST-005681,Affiliate,2025-09-27,25-34,Female,Los Angeles,United States,Enterprise,240.01
CUST-003747,TikTok,2025-09-27,18-24,Male,Mumbai,India,Free,20.36
CUST-004792,TikTok,2025-09-27,25-34,Female,Delhi,India,Basic,39.76
CUST-004827,Instagram,2025-09-28,55+,Female,Sydney,Australia,Free,18.54
CUST-004738,Affiliate,2025-09-28,18-24,Other,Birmingham,United Kingdom,Premium,109.12
CUST-005079,Affiliate,2025-09-28,35-44,Female,New York,United States,Enterprise,135.92
CUST-005217,TikTok,2025-09-28,55+,Female,Birmingham,United Kingdom,Free,25.23
CUST-004712,Affiliate,2025-09-28,25-34,Female,New York,United States,Enterprise,249.18
CUST-001628,Affiliate,2025-09-28,18-24,Female,Birmingham,United Kingdom,Enterprise,182.85
CUST-002326,TikTok,2025-09-28,25-34,Female,Austin,United States,Basic,46.76
CUST-003582,TikTok,2025-09-29,55+,Male,Sydney,Australia,Free,18.64
CUST-002404,TikTok,2025-10-01,35-44,Male,Seattle,United States,Premium,131.68
CUST-003419,TikTok,2025-10-01,25-34,Male,New York,United States,Free,22.22
CUST-000139,Instagram,2025-10-01,55+,Male,Manchester,United Kingdom,Enterprise,217.5
CUST-003651,Instagram,2025-10-01,35-44,Female,Chicago,United States,Free,24.63
CUST-000091,Instagram,2025-10-01,18-24,Female,Melbourne,Australia,Basic,37.75
CUST-003691,TikTok,2025-10-02,25-34,Male,Austin,United States,Basic,54.07
CUST-000262,TikTok,2025-10-02,18-24,Female,Birmingham,United Kingdom,Basic,62.66
CUST-001124,TikTok,2025-10-02,35-44,Male,Montreal,Canada,Basic,59.21
CUST-005696,TikTok,2025-10-02,35-44,Male,Melbourne,Australia,Free,25.36
CUST-003754,Instagram,2025-10-02,35-44,Female,Chicago,United States,Premium,89.08
CUST-001999,Instagram,2025-10-03,45-54,Male,Melbourne,Australia,Free,26.76
CUST-000306,TikTok,2025-10-03,45-54,Female,Birmingham,United Kingdom,Free,21.65
CUST-003112,TikTok,2025-10-05,25-34,Male,New York,United States,Free,19.65
CUST-001449,TikTok,2025-10-05,18-24,Female,Montreal,Canada,Free,30.06
CUST-005537,TikTok,2025-10-06,25-34,Female,Bengaluru,India,Free,19.52
CUST-000234,TikTok,2025-10-06,35-44,Male,Delhi,India,Free,25.14
CUST-004235,TikTok,2025-10-07,18-24,Female,Melbourne,Australia,Premium,87.43
CUST-003870,TikTok,2025-10-07,18-24,Female,Pune,India,Basic,29.23
CUST-005046,TikTok,2025-10-08,35-44,Male,Mumbai,India,Basic,45.62
CUST-003250,Instagram,2025-10-08,25-34,Female,Melbourne,Australia,Premium,52.67
CUST-005624,Instagram,2025-10-08,35-44,Female,Toronto,Canada,Free,23.41
CUST-005871,TikTok,2025-10-09,25-34,Female,Manchester,United Kingdom,Free,28.55
CUST-000006,TikTok,2025-10-09,35-44,Male,Chicago,United States,Premium,119.92
CUST-003482,Instagram,2025-10-10,18-24,Female,Seattle,United States,Premium,118.1
CUST-003320,Instagram,2025-10-11,25-34,Other,Mumbai,India,Basic,40.79
CUST-004250,Instagram,2025-10-11,18-24,Male,Toronto,Canada,Basic,38.6
CUST-004326,TikTok,2025-10-13,35-44,Male,Birmingham,United Kingdom,Basic,15.02
CUST-000500,Instagram,2025-10-13,45-54,Female,Manchester,United Kingdom,Free,19.81
CUST-001593,Instagram,2025-10-13,18-24,Male,Melbourne,Australia,Free,11.54
CUST-003180,Instagram,2025-10-13,25-34,Female,London,United Kingdom,Premium,92.45
CUST-003359,TikTok,2025-10-13,25-34,Male,Bengaluru,India,Basic,48.56
CUST-002640,TikTok,2025-10-13,18-24,Male,Chicago,United States,Basic,66.74
CUST-001454,TikTok,2025-10-14,35-44,Male,New York,United States,Free,12.87
CUST-002803,TikTok,2025-10-14,25-34,Other,Bengaluru,India,Free,19.75
CUST-001475,TikTok,2025-10-15,25-34,Male,Sydney,Australia,Free,25.05
CUST-001129,TikTok,2025-10-15,25-34,Female,Bengaluru,India,Free,18.64
CUST-002314,Instagram,2025-10-15,25-34,Female,Pune,India,Premium,82.32
CUST-003682,TikTok,2025-10-15,35-44,Male,London,United Kingdom,Premium,85.74
CUST-003216,Instagram,2025-10-16,45-54,Female,Austin,United States,Basic,56.6
CUST-003761,TikTok,2025-10-16,55+,Female,London,United Kingdom,Basic,36.32
CUST-005499,TikTok,2025-10-17,35-44,Other,Melbourne,Australia,Basic,36.03
CUST-000776,Affiliate,2025-10-18,55+,Female,Pune,India,Premium,80.17
CUST-004781,TikTok,2025-10-18,55+,Male,Delhi,India,Free,17.6
CUST-001869,Affiliate,2025-10-18,18-24,Female,New York,United States,Enterprise,233.93
CUST-001023,TikTok,2025-10-19,25-34,Female,Toronto,Canada,Basic,37.88
CUST-003654,TikTok,2025-10-20,18-24,Female,London,United Kingdom,Free,19.36
CUST-004516,Instagram,2025-10-20,25-34,Male,Montreal,Canada,Free,20.78
CUST-004371,TikTok,2025-10-20,25-34,Male,Bengaluru,India,Free,27.36
CUST-001307,TikTok,2025-10-21,25-34,Female,Austin,United States,Basic,50.55
CUST-003609,Instagram,2025-10-21,45-54,Male,London,United Kingdom,Basic,45.22
CUST-005688,TikTok,2025-10-21,45-54,Male,Seattle,United States,Free,26.24
CUST-005804,TikTok,2025-10-22,35-44,Female,Mumbai,India,Free,21.68
CUST-002875,TikTok,2025-10-22,18-24,Male,Seattle,United States,Free,21.26
CUST-000541,Instagram,2025-10-22,45-54,Female,Manchester,United Kingdom,Premium,138.58
CUST-003972,TikTok,2025-10-22,55+,Male,Delhi,India,Free,17.5
CUST-003032,Affiliate,2025-10-22,18-24,Male,Pune,India,Basic,51.24
CUST-003456,Affiliate,2025-10-22,18-24,Male,Chicago,United States,Free,20.19
CUST-003420,TikTok,2025-10-23,18-24,Male,Manchester,United Kingdom,Premium,130.97
CUST-003197,Instagram,2025-10-23,25-34,Male,Pune,India,Basic,40.68
CUST-002954,TikTok,2025-10-24,25-34,Male,Bengaluru,India,Free,27.64
CUST-000303,TikTok,2025-10-24,55+,Female,Montreal,Canada,Basic,46.11
CUST-003202,TikTok,2025-10-24,35-44,Male,New York,United States,Premium,105.21
CUST-005360,Email,2025-10-25,18-24,Male,Vancouver,Canada,Free,20.06
CUST-001368,Email,2025-10-25,25-34,Male,Birmingham,United Kingdom,Free,28.48
CUST-002448,Email,2025-10-25,25-34,Female,Toronto,Canada,Premium,95.58
CUST-005628,Email,2025-10-25,25-34,Female,Sydney,Australia,Enterprise,180.36
CUST-004552,Email,2025-10-25,45-54,Male,Los Angeles,United States,Basic,69.15
CUST-002880,Email,2025-10-25,35-44,Female,Toronto,Canada,Premium,104.07
CUST-005203,Email,2025-10-25,55+,Female,Sydney,Australia,Basic,37.91
CUST-001441,TikTok,2025-10-25,18-24,Male,Manchester,United Kingdom,Free,19.58
CUST-003382,TikTok,2025-10-26,35-44,Male,London,United Kingdom,Free,10.08
CUST-005551,Affiliate,2025-10-26,25-34,Male,Chicago,United States,Basic,37.09
CUST-002510,Email,2025-10-26,45-54,Female,New York,United States,Basic,52.06
CUST-000562,Email,2025-10-26,35-44,Male,Manchester,United Kingdom,Basic,40.94
CUST-005462,Instagram,2025-10-27,25-34,Female,Mumbai,India,Free,24.5
CUST-003234,TikTok,2025-10-27,18-24,Male,Montreal,Canada,Basic,38.19
CUST-002969,TikTok,2025-10-27,18-24,Male,Chicago,United States,Premium,92.84
CUST-003720,Email,2025-10-27,35-44,Female,Vancouver,Canada,Premium,102.5
CUST-002757,TikTok,2025-10-27,45-54,Male,Austin,United States,Free,26.7
CUST-005057,Email,2025-10-27,35-44,Male,Austin,United States,Premium,112.33
CUST-003613,Email,2025-10-27,35-44,Female,Chicago,United States,Premium,78.41
CUST-005925,Email,2025-10-28,45-54,Male,Chicago,United States,Basic,52.23
CUST-005647,TikTok,2025-10-28,18-24,Male,Birmingham,United Kingdom,Free,17.2
CUST-002455,TikTok,2025-10-28,55+,Male,London,United Kingdom,Free,28.2
CUST-003780,Email,2025-10-28,35-44,Male,Montreal,Canada,Premium,140.14
CUST-001522,Email,2025-10-28,25-34,Female,Mumbai,India,Enterprise,231.72
CUST-002999,Email,2025-10-28,25-34,Female,Mumbai,India,Premium,117.89
CUST-000584,Email,2025-10-28,35-44,Female,Mumbai,India,Free,14.65
CUST-000272,Email,2025-10-28,18-24,Female,Melbourne,Australia,Premium,100.05
CUST-001011,Email,2025-10-28,18-24,Female,Melbourne,Australia,Free,23.61
CUST-002915,TikTok,2025-10-29,25-34,Male,Austin,United States,Basic,44.45
CUST-002051,Email,2025-10-29,35-44,Other,Bengaluru,India,Basic,60.72
CUST-005856,Email,2025-10-29,25-34,Female,Delhi,India,Premium,135.73
CUST-004753,Email,2025-10-29,55+,Female,Montreal,Canada,Basic,52.07
CUST-000485,Email,2025-10-29,25-34,Male,Mumbai,India,Basic,45.11
CUST-002650,Organic,2025-10-29,25-34,Female,Manchester,United Kingdom,Enterprise,298.56
CUST-002367,TikTok,2025-10-29,35-44,Female,New York,United States,Free,28.18
CUST-004783,Affiliate,2025-10-29,18-24,Male,London,United Kingdom,Enterprise,342.4
CUST-001774,TikTok,2025-10-29,45-54,Male,Manchester,United Kingdom,Free,22.15
CUST-004763,Email,2025-10-30,25-34,Male,Los Angeles,United States,Enterprise,236.06
CUST-005903,Email,2025-10-30,25-34,Male,Delhi,India,Free,26.88
CUST-005373,Email,2025-10-30,35-44,Male,Birmingham,United Kingdom,Premium,108.97
CUST-005977,Email,2025-10-30,25-34,Female,Melbourne,Australia,Enterprise,239.28
CUST-002667,Organic,2025-10-30,25-34,Female,Pune,India,Basic,42.3
CUST-000358,Organic,2025-10-30,25-34,Male,Sydney,Australia,Basic,47.13
CUST-004915,Organic,2025-10-30,25-34,Female,Seattle,United States,Basic,49.97
CUST-005908,Email,2025-10-30,45-54,Female,Los Angeles,United States,Premium,86.57
CUST-004665,Email,2025-10-31,25-34,Female,Manchester,United Kingdom,Enterprise,181.43
CUST-005847,TikTok,2025-10-31,35-44,Other,Birmingham,United Kingdom,Free,28.67
CUST-001624,Email,2025-10-31,18-24,Male,Birmingham,United Kingdom,Free,25.24
CUST-004708,Email,2025-10-31,55+,Male,Sydney,Australia,Basic,30.61
CUST-001854,TikTok,2025-10-31,18-24,Other,Los Angeles,United States,Free,19.61
CUST-002956,TikTok,2025-10-31,25-34,Male,Melbourne,Australia,Basic,72.39
CUST-000367,Organic,2025-10-31,55+,Female,Melbourne,Australia,Basic,64.44
CUST-005893,Email,2025-11-01,18-24,Female,Delhi,India,Basic,49.49
CUST-005709,TikTok,2025-11-01,25-34,Female,Sydney,Australia,Free,10.82
CUST-001298,Email,2025-11-02,18-24,Male,Melbourne,Australia,Premium,58.95
CUST-003317,Email,2025-11-02,18-24,Female,New York,United States,Basic,64.19
CUST-003805,TikTok,2025-11-02,55+,Male,Austin,United States,Free,19.3
CUST-002340,Email,2025-11-02,18-24,Other,Birmingham,United Kingdom,Premium,96.18
CUST-004100,Email,2025-11-02,25-34,Male,Bengaluru,India,Basic,49.5
CUST-002684,Email,2025-11-02,35-44,Female,Sydney,Australia,Basic,31.67
CUST-001487,TikTok,2025-11-02,25-34,Female,Los Angeles,United States,Basic,58.74
CUST-004954,Instagram,2025-11-03,35-44,Male,Bengaluru,India,Free,26.32
CUST-005790,Email,2025-11-03,25-34,Female,Manchester,United Kingdom,Premium,108.3
CUST-000192,Email,2025-11-03,25-34,Male,New York,United States,Free,18.06
CUST-004834,Affiliate,2025-11-04,18-24,Male,Melbourne,Australia,Premium,105.41
CUST-001199,Affiliate,2025-11-04,35-44,Female,Vancouver,Canada,Premium,66.16
CUST-005379,Email,2025-11-04,35-44,Male,Toronto,Canada,Premium,108.44
CUST-005882,TikTok,2025-11-04,25-34,Female,Los Angeles,United States,Premium,105.32
CUST-005101,Organic,2025-11-04,45-54,Female,Seattle,United States,Enterprise,283.08
CUST-001165,TikTok,2025-11-04,45-54,Female,Birmingham,United Kingdom,Free,12.43
CUST-002137,TikTok,2025-11-04,35-44,Female,Pune,India,Free,21.51
CUST-001050,TikTok,2025-11-04,18-24,Male,Bengaluru,India,Free,23.7
CUST-001618,Email,2025-11-04,45-54,Male,Bengaluru,India,Premium,111.96
CUST-003400,Email,2025-11-04,18-24,Male,Sydney,Australia,Premium,90.52
CUST-003272,Email,2025-11-04,35-44,Male,Delhi,India,Free,24.62
CUST-004577,Email,2025-11-04,35-44,Female,Bengaluru,India,Basic,42.61
CUST-000818,Email,2025-11-05,35-44,Female,Los Angeles,United States,Basic,44.78
CUST-002961,Affiliate,2025-11-05,18-24,Female,Sydney,Australia,Enterprise,295.05
CUST-003462,Email,2025-11-05,45-54,Female,New York,United States,Basic,34.77
CUST-000894,Email,2025-11-05,55+,Male,Mumbai,India,Free,19.45
CUST-000866,Email,2025-11-05,25-34,Male,Manchester,United Kingdom,Free,20.67
CUST-004839,TikTok,2025-11-05,18-24,Male,Los Angeles,United States,Free,26.76
CUST-002729,Email,2025-11-05,45-54,Female,Mumbai,India,Premium,64.28
CUST-005251,Email,2025-11-06,25-34,Female,Sydney,Australia,Enterprise,123.68
CUST-004092,Email,2025-11-06,35-44,Male,Pune,India,Premium,136.5
CUST-005692,Email,2025-11-06,,Male,Austin,United States,Basic,40.44
CUST-005604,TikTok,2025-11-06,18-24,Male,Toronto,Canada,Basic,32.57
CUST-003555,Email,2025-11-06,25-34,Male,Vancouver,Canada,Basic,58.94
CUST-001981,Email,2025-11-06,35-44,Male,Seattle,United States,Basic,38.42
CUST-002937,TikTok,2025-11-07,55+,Female,Melbourne,Australia,Free,12.46
CUST-004399,Email,2025-11-07,35-44,Male,Austin,United States,Enterprise,196.27
CUST-005659,Email,2025-11-07,18-24,Female,New York,United States,Enterprise,238.87
CUST-002666,TikTok,2025-11-07,45-54,Female,Manchester,United Kingdom,Free,18.62
CUST-000381,Instagram,2025-11-07,45-54,Female,Sydney,Australia,Free,25.4
CUST-001828,TikTok,2025-11-08,18-24,Other,Birmingham,United Kingdom,Basic,57.32
CUST-000366,Email,2025-11-08,25-34,Female,Mumbai,India,Basic,67.74
CUST-005526,Email,2025-11-08,18-24,Female,Bengaluru,India,Premium,128.92
CUST-003487,TikTok,2025-11-08,25-34,Female,Chicago,United States,Basic,42.72
CUST-003181,Email,2025-11-08,18-24,Female,Austin,United States,Premium,57.58
CUST-003865,Email,2025-11-08,35-44,Female,Sydney,Australia,Enterprise,202.67
CUST-001530,Organic,2025-11-08,55+,Female,Delhi,India,Free,27.17
CUST-000094,Affiliate,2025-11-08,25-34,Female,Mumbai,India,Basic,29.22
CUST-004461,Email,2025-11-08,25-34,Male,Birmingham,United Kingdom,Premium,83.56
CUST-002664,TikTok,2025-11-08,25-34,Other,Melbourne,Australia,Premium,81.77
CUST-004882,Email,2025-11-09,25-34,Male,New York,United States,Premium,105.4
CUST-003217,Email,2025-11-09,25-34,Male,Toronto,Canada,Basic,45.37
CUST-002418,Email,2025-11-09,18-24,Male,Austin,United States,Premium,104.84
CUST-005958,TikTok,2025-11-09,35-44,Female,Mumbai,India,Free,22.61
CUST-004454,Email,2025-11-09,25-34,Male,Mumbai,India,Free,22.78
CUST-001728,Affiliate,2025-11-09,35-44,Male,New York,United States,Enterprise,284.15
CUST-000729,Organic,2025-11-09,35-44,Male,Birmingham,United Kingdom,Basic,56.89
CUST-002574,Email,2025-11-10,45-54,Male,Melbourne,Australia,Enterprise,245.1
CUST-000339,TikTok,2025-11-10,55+,Female,Mumbai,India,Premium,116.22
CUST-000043,Email,2025-11-10,25-34,Male,Sydney,Australia,Basic,70.47
CUST-004530,Email,2025-11-10,55+,Male,Austin,United States,Premium,85.2
CUST-005135,Email,2025-11-10,18-24,Male,London,United Kingdom,Basic,53.17
CUST-000214,Email,2025-11-10,25-34,Female,Vancouver,Canada,Premium,14.79
CUST-000100,TikTok,2025-11-10,55+,Female,New York,United States,Free,17.41
CUST-003033,Email,2025-11-11,18-24,Male,Vancouver,Canada,Basic,59.41
CUST-005576,TikTok,2025-11-11,18-24,Male,Austin,United States,Basic,40.52
CUST-001464,Instagram,2025-11-11,18-24,Female,London,United Kingdom,Premium,130.2
CUST-002759,Email,2025-11-11,18-24,Male,Seattle,United States,Basic,36.21
CUST-002161,Email,2025-11-11,35-44,Female,Vancouver,Canada,Free,22.7
CUST-001764,Email,2025-11-11,35-44,Female,Sydney,Australia,Premium,69.84
CUST-005885,Email,2025-11-11,18-24,Male,Austin,United States,Basic,44.19
CUST-002478,TikTok,2025-11-11,35-44,Male,Seattle,United States,Free,20.72
CUST-004838,Email,2025-11-11,45-54,Male,Pune,India,Basic,58.56
CUST-005904,Affiliate,2025-11-11,35-44,Male,Seattle,United States,Free,30.39
CUST-005096,TikTok,2025-11-11,55+,Female,Mumbai,India,Basic,51.52
CUST-002638,TikTok,2025-11-11,18-24,Female,Manchester,United Kingdom,Enterprise,234.23
CUST-002260,Instagram,2025-11-11,35-44,Female,Austin,United States,Premium,73.39
CUST-000447,Affiliate,2025-11-12,25-34,Female,Los Angeles,United States,Basic,22.37
CUST-001702,Email,2025-11-12,25-34,Female,Seattle,United States,Premium,132.23
CUST-001417,Email,2025-11-12,55+,Female,Mumbai,India,Free,13.6
CUST-002904,TikTok,2025-11-12,18-24,Female,Montreal,Canada,Free,19.76
CUST-001351,Email,2025-11-12,25-34,Female,Toronto,Canada,Basic,44.64
CUST-004113,TikTok,2025-11-12,25-34,Female,Bengaluru,India,Basic,53.76
CUST-003924,Email,2025-11-12,55+,Female,Mumbai,India,Basic,54.99
CUST-003092,Affiliate,2025-11-13,25-34,Male,Seattle,United States,Free,21.03
CUST-002938,Email,2025-11-13,18-24,Female,Melbourne,Australia,Premium,89.83
CUST-003278,Email,2025-11-13,35-44,Female,Pune,India,Free,26.07
CUST-004517,Instagram,2025-11-13,25-34,Female,Delhi,India,Enterprise,218.17
CUST-002230,Email,2025-11-13,25-34,Male,Sydney,Australia,Enterprise,293.43
CUST-005597,Email,2025-11-13,35-44,Male,Mumbai,India,Premium,86.79
CUST-005366,Affiliate,2025-11-13,18-24,Female,Chicago,United States,Premium,117.25
CUST-005209,Organic,2025-11-14,18-24,Male,Austin,United States,Free,31.36
CUST-000154,Email,2025-11-15,35-44,Female,Seattle,United States,Premium,60.97
CUST-001585,Email,2025-11-15,45-54,Female,Toronto,Canada,Premium,82.51
CUST-002551,Email,2025-11-15,25-34,Male,Sydney,Australia,Free,17.6
CUST-004043,Email,2025-11-15,45-54,Male,Montreal,Canada,Free,20.63
CUST-004752,Email,2025-11-15,18-24,Female,Toronto,Canada,Free,28.36
CUST-005661,Affiliate,2025-11-15,35-44,Male,Austin,United States,Free,22.86
CUST-001910,TikTok,2025-11-15,35-44,Female,London,United Kingdom,Basic,46.05
CUST-005296,Email,2025-11-15,25-34,Female,Seattle,United States,Free,26.49
CUST-000419,TikTok,2025-11-15,35-44,Male,Seattle,United States,Free,13.86
CUST-001802,Email,2025-11-15,25-34,Female,Austin,United States,Free,24.41
CUST-000460,Organic,2025-11-15,35-44,Female,Birmingham,United Kingdom,Basic,55.45
CUST-002831,Instagram,2025-11-15,18-24,Other,New York,United States,Free,17.43
CUST-001918,Email,2025-11-16,18-24,Male,Vancouver,Canada,Enterprise,202.98
CUST-000452,Email,2025-11-16,45-54,Female,Manchester,United Kingdom,Enterprise,244.12
CUST-004728,Instagram,2025-11-16,18-24,Male,New York,United States,Free,31.32
CUST-001329,Organic,2025-11-16,25-34,Female,Birmingham,United Kingdom,Free,12.42
CUST-005476,Email,2025-11-16,45-54,Male,Chicago,United States,Basic,57.99
CUST-005782,Organic,2025-11-16,55+,Female,Bengaluru,India,Basic,71.53
CUST-000347,Email,2025-11-16,18-24,Female,Montreal,Canada,Enterprise,145.31
CUST-003610,Email,2025-11-16,25-34,Female,Mumbai,India,Free,19.92
CUST-005338,TikTok,2025-11-16,25-34,Male,Pune,India,Basic,65.61
CUST-004264,Affiliate,2025-11-16,18-24,Male,New York,United States,Basic,53.15
CUST-004934,Email,2025-11-16,35-44,Male,Manchester,United Kingdom,Premium,80.87
CUST-002240,TikTok,2025-11-17,35-44,Male,Sydney,Australia,Free,16.63
CUST-000482,Email,2025-11-17,35-44,Female,Austin,United States,Enterprise,283.74
CUST-000670,Instagram,2025-11-17,25-34,Female,London,United Kingdom,Enterprise,162.96
CUST-002268,Email,2025-11-17,25-34,Male,Chicago,United States,Free,25.3
CUST-005775,Email,2025-11-17,25-34,Male,Manchester,United Kingdom,Basic,58.57
CUST-003818,TikTok,2025-11-17,45-54,Male,Seattle,United States,Free,24.64
CUST-005573,Email,2025-11-18,18-24,Male,Los Angeles,United States,Free,22.67
CUST-001472,Email,2025-11-18,35-44,Female,Austin,United States,Premium,45.87
CUST-003210,Email,2025-11-18,35-44,Female,Chicago,United States,Basic,28.02
CUST-001221,TikTok,2025-11-18,25-34,Female,Montreal,Canada,Free,23.37
CUST-001791,Email,2025-11-18,25-34,Male,Mumbai,India,Premium,104.43
CUST-002973,Email,2025-11-19,25-34,Male,Delhi,India,Basic,32.01
CUST-002024,Email,2025-11-19,25-34,Male,London,United Kingdom,Free,22.4
CUST-003746,Affiliate,2025-11-19,55+,Female,Mumbai,India,Basic,34.49
CUST-002896,Instagram,2025-11-20,45-54,Male,Los Angeles,United States,Basic,58.08
CUST-001155,Email,2025-11-20,45-54,Male,Seattle,United States,Premium,74.11
CUST-003109,TikTok,2025-11-20,35-44,Male,Pune,India,Premium,84.04
CUST-004521,Email,2025-11-20,35-44,Female,Mumbai,India,Basic,19.28
CUST-003529,Email,2025-11-21,45-54,Other,New York,United States,Premium,62.44
CUST-004680,Email,2025-11-21,18-24,Female,London,United Kingdom,Free,22.92
CUST-005988,Email,2025-11-21,45-54,Male,Toronto,Canada,Premium,97.92
CUST-001315,Email,2025-11-21,35-44,Female,Vancouver,Canada,Premium,50.78
CUST-003011,Email,2025-11-21,18-24,Female,Montreal,Canada,Basic,46.29
CUST-004391,Affiliate,2025-11-21,55+,Female,Melbourne,Australia,Basic,69.86
CUST-000816,Email,2025-11-21,35-44,Female,Vancouver,Canada,Basic,46.55
CUST-003774,Email,2025-11-21,25-34,Male,Seattle,United States,Premium,98.34
CUST-003059,Email,2025-11-21,35-44,Female,Montreal,Canada,Premium,131.0
CUST-005434,TikTok,2025-11-22,25-34,Male,Los Angeles,United States,Free,23.24
CUST-004619,Email,2025-11-22,25-34,Female,Los Angeles,United States,Premium,102.8
CUST-003970,Organic,2025-11-22,35-44,Female,Chicago,United States,Enterprise,228.24
CUST-004549,Email,2025-11-22,18-24,Male,Birmingham,United Kingdom,Enterprise,214.63
CUST-002342,Instagram,2025-11-22,25-34,Male,Montreal,Canada,Free,21.59
CUST-005718,Instagram,2025-11-22,25-34,Male,Delhi,India,Enterprise,204.4
CUST-004760,Email,2025-11-23,45-54,Male,New York,United States,Basic,54.37
CUST-003665,Email,2025-11-23,35-44,Male,Chicago,United States,Free,19.75
CUST-001605,Instagram,2025-11-23,45-54,Male,Los Angeles,United States,Basic,45.71
CUST-001355,Email,2025-11-23,55+,Female,Birmingham,United Kingdom,Premium,135.16
CUST-001455,Email,2025-11-23,25-34,Male,Melbourne,Australia,Free,30.76
CUST-004139,Organic,2025-11-23,18-24,Female,Los Angeles,United States,Premium,60.58
CUST-000279,Email,2025-11-23,35-44,Male,Austin,United States,Free,29.51
CUST-000387,TikTok,2025-11-24,18-24,Female,Melbourne,Australia,Basic,40.45
CUST-001456,Affiliate,2025-11-24,55+,Male,Delhi,India,Free,24.57
CUST-004170,Email,2025-11-24,45-54,Female,New York,United States,Basic,42.03
CUST-005556,Email,2025-11-24,55+,Female,Delhi,India,Basic,55.64
CUST-000286,Email,2025-11-24,18-24,Other,New York,United States,Basic,58.07
CUST-002936,Instagram,2025-11-24,25-34,Male,New York,United States,Basic,59.87
CUST-005319,Email,2025-11-24,35-44,Female,Chicago,United States,Premium,88.96
CUST-003042,Email,2025-11-24,45-54,Male,Pune,India,Basic,40.54
CUST-003055,Email,2025-11-24,45-54,Female,Toronto,Canada,Premium,97.88
CUST-005826,Email,2025-11-25,35-44,Female,Vancouver,Canada,Basic,50.51
CUST-005575,Email,2025-11-25,45-54,Female,Chicago,United States,Free,32.24
CUST-002022,Email,2025-11-25,25-34,Female,Birmingham,United Kingdom,Free,29.49
CUST-001663,TikTok,2025-11-25,35-44,Female,New York,United States,Basic,65.96
CUST-005088,TikTok,2025-11-25,35-44,Female,Los Angeles,United States,Free,31.83
CUST-000867,Email,2025-11-25,55+,Male,Mumbai,India,Enterprise,182.37
CUST-000525,Email,2025-11-25,25-34,Male,New York,United States,Basic,49.09
CUST-001447,Email,2025-11-25,35-44,Female,New York,United States,Premium,83.78
CUST-005271,Email,2025-11-25,25-34,Female,Seattle,United States,Basic,52.38
CUST-000804,Email,2025-11-26,55+,Female,Bengaluru,India,Free,14.88
CUST-000831,Email,2025-11-26,35-44,Male,Bengaluru,India,Premium,104.21
CUST-004029,Email,2025-11-26,55+,Female,Sydney,Australia,Basic,57.0
CUST-002189,Email,2025-11-26,25-34,Female,Chicago,United States,Enterprise,215.93
CUST-000560,Email,2025-11-26,45-54,Male,New York,United States,Premium,105.96
CUST-004365,Email,2025-11-26,45-54,Female,Seattle,United States,Basic,40.49
CUST-005200,Email,2025-11-27,45-54,Female,Los Angeles,United States,Basic,54.08
CUST-000532,Email,2025-11-27,18-24,Female,New York,United States,Premium,112.53
CUST-002066,Affiliate,2025-11-27,25-34,Male,London,United Kingdom,Premium,89.9
CUST-005824,Email,2025-11-27,18-24,Male,Pune,India,Basic,57.42
CUST-000916,Email,2025-11-27,55+,Male,Vancouver,Canada,Basic,47.83
CUST-003797,Email,2025-11-27,45-54,Female,Delhi,India,Free,23.3
CUST-000101,Email,2025-11-28,35-44,Male,Manchester,United Kingdom,Free,17.82
CUST-005996,Email,2025-11-28,35-44,Female,Montreal,Canada,Premium,73.03
CUST-004765,Email,2025-11-28,55+,Female,Los Angeles,United States,Enterprise,145.69
CUST-000227,Email,2025-11-28,25-34,Female,London,United Kingdom,Basic,46.14
CUST-000432,Email,2025-11-28,35-44,Male,Montreal,Canada,Basic,43.1
CUST-001694,Email,2025-11-29,25-34,Female,London,United Kingdom,Premium,100.29
CUST-001418,Email,2025-11-29,18-24,Male,Pune,India,Premium,108.18
CUST-001131,Email,2025-11-29,35-44,Female,Los Angeles,United States,Premium,96.27
CUST-001842,Email,2025-11-29,18-24,Male,Bengaluru,India,Premium,91.0
CUST-001247,Email,2025-11-29,45-54,Male,London,United Kingdom,Basic,52.39
CUST-004993,Email,2025-11-29,45-54,Male,Delhi,India,Basic,45.05
CUST-003964,Email,2025-11-29,18-24,Male,Austin,United States,Premium,80.53
CUST-003759,Organic,2025-11-30,25-34,Male,Chicago,United States,Premium,68.67
CUST-004061,TikTok,2025-11-30,35-44,Male,Birmingham,United Kingdom,Basic,39.09
CUST-000546,Email,2025-11-30,25-34,Female,Melbourne,Australia,Basic,37.66
CUST-000400,Email,2025-11-30,18-24,Male,Delhi,India,Basic,66.81
CUST-002882,Email,2025-11-30,35-44,Female,Chicago,United States,Free,18.77
CUST-000225,Email,2025-11-30,18-24,Male,Sydney,Australia,Free,29.06
CUST-000888,Email,2025-11-30,18-24,Male,Bengaluru,India,Basic,71.3
CUST-001378,TikTok,2025-11-30,18-24,Female,Vancouver,Canada,Premium,85.08
CUST-003290,Email,2025-12-01,45-54,Male,New York,United States,Basic,45.27
CUST-004155,Email,2025-12-01,55+,Male,Chicago,United States,Enterprise,139.27
CUST-001969,Email,2025-12-02,25-34,Female,Sydney,Australia,Free,20.86
CUST-001299,Email,2025-12-02,18-24,Female,Seattle,United States,Premium,75.24
CUST-002578,Email,2025-12-02,18-24,Male,Pune,India,Basic,65.06
CUST-000470,Email,2025-12-02,18-24,Female,Bengaluru,India,Basic,58.0
CUST-002608,Email,2025-12-02,25-34,Male,Los Angeles,United States,Free,21.86
CUST-000679,Email,2025-12-02,35-44,Female,Toronto,Canada,Enterprise,248.26
CUST-005221,Email,2025-12-02,25-34,Male,Austin,United States,Basic,68.52
CUST-000494,Email,2025-12-03,18-24,Male,Delhi,India,Free,26.55
CUST-002391,Email,2025-12-03,25-34,Female,Pune,India,Basic,24.95
CUST-004950,Affiliate,2025-12-03,18-24,Male,Manchester,United Kingdom,Premium,55.06
CUST-003607,Email,2025-12-03,55+,Female,Delhi,India,Premium,87.98
CUST-005176,Email,2025-12-03,45-54,Male,Seattle,United States,Free,23.51
CUST-001963,Email,2025-12-03,25-34,Male,New York,United States,Premium,88.86
CUST-002170,Email,2025-12-03,25-34,Female,Manchester,United Kingdom,Basic,57.72
CUST-005377,Email,2025-12-03,25-34,Female,Seattle,United States,Premium,103.88
CUST-001635,Email,2025-12-04,35-44,Other,Sydney,Australia,Premium,131.09
CUST-000183,Email,2025-12-04,45-54,Female,Pune,India,Premium,105.53
CUST-002481,TikTok,2025-12-04,25-34,Female,Toronto,Canada,Free,21.0
CUST-002660,Email,2025-12-04,35-44,Female,Seattle,United States,Basic,52.67
CUST-005730,Email,2025-12-04,35-44,Female,Vancouver,Canada,Basic,38.91
CUST-002872,Email,2025-12-04,18-24,Male,Birmingham,United Kingdom,Basic,29.99
CUST-003026,Email,2025-12-04,35-44,Female,Mumbai,India,Enterprise,229.63
CUST-001966,TikTok,2025-12-04,25-34,Male,Austin,United States,Premium,96.28
CUST-001461,Affiliate,2025-12-04,35-44,Female,Delhi,India,Premium,60.2
CUST-001381,Email,2025-12-04,35-44,Female,Seattle,United States,Premium,90.92
CUST-005375,Email,2025-12-04,35-44,Female,Toronto,Canada,Premium,120.01
CUST-002982,Email,2025-12-05,55+,Female,Sydney,Australia,Free,24.38
CUST-000873,Affiliate,2025-12-05,35-44,Male,Austin,United States,Premium,83.04
CUST-003021,Email,2025-12-05,35-44,Female,Montreal,Canada,Free,16.07
CUST-000622,Email,2025-12-06,18-24,Female,Toronto,Canada,Free,10.34
CUST-001845,Email,2025-12-06,25-34,Male,Los Angeles,United States,Free,20.35
CUST-004647,Organic,2025-12-06,45-54,Female,Toronto,Canada,Premium,69.76
CUST-003283,Organic,2025-12-07,35-44,Male,Mumbai,India,Premium,80.61
CUST-001782,Affiliate,2025-12-07,35-44,Male,Chicago,United States,Free,24.05
CUST-004711,Email,2025-12-07,55+,Male,Seattle,United States,Premium,115.85
CUST-002597,Email,2025-12-07,35-44,Female,Seattle,United States,Basic,65.14
CUST-002957,Affiliate,2025-12-07,35-44,Male,New York,United States,Premium,74.3
CUST-003177,Email,2025-12-08,18-24,Male,Manchester,United Kingdom,Basic,64.89
CUST-000248,Organic,2025-12-08,45-54,Male,Austin,United States,Enterprise,282.96
CUST-001187,Affiliate,2025-12-08,25-34,Female,Sydney,Australia,Basic,34.67
CUST-000292,Email,2025-12-08,35-44,Male,Los Angeles,United States,Free,31.8
CUST-004356,TikTok,2025-12-08,45-54,Female,Los Angeles,United States,Free,26.72
CUST-004280,Email,2025-12-08,18-24,Female,Pune,India,Basic,37.79
CUST-001492,Email,2025-12-09,45-54,Male,Birmingham,United Kingdom,Basic,41.72
CUST-005004,Email,2025-12-09,18-24,Female,Los Angeles,United States,Basic,39.64
CUST-005437,Email,2025-12-09,25-34,Male,London,United Kingdom,Basic,19.96
CUST-005341,Email,2025-12-10,35-44,Female,New York,United States,Basic,56.16
CUST-002360,Email,2025-12-10,18-24,Female,London,United Kingdom,Enterprise,279.46
CUST-003084,Email,2025-12-10,18-24,Female,Manchester,United Kingdom,Premium,112.81
CUST-001442,Email,2025-12-10,55+,Male,Melbourne,Australia,Basic,54.51
CUST-002068,TikTok,2025-12-10,55+,Female,New York,United States,Free,17.68
CUST-005141,Email,2025-12-10,35-44,Female,New York,United States,Basic,44.65
CUST-004817,Email,2025-12-10,55+,Male,Seattle,United States,Premium,99.59
CUST-000142,Email,2025-12-10,18-24,Male,Pune,India,Free,17.64
CUST-005693,TikTok,2025-12-10,25-34,Female,Los Angeles,United States,Premium,127.95
CUST-001823,Email,2025-12-10,45-54,Female,Delhi,India,Premium,106.78
CUST-005672,Email,2025-12-10,18-24,Female,New York,United States,Enterprise,343.71
CUST-001668,Email,2025-12-11,25-34,Female,Pune,India,Premium,116.07
CUST-003572,Email,2025-12-11,25-34,Female,Chicago,United States,Basic,52.57
CUST-003279,Email,2025-12-11,35-44,Female,Austin,United States,Free,27.71
CUST-005615,Email,2025-12-12,25-34,Male,Seattle,United States,Free,18.68
CUST-005021,Email,2025-12-12,55+,Male,Pune,India,Free,14.35
CUST-001479,Email,2025-12-12,35-44,Female,Manchester,United Kingdom,Free,24.48
CUST-003594,Email,2025-12-12,35-44,Female,New York,United States,Free,21.8
CUST-003880,Email,2025-12-13,25-34,Female,Los Angeles,United States,Premium,74.23
CUST-005124,Email,2025-12-13,35-44,Female,New York,United States,Free,27.36
CUST-002290,Email,2025-12-14,25-34,Male,Sydney,Australia,Basic,44.84
CUST-003756,Email,2025-12-14,35-44,Male,Vancouver,Canada,Premium,104.21
CUST-000232,Email,2025-12-14,25-34,Female,Vancouver,Canada,Basic,75.17
CUST-001890,Email,2025-12-14,25-34,Male,Melbourne,Australia,Basic,37.29
CUST-000735,Email,2025-12-14,35-44,Female,Seattle,United States,Premium,63.87
CUST-004042,Email,2025-12-15,25-34,Male,Pune,India,Premium,128.78
CUST-002535,Email,2025-12-15,25-34,Male,Pune,India,Free,32.14
CUST-001009,Email,2025-12-15,35-44,Male,Seattle,United States,Free,30.69
CUST-002413,Email,2025-12-15,55+,Female,Melbourne,Australia,Free,24.27
CUST-001055,Affiliate,2025-12-15,55+,Male,New York,United States,Premium,49.68
CUST-005407,TikTok,2025-12-15,25-34,Female,Los Angeles,United States,Free,25.79
CUST-005947,Email,2025-12-16,35-44,Male,Austin,United States,Enterprise,278.2
CUST-005632,Email,2025-12-16,18-24,Male,Manchester,United Kingdom,Basic,70.43
CUST-005510,TikTok,2025-12-16,35-44,Other,Bengaluru,India,Free,16.03
CUST-005963,Email,2025-12-16,45-54,Female,Austin,United States,Basic,44.38
CUST-004060,Email,2025-12-16,45-54,Male,Sydney,Australia,Premium,99.75
CUST-003431,Email,2025-12-17,25-34,Female,Seattle,United States,Enterprise,197.13
CUST-000471,Email,2025-12-17,18-24,Male,Toronto,Canada,Premium,88.89
CUST-003335,Email,2025-12-17,55+,Male,Delhi,India,Basic,39.94
CUST-004480,Affiliate,2025-12-17,25-34,Male,Montreal,Canada,Free,20.69
CUST-001893,Email,2025-12-17,55+,Male,Toronto,Canada,Premium,83.04
CUST-001051,TikTok,2025-12-17,45-54,Male,Austin,United States,Free,22.99
CUST-003116,Email,2025-12-18,55+,Female,Chicago,United States,Premium,105.76
CUST-003537,Email,2025-12-18,55+,Male,Manchester,United Kingdom,Premium,72.27
CUST-005274,Email,2025-12-18,18-24,Male,Mumbai,India,Premium,106.28
CUST-002186,Email,2025-12-18,55+,Female,Bengaluru,India,Premium,104.34
CUST-003593,Email,2025-12-18,55+,Female,Pune,India,Basic,55.31
CUST-004237,Email,2025-12-19,18-24,Male,Mumbai,India,Basic,42.01
CUST-001310,Email,2025-12-19,18-24,Female,Birmingham,United Kingdom,Basic,48.43
CUST-000493,Email,2025-12-19,18-24,Female,Melbourne,Australia,Premium,103.03
CUST-001397,Email,2025-12-19,35-44,Male,Manchester,United Kingdom,Premium,105.84
CUST-002303,Email,2025-12-19,18-24,Female,London,United Kingdom,Premium,131.21
CUST-002281,Email,2025-12-19,55+,Female,Los Angeles,United States,Basic,37.3
CUST-001747,Email,2025-12-19,25-34,Male,Bengaluru,India,Basic,43.07
CUST-005408,Email,2025-12-19,35-44,Male,Bengaluru,India,Premium,85.05
CUST-003323,Email,2025-12-20,18-24,Male,Delhi,India,Premium,105.59
CUST-002776,Email,2025-12-20,25-34,Male,Seattle,United States,Basic,39.52
CUST-001563,Email,2025-12-20,45-54,Female,New York,United States,Free,28.27
CUST-003625,TikTok,2025-12-20,45-54,Male,New York,United States,Basic,30.36
CUST-005825,Email,2025-12-20,25-34,Female,Bengaluru,India,Premium,84.43
CUST-005242,Email,2025-12-20,35-44,Male,Mumbai,India,Basic,42.07
CUST-001544,Email,2025-12-21,35-44,Female,Manchester,United Kingdom,Free,23.46
CUST-003675,Email,2025-12-21,45-54,Female,Sydney,Australia,Premium,114.9
CUST-000508,Email,2025-12-21,35-44,Male,London,United Kingdom,Basic,63.38
CUST-004601,Email,2025-12-21,18-24,Male,Manchester,United Kingdom,Premium,85.8
CUST-000276,Email,2025-12-21,18-24,Male,Austin,United States,Premium,96.4
CUST-005430,TikTok,2025-12-21,45-54,Female,Chicago,United States,Premium,119.05
CUST-000791,TikTok,2025-12-22,25-34,Female,London,United Kingdom,Premium,76.59
CUST-005463,Email,2025-12-22,55+,Male,Los Angeles,United States,Premium,57.69
CUST-001194,Affiliate,2025-12-22,55+,Female,Austin,United States,Basic,40.27
CUST-000162,Email,2025-12-23,35-44,Male,Delhi,India,Enterprise,237.0
CUST-001867,Email,2025-12-23,25-34,Male,Sydney,Australia,Premium,131.92
CUST-002315,Email,2025-12-23,25-34,Female,Chicago,United States,Basic,29.8
CUST-003976,Email,2025-12-23,45-54,Male,London,United Kingdom,Free,26.29
CUST-002511,Email,2025-12-24,35-44,Female,Sydney,Australia,Basic,43.58
CUST-005828,Email,2025-12-24,35-44,Female,Seattle,United States,Premium,100.83
CUST-004808,Email,2025-12-24,25-34,Male,Mumbai,India,Enterprise,234.04
CUST-002755,Email,2025-12-25,18-24,Female,Chicago,United States,Basic,32.71
CUST-004741,Email,2025-12-25,25-34,Female,Pune,India,Basic,49.19
CUST-005912,Email,2025-12-25,25-34,Female,Montreal,Canada,Basic,61.72
CUST-003458,Email,2025-12-25,45-54,Female,Melbourne,Australia,Premium,91.21
CUST-000635,Email,2025-12-25,18-24,Male,Austin,United States,Premium,93.87
CUST-003248,Email,2025-12-25,55+,Female,Austin,United States,Free,22.84
CUST-000429,Email,2025-12-25,18-24,Male,Chicago,United States,Free,19.14
CUST-005328,TikTok,2025-12-26,18-24,Female,Mumbai,India,Basic,48.3
CUST-003604,Affiliate,2025-12-27,35-44,Male,Chicago,United States,Free,20.84
CUST-002732,Affiliate,2025-12-28,18-24,Male,Seattle,United States,Premium,73.75
CUST-005878,TikTok,2025-12-29,25-34,Male,Los Angeles,United States,Free,20.23
CUST-005299,Affiliate,2025-12-29,25-34,Male,Pune,India,Enterprise,230.27
CUST-002167,TikTok,2025-12-29,55+,Female,Mumbai,India,Basic,74.07
CUST-004348,TikTok,2025-12-30,35-44,Male,Pune,India,Free,28.3
CUST-003085,TikTok,2025-12-30,18-24,Female,Melbourne,Australia,Free,18.55
CUST-001982,TikTok,2025-12-30,25-34,Female,Seattle,United States,Free,14.16
